date,country,storage_twh,fill_pct,gas_year
2016-01-01,BE,5.0153,57.46,2016
2016-01-02,BE,5.0028,57.26,2016
2016-01-03,BE,5.0408,57.08,2016
2016-01-04,BE,4.9827,56.23,2016
2016-01-05,BE,4.947,55.84,2016
2016-01-06,BE,4.9276,55.58,2016
2016-01-07,BE,4.9202,55.54,2016
2016-01-08,BE,4.9126,55.41,2016
2016-01-09,BE,4.9115,55.37,2016
2016-01-10,BE,4.9097,55.35,2016
2016-01-11,BE,4.8983,55.21,2016
2016-01-12,BE,4.8777,54.98,2016
2016-01-13,BE,4.8242,54.41,2016
2016-01-14,BE,4.7442,53.49,2016
2016-01-15,BE,4.6401,52.31,2016
2016-01-16,BE,4.6063,51.9,2016
2016-01-17,BE,4.5406,51.17,2016
2016-01-18,BE,4.4482,50.13,2016
2016-01-19,BE,4.3475,49.0,2016
2016-01-20,BE,4.253,47.92,2016
2016-01-21,BE,4.1602,46.87,2016
2016-01-22,BE,4.0812,45.98,2016
2016-01-23,BE,4.0179,45.26,2016
2016-01-24,BE,3.9917,44.96,2016
2016-01-25,BE,3.9636,44.65,2016
2016-01-26,BE,3.9279,44.26,2016
2016-01-27,BE,3.8868,43.8,2016
2016-01-28,BE,3.8254,43.11,2016
2016-01-29,BE,3.7715,42.5,2016
2016-01-30,BE,3.7279,42.0,2016
2016-01-31,BE,3.6785,41.45,2016
2016-02-01,BE,3.6273,40.87,2016
2016-02-02,BE,3.6031,40.6,2016
2016-02-03,BE,3.5286,39.76,2016
2016-02-04,BE,3.473,39.14,2016
2016-02-05,BE,3.4384,38.74,2016
2016-02-06,BE,3.4161,38.49,2016
2016-02-07,BE,3.3474,37.72,2016
2016-02-08,BE,3.2839,37.0,2016
2016-02-09,BE,3.2266,36.36,2016
2016-02-10,BE,3.1668,35.68,2016
2016-02-11,BE,3.0849,34.75,2016
2016-02-12,BE,3.0113,33.92,2016
2016-02-13,BE,2.9392,33.11,2016
2016-02-14,BE,2.8732,32.37,2016
2016-02-15,BE,2.7654,31.15,2016
2016-02-16,BE,2.6735,30.12,2016
2016-02-17,BE,2.59,29.18,2016
2016-02-18,BE,2.4968,28.13,2016
2016-02-19,BE,2.4041,27.08,2016
2016-02-20,BE,2.377,26.78,2016
2016-02-21,BE,2.3452,26.42,2016
2016-02-22,BE,2.3339,26.29,2016
2016-02-23,BE,2.2859,25.76,2016
2016-02-24,BE,2.2279,25.11,2016
2016-02-25,BE,2.1866,24.64,2016
2016-02-26,BE,2.1439,24.16,2016
2016-02-27,BE,2.1178,23.86,2016
2016-02-28,BE,2.0894,23.54,2016
2016-02-29,BE,2.0384,22.97,2016
2016-03-01,BE,2.0013,22.55,2016
2016-03-02,BE,1.9697,22.19,2016
2016-03-03,BE,1.9177,21.61,2016
2016-03-04,BE,1.8805,21.19,2016
2016-03-05,BE,1.8565,20.92,2016
2016-03-06,BE,1.8511,20.86,2016
2016-03-07,BE,1.8219,20.53,2016
2016-03-08,BE,1.7843,20.11,2016
2016-03-09,BE,1.7457,19.67,2016
2016-03-10,BE,1.713,19.31,2016
2016-03-11,BE,1.6714,18.84,2016
2016-03-12,BE,1.6752,18.88,2016
2016-03-13,BE,1.672,18.84,2016
2016-03-14,BE,1.646,18.55,2016
2016-03-15,BE,1.6226,18.28,2016
2016-03-16,BE,1.5726,17.72,2016
2016-03-17,BE,1.5355,17.3,2016
2016-03-18,BE,1.4956,16.85,2016
2016-03-19,BE,1.4839,16.72,2016
2016-03-20,BE,1.4741,16.6,2016
2016-03-21,BE,1.4483,16.32,2016
2016-03-22,BE,1.4434,16.26,2016
2016-03-23,BE,1.4436,16.27,2016
2016-03-24,BE,1.429,16.1,2016
2016-03-25,BE,1.4311,16.31,2016
2016-03-26,BE,1.446,16.59,2016
2016-03-27,BE,1.4722,16.91,2016
2016-03-28,BE,1.5026,17.17,2016
2016-03-29,BE,1.5219,17.38,2016
2016-03-30,BE,1.5687,17.68,2016
2016-03-31,BE,1.5654,17.63,2016
2016-04-01,BE,1.559,17.56,2016
2016-04-02,BE,1.561,17.58,2016
2016-04-03,BE,1.5772,17.99,2016
2016-04-04,BE,1.5772,17.99,2016
2016-04-05,BE,1.5772,17.99,2016
2016-04-06,BE,1.5229,16.92,2016
2016-04-07,BE,1.5196,16.88,2016
2016-04-08,BE,1.5237,16.93,2016
2016-04-09,BE,1.5467,17.18,2016
2016-04-10,BE,1.584,17.6,2016
2016-04-11,BE,1.6213,18.01,2016
2016-04-12,BE,1.6356,18.17,2016
2016-04-13,BE,1.656,18.4,2016
2016-04-14,BE,1.6763,18.62,2016
2016-04-15,BE,1.6284,18.09,2016
2016-04-16,BE,1.6523,18.36,2016
2016-04-17,BE,1.6794,18.66,2016
2016-04-18,BE,1.6388,18.21,2016
2016-04-19,BE,1.5982,17.76,2016
2016-04-20,BE,1.6649,18.5,2016
2016-04-21,BE,1.6625,18.47,2016
2016-04-22,BE,1.6768,18.63,2016
2016-04-23,BE,1.6951,18.83,2016
2016-04-24,BE,1.7051,18.94,2016
2016-04-25,BE,1.6731,18.59,2016
2016-04-26,BE,1.6165,17.96,2016
2016-04-27,BE,1.5727,17.47,2016
2016-04-28,BE,1.5183,16.87,2016
2016-04-29,BE,1.4755,16.39,2016
2016-04-30,BE,1.4977,16.64,2016
2016-05-01,BE,1.5068,16.74,2016
2016-05-02,BE,1.5251,16.94,2016
2016-05-03,BE,1.5349,17.05,2016
2016-05-04,BE,1.5767,17.52,2016
2016-05-05,BE,1.6197,17.99,2016
2016-05-06,BE,1.6653,18.5,2016
2016-05-07,BE,1.7082,18.98,2016
2016-05-08,BE,1.7538,19.48,2016
2016-05-09,BE,1.8019,20.02,2016
2016-05-10,BE,1.8685,20.76,2016
2016-05-11,BE,1.92,21.33,2016
2016-05-12,BE,1.9786,21.98,2016
2016-05-13,BE,2.0276,22.53,2016
2016-05-14,BE,2.0736,23.04,2016
2016-05-15,BE,2.1184,23.53,2016
2016-05-16,BE,2.1551,23.94,2016
2016-05-17,BE,2.1883,24.31,2016
2016-05-18,BE,2.2416,24.9,2016
2016-05-19,BE,2.2884,25.42,2016
2016-05-20,BE,2.3326,25.91,2016
2016-05-21,BE,2.3818,26.46,2016
2016-05-22,BE,2.4255,26.95,2016
2016-05-23,BE,2.4651,27.39,2016
2016-05-24,BE,2.5116,27.9,2016
2016-05-25,BE,2.5574,28.41,2016
2016-05-26,BE,2.6119,29.02,2016
2016-05-27,BE,2.6535,29.48,2016
2016-05-28,BE,2.688,29.86,2016
2016-05-29,BE,2.7469,30.52,2016
2016-05-30,BE,2.7301,30.33,2016
2016-05-31,BE,2.7479,30.53,2016
2016-06-01,BE,2.7438,30.48,2016
2016-06-02,BE,2.7141,30.15,2016
2016-06-03,BE,2.7025,30.02,2016
2016-06-04,BE,2.6852,29.83,2016
2016-06-05,BE,2.6885,29.87,2016
2016-06-06,BE,2.7247,30.27,2016
2016-06-07,BE,2.7326,30.36,2016
2016-06-08,BE,2.7544,30.6,2016
2016-06-09,BE,2.8048,31.16,2016
2016-06-10,BE,2.7935,31.03,2016
2016-06-11,BE,2.8109,31.23,2016
2016-06-12,BE,2.8421,31.57,2016
2016-06-13,BE,2.8515,31.68,2016
2016-06-14,BE,2.879,31.98,2016
2016-06-15,BE,2.9292,32.54,2016
2016-06-16,BE,2.9668,32.96,2016
2016-06-17,BE,2.9678,32.97,2016
2016-06-18,BE,3.0113,33.45,2016
2016-06-19,BE,3.0549,33.94,2016
2016-06-20,BE,3.0917,34.35,2016
2016-06-21,BE,3.1029,34.47,2016
2016-06-22,BE,3.1123,34.58,2016
2016-06-23,BE,3.1538,35.04,2016
2016-06-24,BE,3.1982,35.53,2016
2016-06-25,BE,3.2302,35.89,2016
2016-06-26,BE,3.2498,36.1,2016
2016-06-27,BE,3.2638,36.26,2016
2016-06-28,BE,3.2876,36.52,2016
2016-06-29,BE,3.3173,36.85,2016
2016-06-30,BE,3.3399,37.1,2016
2016-07-01,BE,3.3819,37.57,2016
2016-07-02,BE,3.4216,38.01,2016
2016-07-03,BE,3.4418,38.24,2016
2016-07-04,BE,3.4635,38.48,2016
2016-07-05,BE,3.4621,38.46,2016
2016-07-06,BE,3.5065,38.96,2016
2016-07-07,BE,3.5311,39.23,2016
2016-07-08,BE,3.5521,39.46,2016
2016-07-09,BE,3.6138,40.15,2016
2016-07-10,BE,3.6732,40.81,2016
2016-07-11,BE,3.7288,41.42,2016
2016-07-12,BE,3.7737,41.92,2016
2016-07-13,BE,3.8272,42.52,2016
2016-07-14,BE,3.8892,43.21,2016
2016-07-15,BE,3.9692,44.1,2016
2016-07-16,BE,4.0285,44.75,2016
2016-07-17,BE,4.0902,45.44,2016
2016-07-18,BE,4.1393,45.99,2016
2016-07-19,BE,4.199,46.65,2016
2016-07-20,BE,4.2443,47.15,2016
2016-07-21,BE,4.306,47.84,2016
2016-07-22,BE,4.3699,48.55,2016
2016-07-23,BE,4.4313,49.23,2016
2016-07-24,BE,4.491,49.89,2016
2016-07-25,BE,4.5504,50.55,2016
2016-07-26,BE,4.6104,51.22,2016
2016-07-27,BE,4.6713,51.9,2016
2016-07-28,BE,4.7317,52.57,2016
2016-07-29,BE,4.7964,53.29,2016
2016-07-30,BE,4.8543,53.93,2016
2016-07-31,BE,4.9122,54.57,2016
2016-08-01,BE,4.9707,55.22,2016
2016-08-02,BE,5.0324,55.91,2016
2016-08-03,BE,5.0995,56.65,2016
2016-08-04,BE,5.1665,57.4,2016
2016-08-05,BE,5.2261,58.06,2016
2016-08-06,BE,5.292,58.79,2016
2016-08-07,BE,5.3588,59.53,2016
2016-08-08,BE,5.4306,60.33,2016
2016-08-09,BE,5.4968,61.07,2016
2016-08-10,BE,5.5629,61.8,2016
2016-08-11,BE,5.6266,62.51,2016
2016-08-12,BE,5.6923,63.24,2016
2016-08-13,BE,5.7565,63.95,2016
2016-08-14,BE,5.823,64.69,2016
2016-08-15,BE,5.89,65.44,2016
2016-08-16,BE,5.9609,66.22,2016
2016-08-17,BE,6.0245,66.93,2016
2016-08-18,BE,6.0885,67.64,2016
2016-08-19,BE,6.1522,68.35,2016
2016-08-20,BE,6.2167,69.06,2016
2016-08-21,BE,6.2703,69.66,2016
2016-08-22,BE,6.3214,70.23,2016
2016-08-23,BE,6.3724,70.79,2016
2016-08-24,BE,6.4293,71.43,2016
2016-08-25,BE,6.4862,72.06,2016
2016-08-26,BE,6.5393,72.65,2016
2016-08-27,BE,6.5876,73.19,2016
2016-08-28,BE,6.6529,73.91,2016
2016-08-29,BE,6.704,74.48,2016
2016-08-30,BE,6.7568,75.06,2016
2016-08-31,BE,6.77,75.21,2016
2016-09-01,BE,6.8025,75.57,2016
2016-09-02,BE,6.8407,76.0,2016
2016-09-03,BE,6.873,76.36,2016
2016-09-04,BE,6.9086,76.75,2016
2016-09-05,BE,6.9366,77.06,2016
2016-09-06,BE,6.9297,76.99,2016
2016-09-07,BE,6.9424,77.13,2016
2016-09-08,BE,6.9785,77.53,2016
2016-09-09,BE,7.0463,78.28,2016
2016-09-10,BE,7.1035,78.92,2016
2016-09-11,BE,7.1578,79.52,2016
2016-09-12,BE,7.2129,80.13,2016
2016-09-13,BE,7.2618,80.68,2016
2016-09-14,BE,7.2944,81.04,2016
2016-09-15,BE,7.334,81.48,2016
2016-09-16,BE,7.3746,81.93,2016
2016-09-17,BE,7.3769,81.95,2016
2016-09-18,BE,7.3886,82.08,2016
2016-09-19,BE,7.4011,82.22,2016
2016-09-20,BE,7.4173,82.4,2016
2016-09-21,BE,7.429,82.53,2016
2016-09-22,BE,7.4441,82.7,2016
2016-09-23,BE,7.4577,82.85,2016
2016-09-24,BE,7.4738,83.03,2016
2016-09-25,BE,7.4918,83.23,2016
2016-09-26,BE,7.4979,83.3,2016
2016-09-27,BE,7.507,83.4,2016
2016-09-28,BE,7.5196,83.54,2016
2016-09-29,BE,7.5262,83.61,2016
2016-09-30,BE,7.5289,83.64,2016
2016-10-01,BE,7.5662,84.06,2017
2016-10-02,BE,7.5714,84.11,2017
2016-10-03,BE,7.5808,84.22,2017
2016-10-04,BE,7.596,84.39,2017
2016-10-05,BE,7.6204,84.66,2017
2016-10-06,BE,7.6461,84.94,2017
2016-10-07,BE,7.6732,85.24,2017
2016-10-08,BE,7.6886,85.42,2017
2016-10-09,BE,7.7003,85.55,2017
2016-10-10,BE,7.676,85.28,2017
2016-10-11,BE,7.6681,85.19,2017
2016-10-12,BE,7.665,85.15,2017
2016-10-13,BE,7.67,85.21,2017
2016-10-14,BE,7.6756,85.27,2017
2016-10-15,BE,7.6683,85.19,2017
2016-10-16,BE,7.6754,85.27,2017
2016-10-17,BE,7.6663,85.17,2017
2016-10-18,BE,7.6588,85.09,2017
2016-10-19,BE,7.6414,84.89,2017
2016-10-20,BE,7.6385,84.86,2017
2016-10-21,BE,7.6407,84.88,2017
2016-10-22,BE,7.6367,84.84,2017
2016-10-23,BE,7.6363,84.84,2017
2016-10-24,BE,7.6212,84.67,2017
2016-10-25,BE,7.6258,84.72,2017
2016-10-26,BE,7.6261,84.72,2017
2016-10-27,BE,7.6201,84.66,2017
2016-10-28,BE,7.6357,84.83,2017
2016-10-29,BE,7.6369,84.84,2017
2016-10-30,BE,7.6448,84.93,2017
2016-10-31,BE,7.6556,85.05,2017
2016-11-01,BE,7.6703,85.21,2017
2016-11-02,BE,7.6575,85.07,2017
2016-11-03,BE,7.6455,84.94,2017
2016-11-04,BE,7.6396,84.87,2017
2016-11-05,BE,7.6576,85.07,2017
2016-11-06,BE,7.6538,85.03,2017
2016-11-07,BE,7.6087,84.53,2017
2016-11-08,BE,7.5982,84.41,2017
2016-11-09,BE,7.6069,84.51,2017
2016-11-10,BE,7.6142,84.59,2017
2016-11-11,BE,7.6201,84.66,2017
2016-11-12,BE,7.6167,84.62,2017
2016-11-13,BE,7.6189,84.64,2017
2016-11-14,BE,7.6133,84.58,2017
2016-11-15,BE,7.6173,84.62,2017
2016-11-16,BE,7.6362,84.83,2017
2016-11-17,BE,7.6597,85.1,2017
2016-11-18,BE,7.6747,85.26,2017
2016-11-19,BE,7.6238,84.7,2017
2016-11-20,BE,7.6379,84.85,2017
2016-11-21,BE,7.671,85.22,2017
2016-11-22,BE,7.6735,85.25,2017
2016-11-23,BE,7.6688,85.2,2017
2016-11-24,BE,7.6463,84.95,2017
2016-11-25,BE,7.6387,84.86,2017
2016-11-26,BE,7.6354,84.83,2017
2016-11-27,BE,7.6343,84.81,2017
2016-11-28,BE,7.6182,84.63,2017
2016-11-29,BE,7.5938,84.36,2017
2016-11-30,BE,7.5712,84.11,2017
2016-12-01,BE,7.5457,83.83,2017
2016-12-02,BE,7.5409,83.78,2017
2016-12-03,BE,7.5161,83.5,2017
2016-12-04,BE,7.4724,83.01,2017
2016-12-05,BE,7.4365,82.62,2017
2016-12-06,BE,7.4117,82.34,2017
2016-12-07,BE,7.3895,82.09,2017
2016-12-08,BE,7.3761,81.95,2017
2016-12-09,BE,7.3647,81.82,2017
2016-12-10,BE,7.3486,81.64,2017
2016-12-11,BE,7.3428,81.57,2017
2016-12-12,BE,7.3111,81.22,2017
2016-12-13,BE,7.2934,81.03,2017
2016-12-14,BE,7.2761,80.83,2017
2016-12-15,BE,7.2537,80.59,2017
2016-12-16,BE,7.2417,80.45,2017
2016-12-17,BE,7.2294,80.31,2017
2016-12-18,BE,7.22,80.21,2017
2016-12-19,BE,7.195,79.93,2017
2016-12-20,BE,7.1811,79.78,2017
2016-12-21,BE,7.175,79.71,2017
2016-12-22,BE,7.1681,79.63,2017
2016-12-23,BE,7.1631,79.58,2017
2016-12-24,BE,7.1542,79.48,2017
2016-12-25,BE,7.1518,79.45,2017
2016-12-26,BE,7.1445,79.37,2017
2016-12-27,BE,7.1174,79.07,2017
2016-12-28,BE,7.108,78.97,2017
2016-12-29,BE,7.097,78.84,2017
2016-12-30,BE,7.0947,78.82,2017
2016-12-31,BE,7.0677,78.52,2017
2017-01-01,BE,6.9581,77.3,2017
2017-01-02,BE,6.8326,75.91,2017
2017-01-03,BE,6.729,74.76,2017
2017-01-04,BE,6.6354,73.72,2017
2017-01-05,BE,6.5615,72.89,2017
2017-01-06,BE,6.4701,71.88,2017
2017-01-07,BE,6.3611,70.67,2017
2017-01-08,BE,6.2882,69.86,2017
2017-01-09,BE,6.1931,68.8,2017
2017-01-10,BE,6.1089,67.87,2017
2017-01-11,BE,6.0335,67.03,2017
2017-01-12,BE,5.9511,66.11,2017
2017-01-13,BE,5.8352,64.83,2017
2017-01-14,BE,5.7505,63.88,2017
2017-01-15,BE,5.6905,63.22,2017
2017-01-16,BE,5.5727,61.91,2017
2017-01-17,BE,5.494,61.04,2017
2017-01-18,BE,5.3677,59.63,2017
2017-01-19,BE,5.2637,58.48,2017
2017-01-20,BE,5.1569,57.29,2017
2017-01-21,BE,5.0594,56.21,2017
2017-01-22,BE,4.9394,54.87,2017
2017-01-23,BE,4.813,53.47,2017
2017-01-24,BE,4.7051,52.27,2017
2017-01-25,BE,4.6122,51.24,2017
2017-01-26,BE,4.5013,50.01,2017
2017-01-27,BE,4.3919,48.79,2017
2017-01-28,BE,4.3271,48.07,2017
2017-01-29,BE,4.3004,47.78,2017
2017-01-30,BE,4.2239,46.93,2017
2017-01-31,BE,4.1744,46.38,2017
2017-02-01,BE,4.1159,45.73,2017
2017-02-02,BE,4.0427,44.91,2017
2017-02-03,BE,3.9502,43.88,2017
2017-02-04,BE,3.8817,43.12,2017
2017-02-05,BE,3.8168,42.4,2017
2017-02-06,BE,3.7273,41.41,2017
2017-02-07,BE,3.6396,40.43,2017
2017-02-08,BE,3.5418,39.35,2017
2017-02-09,BE,3.4372,38.19,2017
2017-02-10,BE,3.3336,37.04,2017
2017-02-11,BE,3.2127,35.69,2017
2017-02-12,BE,3.1219,34.68,2017
2017-02-13,BE,3.0396,33.77,2017
2017-02-14,BE,2.9771,33.07,2017
2017-02-15,BE,2.9023,32.24,2017
2017-02-16,BE,2.8301,31.44,2017
2017-02-17,BE,2.7439,30.48,2017
2017-02-18,BE,2.6724,29.69,2017
2017-02-19,BE,2.5907,28.78,2017
2017-02-20,BE,2.5329,28.14,2017
2017-02-21,BE,2.5256,28.06,2017
2017-02-22,BE,2.4919,27.68,2017
2017-02-23,BE,2.4788,27.54,2017
2017-02-24,BE,2.4364,27.07,2017
2017-02-25,BE,2.4179,26.86,2017
2017-02-26,BE,2.4089,26.76,2017
2017-02-27,BE,2.3751,26.39,2017
2017-02-28,BE,2.3308,25.89,2017
2017-03-01,BE,2.2608,25.12,2017
2017-03-02,BE,2.2181,24.64,2017
2017-03-03,BE,2.1528,23.92,2017
2017-03-04,BE,2.1107,23.45,2017
2017-03-05,BE,2.0678,22.97,2017
2017-03-06,BE,2.0123,22.36,2017
2017-03-07,BE,1.9631,21.81,2017
2017-03-08,BE,1.921,21.34,2017
2017-03-09,BE,1.8866,20.96,2017
2017-03-10,BE,1.8443,20.49,2017
2017-03-11,BE,1.8055,20.06,2017
2017-03-12,BE,1.7717,19.68,2017
2017-03-13,BE,1.725,19.16,2017
2017-03-14,BE,1.6942,18.82,2017
2017-03-15,BE,1.6613,18.46,2017
2017-03-16,BE,1.6364,18.18,2017
2017-03-17,BE,1.6464,18.29,2017
2017-03-18,BE,1.6306,18.12,2017
2017-03-19,BE,1.6361,18.18,2017
2017-03-20,BE,1.6203,18.0,2017
2017-03-21,BE,1.579,17.54,2017
2017-03-22,BE,1.5402,17.11,2017
2017-03-23,BE,1.5014,16.68,2017
2017-03-24,BE,1.4626,16.25,2017
2017-03-25,BE,1.4312,15.9,2017
2017-03-26,BE,1.4227,15.81,2017
2017-03-27,BE,1.3875,15.41,2017
2017-03-28,BE,1.3717,15.24,2017
2017-03-29,BE,1.33,14.78,2017
2017-03-30,BE,1.2915,14.35,2017
2017-03-31,BE,1.2825,14.25,2017
2017-04-01,BE,1.311,14.56,2017
2017-04-02,BE,1.337,14.85,2017
2017-04-03,BE,1.3272,14.74,2017
2017-04-04,BE,1.339,14.88,2017
2017-04-05,BE,1.3758,15.28,2017
2017-04-06,BE,1.3975,15.53,2017
2017-04-07,BE,1.4102,15.67,2017
2017-04-08,BE,1.4431,16.03,2017
2017-04-09,BE,1.483,16.48,2017
2017-04-10,BE,1.4971,16.63,2017
2017-04-11,BE,1.5065,16.74,2017
2017-04-12,BE,1.521,16.9,2017
2017-04-13,BE,1.5211,16.9,2017
2017-04-14,BE,1.5062,16.73,2017
2017-04-15,BE,1.5281,16.98,2017
2017-04-16,BE,1.5458,17.17,2017
2017-04-17,BE,1.5494,17.21,2017
2017-04-18,BE,1.5373,17.08,2017
2017-04-19,BE,1.5277,16.97,2017
2017-04-20,BE,1.5118,16.8,2017
2017-04-21,BE,1.5153,16.83,2017
2017-04-22,BE,1.5511,17.23,2017
2017-04-23,BE,1.5741,17.49,2017
2017-04-24,BE,1.6099,17.89,2017
2017-04-25,BE,1.6392,18.21,2017
2017-04-26,BE,1.6464,18.29,2017
2017-04-27,BE,1.6602,18.44,2017
2017-04-28,BE,1.6844,18.71,2017
2017-04-29,BE,1.7063,18.96,2017
2017-04-30,BE,1.7572,19.52,2017
2017-05-01,BE,1.7905,19.89,2017
2017-05-02,BE,1.7809,19.78,2017
2017-05-03,BE,1.8033,20.03,2017
2017-05-04,BE,1.834,20.37,2017
2017-05-05,BE,1.8628,20.69,2017
2017-05-06,BE,1.8883,20.98,2017
2017-05-07,BE,1.9111,21.23,2017
2017-05-08,BE,1.9304,21.45,2017
2017-05-09,BE,1.9574,21.75,2017
2017-05-10,BE,1.9837,22.04,2017
2017-05-11,BE,2.0158,22.39,2017
2017-05-12,BE,2.0403,22.67,2017
2017-05-13,BE,2.0653,22.94,2017
2017-05-14,BE,2.0897,23.22,2017
2017-05-15,BE,2.1173,23.52,2017
2017-05-16,BE,2.1525,23.91,2017
2017-05-17,BE,2.1802,24.22,2017
2017-05-18,BE,2.2153,24.61,2017
2017-05-19,BE,2.2477,24.97,2017
2017-05-20,BE,2.2842,25.38,2017
2017-05-21,BE,2.3257,25.84,2017
2017-05-22,BE,2.3625,26.25,2017
2017-05-23,BE,2.3844,26.49,2017
2017-05-24,BE,2.4083,26.76,2017
2017-05-25,BE,2.4425,27.14,2017
2017-05-26,BE,2.4773,27.52,2017
2017-05-27,BE,2.5111,27.9,2017
2017-05-28,BE,2.5353,28.17,2017
2017-05-29,BE,2.5523,28.35,2017
2017-05-30,BE,2.5993,28.88,2017
2017-05-31,BE,2.6441,29.37,2017
2017-06-01,BE,2.6852,29.83,2017
2017-06-02,BE,2.7307,30.34,2017
2017-06-03,BE,2.7635,30.7,2017
2017-06-04,BE,2.7959,31.06,2017
2017-06-05,BE,2.8358,31.5,2017
2017-06-06,BE,2.8702,31.89,2017
2017-06-07,BE,2.8985,32.2,2017
2017-06-08,BE,2.9281,32.53,2017
2017-06-09,BE,2.9431,32.7,2017
2017-06-10,BE,2.9765,33.07,2017
2017-06-11,BE,3.0415,33.79,2017
2017-06-12,BE,3.0738,34.15,2017
2017-06-13,BE,3.0955,34.39,2017
2017-06-14,BE,3.1154,34.61,2017
2017-06-15,BE,3.1434,34.92,2017
2017-06-16,BE,3.1784,35.31,2017
2017-06-17,BE,3.2094,35.65,2017
2017-06-18,BE,3.2422,36.02,2017
2017-06-19,BE,3.2526,36.14,2017
2017-06-20,BE,3.2641,36.26,2017
2017-06-21,BE,3.2755,36.39,2017
2017-06-22,BE,3.2403,36.0,2017
2017-06-23,BE,3.1927,35.47,2017
2017-06-24,BE,3.1741,35.26,2017
2017-06-25,BE,3.1478,34.97,2017
2017-06-26,BE,3.113,34.58,2017
2017-06-27,BE,3.0446,33.82,2017
2017-06-28,BE,2.9737,33.04,2017
2017-06-29,BE,2.9436,32.7,2017
2017-06-30,BE,2.9617,32.9,2017
2017-07-01,BE,3.0365,33.73,2017
2017-07-02,BE,3.1117,34.57,2017
2017-07-03,BE,3.1543,35.04,2017
2017-07-04,BE,3.2156,35.72,2017
2017-07-05,BE,3.2855,36.5,2017
2017-07-06,BE,3.357,37.29,2017
2017-07-07,BE,3.4261,38.06,2017
2017-07-08,BE,3.5007,38.89,2017
2017-07-09,BE,3.5713,39.68,2017
2017-07-10,BE,3.639,40.43,2017
2017-07-11,BE,3.7137,41.26,2017
2017-07-12,BE,3.7902,42.11,2017
2017-07-13,BE,3.8605,42.89,2017
2017-07-14,BE,3.9361,43.73,2017
2017-07-15,BE,3.997,44.41,2017
2017-07-16,BE,4.0681,45.19,2017
2017-07-17,BE,4.1189,45.76,2017
2017-07-18,BE,4.172,46.35,2017
2017-07-19,BE,4.221,46.89,2017
2017-07-20,BE,4.2679,47.41,2017
2017-07-21,BE,4.3204,48.0,2017
2017-07-22,BE,4.3739,48.59,2017
2017-07-23,BE,4.4233,49.14,2017
2017-07-24,BE,4.467,49.63,2017
2017-07-25,BE,4.5182,50.19,2017
2017-07-26,BE,4.5638,50.7,2017
2017-07-27,BE,4.6127,51.24,2017
2017-07-28,BE,4.667,51.85,2017
2017-07-29,BE,4.7206,52.44,2017
2017-07-30,BE,4.776,53.06,2017
2017-07-31,BE,4.8244,53.6,2017
2017-08-01,BE,4.8806,54.22,2017
2017-08-02,BE,4.9283,54.75,2017
2017-08-03,BE,4.9801,55.33,2017
2017-08-04,BE,5.0269,55.85,2017
2017-08-05,BE,5.078,56.41,2017
2017-08-06,BE,5.1343,57.04,2017
2017-08-07,BE,5.1828,57.58,2017
2017-08-08,BE,5.2268,58.07,2017
2017-08-09,BE,5.2755,58.61,2017
2017-08-10,BE,5.3051,58.94,2017
2017-08-11,BE,5.3555,59.5,2017
2017-08-12,BE,5.415,60.16,2017
2017-08-13,BE,5.4758,60.83,2017
2017-08-14,BE,5.5264,61.4,2017
2017-08-15,BE,5.5827,62.02,2017
2017-08-16,BE,5.6247,62.49,2017
2017-08-17,BE,5.6789,63.09,2017
2017-08-18,BE,5.7306,63.66,2017
2017-08-19,BE,5.7746,64.15,2017
2017-08-20,BE,5.8212,64.67,2017
2017-08-21,BE,5.863,65.14,2017
2017-08-22,BE,5.9056,65.61,2017
2017-08-23,BE,5.9467,66.07,2017
2017-08-24,BE,5.9929,66.58,2017
2017-08-25,BE,6.0372,67.07,2017
2017-08-26,BE,6.0899,67.66,2017
2017-08-27,BE,6.146,68.28,2017
2017-08-28,BE,6.182,68.68,2017
2017-08-29,BE,6.2217,69.12,2017
2017-08-30,BE,6.264,69.59,2017
2017-08-31,BE,6.3049,70.04,2017
2017-09-01,BE,6.3525,70.57,2017
2017-09-02,BE,6.3843,70.93,2017
2017-09-03,BE,6.4265,71.4,2017
2017-09-04,BE,6.4515,71.67,2017
2017-09-05,BE,6.4783,71.97,2017
2017-09-06,BE,6.5101,72.32,2017
2017-09-07,BE,6.5359,72.61,2017
2017-09-08,BE,6.5612,72.89,2017
2017-09-09,BE,6.5903,73.21,2017
2017-09-10,BE,6.6201,73.55,2017
2017-09-11,BE,6.6467,73.84,2017
2017-09-12,BE,6.673,74.13,2017
2017-09-13,BE,6.6999,74.43,2017
2017-09-14,BE,6.7239,74.7,2017
2017-09-15,BE,6.7165,74.62,2017
2017-09-16,BE,6.7382,74.86,2017
2017-09-17,BE,6.7674,75.18,2017
2017-09-18,BE,6.7453,74.94,2017
2017-09-19,BE,6.7468,74.95,2017
2017-09-20,BE,6.722,74.68,2017
2017-09-21,BE,6.7093,74.54,2017
2017-09-22,BE,6.6835,74.25,2017
2017-09-23,BE,6.7012,74.45,2017
2017-09-24,BE,6.7299,74.77,2017
2017-09-25,BE,6.7104,74.55,2017
2017-09-26,BE,6.7384,74.86,2017
2017-09-27,BE,6.7471,74.96,2017
2017-09-28,BE,6.756,75.06,2017
2017-09-29,BE,6.7847,75.37,2017
2017-09-30,BE,6.8238,75.81,2017
2017-10-01,BE,6.8486,76.08,2018
2017-10-02,BE,6.8695,76.32,2018
2017-10-03,BE,6.8794,76.43,2018
2017-10-04,BE,6.8915,76.56,2018
2017-10-05,BE,6.897,76.62,2018
2017-10-06,BE,6.9053,76.71,2018
2017-10-07,BE,6.9154,76.83,2018
2017-10-08,BE,6.9254,76.94,2018
2017-10-09,BE,6.9361,77.06,2018
2017-10-10,BE,6.9426,77.13,2018
2017-10-11,BE,6.9464,77.17,2018
2017-10-12,BE,6.9721,77.46,2018
2017-10-13,BE,6.9909,77.67,2018
2017-10-14,BE,7.0313,78.11,2018
2017-10-15,BE,7.0851,78.71,2018
2017-10-16,BE,7.1157,79.05,2018
2017-10-17,BE,7.1492,79.42,2018
2017-10-18,BE,7.1778,79.74,2018
2017-10-19,BE,7.2096,80.09,2018
2017-10-20,BE,7.2096,80.09,2018
2017-10-21,BE,7.3119,81.23,2018
2017-10-22,BE,7.3598,81.76,2018
2017-10-23,BE,7.3598,81.76,2018
2017-10-24,BE,7.3598,81.76,2018
2017-10-25,BE,7.3598,81.76,2018
2017-10-26,BE,7.3598,81.76,2018
2017-10-27,BE,7.3598,81.76,2018
2017-10-28,BE,7.4304,82.55,2018
2017-10-29,BE,7.5019,83.34,2018
2017-10-30,BE,7.492,83.23,2018
2017-10-31,BE,7.4846,83.15,2018
2017-11-01,BE,7.4904,83.21,2018
2017-11-02,BE,7.4904,83.21,2018
2017-11-03,BE,7.5103,83.44,2018
2017-11-04,BE,7.5199,83.54,2018
2017-11-05,BE,7.5263,83.61,2018
2017-11-06,BE,7.5041,83.37,2018
2017-11-07,BE,7.4801,83.1,2018
2017-11-08,BE,7.4345,82.59,2018
2017-11-09,BE,7.4237,82.47,2018
2017-11-10,BE,7.4327,82.57,2018
2017-11-11,BE,7.4327,82.57,2018
2017-11-12,BE,7.4401,82.66,2018
2017-11-13,BE,7.4288,82.53,2018
2017-11-14,BE,7.4256,82.5,2018
2017-11-15,BE,7.4208,82.44,2018
2017-11-16,BE,7.4208,82.44,2018
2017-11-17,BE,7.4344,82.59,2018
2017-11-18,BE,7.4431,82.69,2018
2017-11-19,BE,7.4533,82.8,2018
2017-11-20,BE,7.443,82.69,2018
2017-11-21,BE,7.4442,82.7,2018
2017-11-22,BE,7.4458,82.72,2018
2017-11-23,BE,7.446,82.72,2018
2017-11-24,BE,7.445,82.71,2018
2017-11-25,BE,7.443,82.69,2018
2017-11-26,BE,7.4259,82.5,2018
2017-11-27,BE,7.3916,82.12,2018
2017-11-28,BE,7.3723,81.9,2018
2017-11-29,BE,7.2776,80.85,2018
2017-11-30,BE,7.1473,79.4,2018
2017-12-01,BE,6.9992,77.76,2018
2017-12-02,BE,6.8487,76.09,2018
2017-12-03,BE,6.7115,74.56,2018
2017-12-04,BE,6.5733,73.03,2018
2017-12-05,BE,6.4637,71.81,2018
2017-12-06,BE,6.3736,70.81,2018
2017-12-07,BE,6.2519,69.46,2018
2017-12-08,BE,6.1374,68.18,2018
2017-12-09,BE,5.9995,66.65,2018
2017-12-10,BE,5.8774,65.29,2018
2017-12-11,BE,5.7281,63.64,2018
2017-12-12,BE,5.5676,61.85,2018
2017-12-13,BE,5.4024,60.02,2018
2017-12-14,BE,5.2432,58.25,2018
2017-12-15,BE,5.0993,56.65,2018
2017-12-16,BE,4.9482,54.97,2018
2017-12-17,BE,4.8018,53.35,2018
2017-12-18,BE,4.6443,51.6,2018
2017-12-19,BE,4.4796,49.77,2018
2017-12-20,BE,4.337,48.18,2018
2017-12-21,BE,4.2047,46.71,2018
2017-12-22,BE,4.1482,46.08,2018
2017-12-23,BE,4.1427,46.02,2018
2017-12-24,BE,4.1391,45.98,2018
2017-12-25,BE,4.1541,46.15,2018
2017-12-26,BE,4.1387,45.98,2018
2017-12-27,BE,4.0463,44.95,2018
2017-12-28,BE,3.9241,43.59,2018
2017-12-29,BE,3.8106,42.33,2018
2017-12-30,BE,3.7824,42.02,2018
2017-12-31,BE,3.7838,42.04,2018
2018-01-01,BE,3.7795,41.99,2018
2018-01-02,BE,3.7287,41.42,2018
2018-01-03,BE,3.6932,41.03,2018
2018-01-04,BE,3.6858,40.95,2018
2018-01-05,BE,3.6534,40.59,2018
2018-01-06,BE,3.6194,40.21,2018
2018-01-07,BE,3.5591,39.54,2018
2018-01-08,BE,3.4099,37.88,2018
2018-01-09,BE,3.2709,36.34,2018
2018-01-10,BE,3.166,35.17,2018
2018-01-11,BE,3.0596,33.99,2018
2018-01-12,BE,3.0313,33.68,2018
2018-01-13,BE,3.0113,33.45,2018
2018-01-14,BE,2.9922,33.24,2018
2018-01-15,BE,2.9414,32.68,2018
2018-01-16,BE,2.924,32.48,2018
2018-01-17,BE,2.8943,32.15,2018
2018-01-18,BE,2.8305,31.45,2018
2018-01-19,BE,2.7732,30.81,2018
2018-01-20,BE,2.7066,30.07,2018
2018-01-21,BE,2.6466,29.4,2018
2018-01-22,BE,2.5562,28.4,2018
2018-01-23,BE,2.5196,27.99,2018
2018-01-24,BE,2.4929,27.69,2018
2018-01-25,BE,2.4359,27.06,2018
2018-01-26,BE,2.3965,26.62,2018
2018-01-27,BE,2.3674,26.3,2018
2018-01-28,BE,2.3694,26.32,2018
2018-01-29,BE,2.3357,25.95,2018
2018-01-30,BE,2.3035,25.59,2018
2018-01-31,BE,2.2449,24.94,2018
2018-02-01,BE,2.217,24.63,2018
2018-02-02,BE,2.1814,24.23,2018
2018-02-03,BE,2.1658,24.06,2018
2018-02-04,BE,2.1583,23.98,2018
2018-02-05,BE,2.0673,22.97,2018
2018-02-06,BE,1.9749,21.94,2018
2018-02-07,BE,1.8839,20.93,2018
2018-02-08,BE,1.789,19.87,2018
2018-02-09,BE,1.6982,18.87,2018
2018-02-10,BE,1.6728,18.58,2018
2018-02-11,BE,1.6555,18.39,2018
2018-02-12,BE,1.559,17.32,2018
2018-02-13,BE,1.4859,16.51,2018
2018-02-14,BE,1.4467,16.07,2018
2018-02-15,BE,1.4074,15.64,2018
2018-02-16,BE,1.3736,15.26,2018
2018-02-17,BE,1.3552,15.06,2018
2018-02-18,BE,1.3196,14.66,2018
2018-02-19,BE,1.2779,14.2,2018
2018-02-20,BE,1.2506,13.89,2018
2018-02-21,BE,1.2336,13.7,2018
2018-02-22,BE,1.207,13.41,2018
2018-02-23,BE,1.1831,13.14,2018
2018-02-24,BE,1.1964,13.29,2018
2018-02-25,BE,1.1868,13.19,2018
2018-02-26,BE,1.1528,12.81,2018
2018-02-27,BE,1.0971,12.19,2018
2018-02-28,BE,1.0407,11.56,2018
2018-03-01,BE,0.9843,10.94,2018
2018-03-02,BE,0.9331,10.37,2018
2018-03-03,BE,0.8926,9.92,2018
2018-03-04,BE,0.8647,9.61,2018
2018-03-05,BE,0.8373,9.3,2018
2018-03-06,BE,0.8118,9.02,2018
2018-03-07,BE,0.78,8.67,2018
2018-03-08,BE,0.7442,8.27,2018
2018-03-09,BE,0.6997,7.77,2018
2018-03-10,BE,0.6579,7.31,2018
2018-03-11,BE,0.6457,7.17,2018
2018-03-12,BE,0.6055,6.73,2018
2018-03-13,BE,0.5617,6.24,2018
2018-03-14,BE,0.5372,5.97,2018
2018-03-15,BE,0.5055,5.62,2018
2018-03-16,BE,0.4689,5.21,2018
2018-03-17,BE,0.4409,4.9,2018
2018-03-18,BE,0.3947,4.39,2018
2018-03-19,BE,0.3425,3.81,2018
2018-03-20,BE,0.2924,3.25,2018
2018-03-21,BE,0.2617,2.91,2018
2018-03-22,BE,0.2274,2.53,2018
2018-03-23,BE,0.2191,2.43,2018
2018-03-24,BE,0.2256,2.51,2018
2018-03-25,BE,0.2409,2.68,2018
2018-03-26,BE,0.2328,2.59,2018
2018-03-27,BE,0.2228,2.47,2018
2018-03-28,BE,0.2018,2.24,2018
2018-03-29,BE,0.1916,2.13,2018
2018-03-30,BE,0.1833,2.04,2018
2018-03-31,BE,0.1934,2.15,2018
2018-04-01,BE,0.182,2.02,2018
2018-04-02,BE,0.1702,1.89,2018
2018-04-03,BE,0.158,1.75,2018
2018-04-04,BE,0.1497,1.66,2018
2018-04-05,BE,0.1257,1.4,2018
2018-04-06,BE,0.1126,1.25,2018
2018-04-07,BE,0.1212,1.35,2018
2018-04-08,BE,0.1065,1.18,2018
2018-04-09,BE,0.1065,1.18,2018
2018-04-10,BE,0.0838,0.93,2018
2018-04-11,BE,0.0524,0.58,2018
2018-04-12,BE,0.0049,0.05,2018
2018-04-13,BE,0.0013,0.01,2018
2018-04-14,BE,0.011,0.12,2018
2018-04-15,BE,0.0061,0.07,2018
2018-04-16,BE,0.0061,0.07,2018
2018-04-17,BE,0.0061,0.07,2018
2018-04-18,BE,0.0061,0.07,2018
2018-04-19,BE,0.0061,0.07,2018
2018-04-20,BE,0.0061,0.07,2018
2018-04-21,BE,0.0061,0.07,2018
2018-04-22,BE,0.0061,0.07,2018
2018-04-23,BE,0.0061,0.07,2018
2018-04-24,BE,0.0061,0.07,2018
2018-04-25,BE,0.0061,0.07,2018
2018-04-26,BE,0.0061,0.07,2018
2018-04-27,BE,0.0057,0.06,2018
2018-04-28,BE,0.0248,0.28,2018
2018-04-29,BE,0.0248,0.28,2018
2018-04-30,BE,0.0183,0.2,2018
2018-05-01,BE,0.025,0.28,2018
2018-05-02,BE,0.0295,0.33,2018
2018-05-03,BE,0.0328,0.36,2018
2018-05-04,BE,0.0381,0.42,2018
2018-05-05,BE,0.071,0.79,2018
2018-05-06,BE,0.1197,1.33,2018
2018-05-07,BE,0.1495,1.66,2018
2018-05-08,BE,0.1734,1.93,2018
2018-05-09,BE,0.1706,1.9,2018
2018-05-10,BE,0.2217,2.46,2018
2018-05-11,BE,0.2704,3.0,2018
2018-05-12,BE,0.327,3.63,2018
2018-05-13,BE,0.3616,4.02,2018
2018-05-14,BE,0.3996,4.44,2018
2018-05-15,BE,0.4459,4.95,2018
2018-05-16,BE,0.4931,5.48,2018
2018-05-17,BE,0.544,6.04,2018
2018-05-18,BE,0.5771,6.41,2018
2018-05-19,BE,0.6084,6.76,2018
2018-05-20,BE,0.6459,7.18,2018
2018-05-21,BE,0.6924,7.69,2018
2018-05-22,BE,0.7401,8.22,2018
2018-05-23,BE,0.788,8.75,2018
2018-05-24,BE,0.8393,9.32,2018
2018-05-25,BE,0.8849,9.83,2018
2018-05-26,BE,0.9361,10.4,2018
2018-05-27,BE,0.9943,11.05,2018
2018-05-28,BE,1.0447,11.61,2018
2018-05-29,BE,1.0764,11.96,2018
2018-05-30,BE,1.1239,12.49,2018
2018-05-31,BE,1.1812,13.12,2018
2018-06-01,BE,1.2061,13.4,2018
2018-06-02,BE,1.2354,13.72,2018
2018-06-03,BE,1.2708,14.12,2018
2018-06-04,BE,1.2989,14.43,2018
2018-06-05,BE,1.3226,14.69,2018
2018-06-06,BE,1.3431,14.92,2018
2018-06-07,BE,1.3678,15.2,2018
2018-06-08,BE,1.3813,15.35,2018
2018-06-09,BE,1.3905,15.45,2018
2018-06-10,BE,1.4062,15.62,2018
2018-06-11,BE,1.4477,16.08,2018
2018-06-12,BE,1.4901,16.55,2018
2018-06-13,BE,1.5066,16.74,2018
2018-06-14,BE,1.5339,17.04,2018
2018-06-15,BE,1.5664,17.4,2018
2018-06-16,BE,1.6111,17.9,2018
2018-06-17,BE,1.6754,18.61,2018
2018-06-18,BE,1.6906,18.78,2018
2018-06-19,BE,1.7136,19.04,2018
2018-06-20,BE,1.7167,19.07,2018
2018-06-21,BE,1.7254,19.17,2018
2018-06-22,BE,1.7632,19.59,2018
2018-06-23,BE,1.8152,20.17,2018
2018-06-24,BE,1.8671,20.74,2018
2018-06-25,BE,1.8935,21.04,2018
2018-06-26,BE,1.913,21.25,2018
2018-06-27,BE,1.9386,21.54,2018
2018-06-28,BE,1.9935,22.15,2018
2018-06-29,BE,2.0511,22.79,2018
2018-06-30,BE,2.1003,23.33,2018
2018-07-01,BE,2.1629,24.03,2018
2018-07-02,BE,2.195,24.38,2018
2018-07-03,BE,2.225,24.72,2018
2018-07-04,BE,2.2722,25.24,2018
2018-07-05,BE,2.3147,25.72,2018
2018-07-06,BE,2.3551,26.16,2018
2018-07-07,BE,2.3873,26.52,2018
2018-07-08,BE,2.4328,27.03,2018
2018-07-09,BE,2.4723,27.47,2018
2018-07-10,BE,2.5231,28.03,2018
2018-07-11,BE,2.5682,28.53,2018
2018-07-12,BE,2.6076,28.97,2018
2018-07-13,BE,2.6553,29.5,2018
2018-07-14,BE,2.7032,30.03,2018
2018-07-15,BE,2.7501,30.55,2018
2018-07-16,BE,2.7888,30.98,2018
2018-07-17,BE,2.8314,31.46,2018
2018-07-18,BE,2.8919,32.13,2018
2018-07-19,BE,2.9321,32.57,2018
2018-07-20,BE,2.9767,33.07,2018
2018-07-21,BE,3.0,33.33,2018
2018-07-22,BE,3.0227,33.58,2018
2018-07-23,BE,3.0433,33.81,2018
2018-07-24,BE,3.0899,34.33,2018
2018-07-25,BE,3.1431,34.92,2018
2018-07-26,BE,3.1864,35.4,2018
2018-07-27,BE,3.2324,35.91,2018
2018-07-28,BE,3.2728,36.36,2018
2018-07-29,BE,3.3112,36.79,2018
2018-07-30,BE,3.3588,37.31,2018
2018-07-31,BE,3.4071,37.85,2018
2018-08-01,BE,3.4327,38.14,2018
2018-08-02,BE,3.4544,38.38,2018
2018-08-03,BE,3.4713,38.56,2018
2018-08-04,BE,3.487,38.74,2018
2018-08-05,BE,3.5066,38.96,2018
2018-08-06,BE,3.527,39.18,2018
2018-08-07,BE,3.5598,39.55,2018
2018-08-08,BE,3.6019,40.02,2018
2018-08-09,BE,3.6411,40.45,2018
2018-08-10,BE,3.6858,40.95,2018
2018-08-11,BE,3.7086,41.2,2018
2018-08-12,BE,3.732,41.46,2018
2018-08-13,BE,3.7554,41.72,2018
2018-08-14,BE,3.7767,41.96,2018
2018-08-15,BE,3.8085,42.31,2018
2018-08-16,BE,3.8277,42.52,2018
2018-08-17,BE,3.8609,42.89,2018
2018-08-18,BE,3.8942,43.26,2018
2018-08-19,BE,3.9424,43.8,2018
2018-08-20,BE,3.9503,43.89,2018
2018-08-21,BE,3.98,44.22,2018
2018-08-22,BE,3.9982,44.42,2018
2018-08-23,BE,4.0203,44.66,2018
2018-08-24,BE,4.0422,44.91,2018
2018-08-25,BE,4.0678,45.19,2018
2018-08-26,BE,4.0995,45.54,2018
2018-08-27,BE,4.1074,45.63,2018
2018-08-28,BE,4.1257,45.83,2018
2018-08-29,BE,4.1439,46.04,2018
2018-08-30,BE,4.1546,46.16,2018
2018-08-31,BE,4.1708,46.34,2018
2018-09-01,BE,4.205,46.72,2018
2018-09-02,BE,4.2354,47.05,2018
2018-09-03,BE,4.2474,47.19,2018
2018-09-04,BE,4.2629,47.36,2018
2018-09-05,BE,4.2785,47.53,2018
2018-09-06,BE,4.294,47.7,2018
2018-09-07,BE,4.2939,47.7,2018
2018-09-08,BE,4.2937,47.7,2018
2018-09-09,BE,4.2936,47.7,2018
2018-09-10,BE,4.3327,48.13,2018
2018-09-11,BE,4.3442,48.26,2018
2018-09-12,BE,4.3552,48.38,2018
2018-09-13,BE,4.362,48.46,2018
2018-09-14,BE,4.376,48.62,2018
2018-09-15,BE,4.397,48.85,2018
2018-09-16,BE,4.4251,49.16,2018
2018-09-17,BE,4.4514,49.45,2018
2018-09-18,BE,4.4755,49.72,2018
2018-09-19,BE,4.4861,49.84,2018
2018-09-20,BE,4.4974,49.96,2018
2018-09-21,BE,4.5064,50.06,2018
2018-09-22,BE,4.5027,50.02,2018
2018-09-23,BE,4.5032,50.03,2018
2018-09-24,BE,4.5013,50.01,2018
2018-09-25,BE,4.5025,50.02,2018
2018-09-26,BE,4.5066,50.07,2018
2018-09-27,BE,4.5101,50.11,2018
2018-09-28,BE,4.5214,50.23,2018
2018-09-29,BE,4.533,50.36,2018
2018-09-30,BE,4.5436,50.48,2018
2018-10-01,BE,4.5521,50.57,2019
2018-10-02,BE,4.5621,50.68,2019
2018-10-03,BE,4.5706,50.78,2019
2018-10-04,BE,4.5771,50.85,2019
2018-10-05,BE,4.5995,51.1,2019
2018-10-06,BE,4.6142,51.26,2019
2018-10-07,BE,4.6284,51.42,2019
2018-10-08,BE,4.6298,51.44,2019
2018-10-09,BE,4.6354,51.5,2019
2018-10-10,BE,4.6429,51.58,2019
2018-10-11,BE,4.6675,51.85,2019
2018-10-12,BE,4.6788,51.98,2019
2018-10-13,BE,4.7506,52.78,2019
2018-10-14,BE,4.8209,53.56,2019
2018-10-15,BE,4.857,53.96,2019
2018-10-16,BE,4.8546,53.93,2019
2018-10-17,BE,4.853,53.91,2019
2018-10-18,BE,4.8561,53.95,2019
2018-10-19,BE,4.8532,53.92,2019
2018-10-20,BE,4.8567,53.96,2019
2018-10-21,BE,4.8592,53.98,2019
2018-10-22,BE,4.8559,53.95,2019
2018-10-23,BE,4.8519,53.9,2019
2018-10-24,BE,4.9081,54.53,2019
2018-10-25,BE,4.9015,54.45,2019
2018-10-26,BE,4.9003,54.44,2019
2018-10-27,BE,4.8978,54.41,2019
2018-10-28,BE,4.8896,54.32,2019
2018-10-29,BE,4.8616,54.01,2019
2018-10-30,BE,4.8615,54.01,2019
2018-10-31,BE,4.865,54.05,2019
2018-11-01,BE,4.8703,54.11,2019
2018-11-02,BE,4.8731,54.14,2019
2018-11-03,BE,4.8672,54.07,2019
2018-11-04,BE,4.8598,53.99,2019
2018-11-05,BE,4.8606,54.0,2019
2018-11-06,BE,4.8667,54.07,2019
2018-11-07,BE,4.8671,54.07,2019
2018-11-08,BE,4.8698,54.1,2019
2018-11-09,BE,4.8753,54.16,2019
2018-11-10,BE,4.8833,54.25,2019
2018-11-11,BE,4.8895,54.32,2019
2018-11-12,BE,4.871,54.11,2019
2018-11-13,BE,4.8688,54.09,2019
2018-11-14,BE,4.8758,54.17,2019
2018-11-15,BE,4.8784,54.2,2019
2018-11-16,BE,4.8795,54.21,2019
2018-11-17,BE,4.8864,54.29,2019
2018-11-18,BE,4.8864,54.29,2019
2018-11-19,BE,4.8627,54.02,2019
2018-11-20,BE,4.8383,53.75,2019
2018-11-21,BE,4.7822,53.13,2019
2018-11-22,BE,4.7288,52.53,2019
2018-11-23,BE,4.653,51.69,2019
2018-11-24,BE,4.6473,51.63,2019
2018-11-25,BE,4.6426,51.58,2019
2018-11-26,BE,4.6164,51.29,2019
2018-11-27,BE,4.6118,51.24,2019
2018-11-28,BE,4.6146,51.27,2019
2018-11-29,BE,4.6211,51.34,2019
2018-11-30,BE,4.6335,51.48,2019
2018-12-01,BE,4.6401,51.55,2019
2018-12-02,BE,4.6743,51.93,2019
2018-12-03,BE,4.6963,52.17,2019
2018-12-04,BE,4.7043,52.26,2019
2018-12-05,BE,4.7073,52.3,2019
2018-12-06,BE,4.7281,52.53,2019
2018-12-07,BE,4.746,52.73,2019
2018-12-08,BE,4.7556,52.83,2019
2018-12-09,BE,4.7643,52.93,2019
2018-12-10,BE,4.7217,52.46,2019
2018-12-11,BE,4.7105,52.33,2019
2018-12-12,BE,4.6616,51.79,2019
2018-12-13,BE,4.6032,51.14,2019
2018-12-14,BE,4.5556,50.61,2019
2018-12-15,BE,4.5026,50.02,2019
2018-12-16,BE,4.4763,49.73,2019
2018-12-17,BE,4.4586,49.53,2019
2018-12-18,BE,4.4551,49.49,2019
2018-12-19,BE,4.4595,49.54,2019
2018-12-20,BE,4.4583,49.53,2019
2018-12-21,BE,4.4662,49.62,2019
2018-12-22,BE,4.4674,49.63,2019
2018-12-23,BE,4.4709,49.67,2019
2018-12-24,BE,4.4699,49.66,2019
2018-12-25,BE,4.4856,49.83,2019
2018-12-26,BE,4.4874,49.85,2019
2018-12-27,BE,4.4893,49.87,2019
2018-12-28,BE,4.4736,49.7,2019
2018-12-29,BE,4.4728,49.69,2019
2018-12-30,BE,4.4969,49.96,2019
2018-12-31,BE,4.5406,50.44,2019
2019-01-01,BE,4.5561,50.62,2019
2019-01-02,BE,4.5051,50.05,2019
2019-01-03,BE,4.436,49.28,2019
2019-01-04,BE,4.3603,48.44,2019
2019-01-05,BE,4.3428,48.25,2019
2019-01-06,BE,4.3317,48.12,2019
2019-01-07,BE,4.3342,48.15,2019
2019-01-08,BE,4.3327,48.13,2019
2019-01-09,BE,4.3216,48.01,2019
2019-01-10,BE,4.2653,47.38,2019
2019-01-11,BE,4.2528,47.25,2019
2019-01-12,BE,4.2615,47.34,2019
2019-01-13,BE,4.304,47.82,2019
2019-01-14,BE,4.2868,47.62,2019
2019-01-15,BE,4.2715,47.45,2019
2019-01-16,BE,4.2626,47.35,2019
2019-01-17,BE,4.2152,46.83,2019
2019-01-18,BE,4.1269,45.85,2019
2019-01-19,BE,4.0503,45.0,2019
2019-01-20,BE,3.9686,44.09,2019
2019-01-21,BE,3.8715,43.01,2019
2019-01-22,BE,3.7825,42.02,2019
2019-01-23,BE,3.683,40.92,2019
2019-01-24,BE,3.599,39.98,2019
2019-01-25,BE,3.5365,39.29,2019
2019-01-26,BE,3.5532,39.47,2019
2019-01-27,BE,3.5699,39.66,2019
2019-01-28,BE,3.5004,38.89,2019
2019-01-29,BE,3.4093,37.88,2019
2019-01-30,BE,3.3128,36.8,2019
2019-01-31,BE,3.2212,35.79,2019
2019-02-01,BE,3.1365,34.84,2019
2019-02-02,BE,3.1063,34.51,2019
2019-02-03,BE,3.0789,34.21,2019
2019-02-04,BE,2.9847,33.16,2019
2019-02-05,BE,2.893,32.14,2019
2019-02-06,BE,2.824,31.37,2019
2019-02-07,BE,2.8179,31.31,2019
2019-02-08,BE,2.7998,31.1,2019
2019-02-09,BE,2.7988,31.09,2019
2019-02-10,BE,2.7902,31.0,2019
2019-02-11,BE,2.6936,29.92,2019
2019-02-12,BE,2.6049,28.94,2019
2019-02-13,BE,2.5298,28.1,2019
2019-02-14,BE,2.4485,27.2,2019
2019-02-15,BE,2.4321,27.02,2019
2019-02-16,BE,2.4372,27.08,2019
2019-02-17,BE,2.4613,27.34,2019
2019-02-18,BE,2.4453,27.17,2019
2019-02-19,BE,2.4243,26.93,2019
2019-02-20,BE,2.4112,26.79,2019
2019-02-21,BE,2.3629,26.25,2019
2019-02-22,BE,2.3504,26.11,2019
2019-02-23,BE,2.3439,26.04,2019
2019-02-24,BE,2.3599,26.22,2019
2019-02-25,BE,2.3506,26.11,2019
2019-02-26,BE,2.3505,26.11,2019
2019-02-27,BE,2.3521,26.13,2019
2019-02-28,BE,2.3563,26.18,2019
2019-03-01,BE,2.3755,26.39,2019
2019-03-02,BE,2.3868,26.52,2019
2019-03-03,BE,2.4095,26.77,2019
2019-03-04,BE,2.3976,26.64,2019
2019-03-05,BE,2.415,26.83,2019
2019-03-06,BE,2.428,26.97,2019
2019-03-07,BE,2.4646,27.38,2019
2019-03-08,BE,2.501,27.78,2019
2019-03-09,BE,2.5392,28.21,2019
2019-03-10,BE,2.5752,28.61,2019
2019-03-11,BE,2.603,28.92,2019
2019-03-12,BE,2.6308,29.23,2019
2019-03-13,BE,2.6458,29.39,2019
2019-03-14,BE,2.6539,29.48,2019
2019-03-15,BE,2.6665,29.62,2019
2019-03-16,BE,2.6921,29.91,2019
2019-03-17,BE,2.7056,30.06,2019
2019-03-18,BE,2.7176,30.19,2019
2019-03-19,BE,2.7234,30.26,2019
2019-03-20,BE,2.733,30.36,2019
2019-03-21,BE,2.7405,30.45,2019
2019-03-22,BE,2.7949,31.05,2019
2019-03-23,BE,2.8267,31.4,2019
2019-03-24,BE,2.8779,31.97,2019
2019-03-25,BE,2.9219,32.46,2019
2019-03-26,BE,2.9601,32.89,2019
2019-03-27,BE,2.9809,33.12,2019
2019-03-28,BE,2.9921,33.24,2019
2019-03-29,BE,3.0421,33.8,2019
2019-03-30,BE,3.0819,34.24,2019
2019-03-31,BE,3.1181,34.64,2019
2019-04-01,BE,3.1428,34.91,2019
2019-04-02,BE,3.1622,35.13,2019
2019-04-03,BE,3.1947,35.49,2019
2019-04-04,BE,3.1782,35.31,2019
2019-04-05,BE,3.1676,35.19,2019
2019-04-06,BE,3.2015,35.57,2019
2019-04-07,BE,3.2652,36.28,2019
2019-04-08,BE,3.2905,36.56,2019
2019-04-09,BE,3.3188,36.87,2019
2019-04-10,BE,3.3504,37.22,2019
2019-04-11,BE,3.3317,37.01,2019
2019-04-12,BE,3.3231,36.92,2019
2019-04-13,BE,3.3235,36.92,2019
2019-04-14,BE,3.3386,37.09,2019
2019-04-15,BE,3.3642,37.37,2019
2019-04-16,BE,3.4067,37.85,2019
2019-04-17,BE,3.4555,38.39,2019
2019-04-18,BE,3.5035,38.92,2019
2019-04-19,BE,3.56,39.55,2019
2019-04-20,BE,3.6264,40.29,2019
2019-04-21,BE,3.6927,41.02,2019
2019-04-22,BE,3.7591,41.76,2019
2019-04-23,BE,3.8084,42.31,2019
2019-04-24,BE,3.8585,42.87,2019
2019-04-25,BE,3.9009,43.34,2019
2019-04-26,BE,3.9315,43.68,2019
2019-04-27,BE,3.97,44.11,2019
2019-04-28,BE,3.9477,43.86,2019
2019-04-29,BE,3.9393,43.76,2019
2019-04-30,BE,3.9689,44.09,2019
2019-05-01,BE,4.026,44.73,2019
2019-05-02,BE,4.0653,45.16,2019
2019-05-03,BE,4.1044,45.6,2019
2019-05-04,BE,4.1426,46.02,2019
2019-05-05,BE,4.1727,46.36,2019
2019-05-06,BE,4.2028,46.69,2019
2019-05-07,BE,4.1975,46.63,2019
2019-05-08,BE,4.2204,46.89,2019
2019-05-09,BE,4.2513,47.23,2019
2019-05-10,BE,4.2755,47.5,2019
2019-05-11,BE,4.3002,47.77,2019
2019-05-12,BE,4.3216,48.01,2019
2019-05-13,BE,4.3464,48.29,2019
2019-05-14,BE,4.3769,48.63,2019
2019-05-15,BE,4.3942,48.82,2019
2019-05-16,BE,4.4184,49.09,2019
2019-05-17,BE,4.4398,49.32,2019
2019-05-18,BE,4.4753,49.72,2019
2019-05-19,BE,4.5015,50.01,2019
2019-05-20,BE,4.5155,50.16,2019
2019-05-21,BE,4.5678,50.75,2019
2019-05-22,BE,4.5984,51.09,2019
2019-05-23,BE,4.6325,51.46,2019
2019-05-24,BE,4.686,52.06,2019
2019-05-25,BE,4.7437,52.7,2019
2019-05-26,BE,4.811,53.45,2019
2019-05-27,BE,4.8694,54.1,2019
2019-05-28,BE,4.9167,54.62,2019
2019-05-29,BE,4.9685,55.2,2019
2019-05-30,BE,5.0331,55.92,2019
2019-05-31,BE,5.0864,56.51,2019
2019-06-01,BE,5.1465,57.18,2019
2019-06-02,BE,5.2076,57.85,2019
2019-06-03,BE,5.2668,58.51,2019
2019-06-04,BE,5.3331,59.25,2019
2019-06-05,BE,5.3881,59.86,2019
2019-06-06,BE,5.4478,60.52,2019
2019-06-07,BE,5.5045,61.15,2019
2019-06-08,BE,5.5578,61.74,2019
2019-06-09,BE,5.6126,62.35,2019
2019-06-10,BE,5.6677,62.97,2019
2019-06-11,BE,5.7173,63.52,2019
2019-06-12,BE,5.7666,64.06,2019
2019-06-13,BE,5.8185,64.64,2019
2019-06-14,BE,5.8711,65.22,2019
2019-06-15,BE,5.9189,65.76,2019
2019-06-16,BE,5.9681,66.3,2019
2019-06-17,BE,6.0205,66.88,2019
2019-06-18,BE,6.0665,67.4,2019
2019-06-19,BE,6.1147,67.93,2019
2019-06-20,BE,6.1626,68.46,2019
2019-06-21,BE,6.2057,68.94,2019
2019-06-22,BE,6.2517,69.45,2019
2019-06-23,BE,6.2989,69.98,2019
2019-06-24,BE,6.3485,70.53,2019
2019-06-25,BE,6.3984,71.08,2019
2019-06-26,BE,6.4501,71.66,2019
2019-06-27,BE,6.5041,72.26,2019
2019-06-28,BE,6.5562,72.84,2019
2019-06-29,BE,6.6009,73.33,2019
2019-06-30,BE,6.6543,73.93,2019
2019-07-01,BE,6.701,74.45,2019
2019-07-02,BE,6.7412,74.89,2019
2019-07-03,BE,6.7817,75.34,2019
2019-07-04,BE,6.8122,75.68,2019
2019-07-05,BE,6.842,76.01,2019
2019-07-06,BE,6.8777,76.41,2019
2019-07-07,BE,6.9114,76.78,2019
2019-07-08,BE,6.9363,77.06,2019
2019-07-09,BE,6.9673,77.4,2019
2019-07-10,BE,6.9984,77.75,2019
2019-07-11,BE,7.0247,78.04,2019
2019-07-12,BE,7.0585,78.42,2019
2019-07-13,BE,7.0954,78.83,2019
2019-07-14,BE,7.1381,79.3,2019
2019-07-15,BE,7.1787,79.75,2019
2019-07-16,BE,7.2102,80.1,2019
2019-07-17,BE,7.2416,80.45,2019
2019-07-18,BE,7.2725,80.79,2019
2019-07-19,BE,7.3082,81.19,2019
2019-07-20,BE,7.3468,81.62,2019
2019-07-21,BE,7.374,81.92,2019
2019-07-22,BE,7.4022,82.23,2019
2019-07-23,BE,7.4362,82.61,2019
2019-07-24,BE,7.4661,82.94,2019
2019-07-25,BE,7.4925,83.24,2019
2019-07-26,BE,7.5252,83.6,2019
2019-07-27,BE,7.5557,83.94,2019
2019-07-28,BE,7.5832,84.25,2019
2019-07-29,BE,7.6112,84.56,2019
2019-07-30,BE,7.643,84.91,2019
2019-07-31,BE,7.6751,85.27,2019
2019-08-01,BE,7.7111,85.67,2019
2019-08-02,BE,7.7453,86.05,2019
2019-08-03,BE,7.7795,86.43,2019
2019-08-04,BE,7.8179,86.85,2019
2019-08-05,BE,7.8521,87.23,2019
2019-08-06,BE,7.8864,87.61,2019
2019-08-07,BE,7.9305,88.1,2019
2019-08-08,BE,7.9617,88.45,2019
2019-08-09,BE,7.9929,88.8,2019
2019-08-10,BE,8.0234,89.14,2019
2019-08-11,BE,8.054,89.48,2019
2019-08-12,BE,8.089,89.86,2019
2019-08-13,BE,8.1232,90.24,2019
2019-08-14,BE,8.1575,90.63,2019
2019-08-15,BE,8.1936,91.03,2019
2019-08-16,BE,8.2279,91.41,2019
2019-08-17,BE,8.2652,91.82,2019
2019-08-18,BE,8.3,92.21,2019
2019-08-19,BE,8.3374,92.62,2019
2019-08-20,BE,8.3707,92.99,2019
2019-08-21,BE,8.4046,93.37,2019
2019-08-22,BE,8.4384,93.75,2019
2019-08-23,BE,8.4732,94.13,2019
2019-08-24,BE,8.5091,94.53,2019
2019-08-25,BE,8.5525,95.01,2019
2019-08-26,BE,8.5756,95.27,2019
2019-08-27,BE,8.608,95.63,2019
2019-08-28,BE,8.6432,96.02,2019
2019-08-29,BE,8.6773,96.4,2019
2019-08-30,BE,8.7113,96.78,2019
2019-08-31,BE,8.7438,97.14,2019
2019-09-01,BE,8.749,97.2,2019
2019-09-02,BE,8.7519,97.23,2019
2019-09-03,BE,8.7547,97.26,2019
2019-09-04,BE,8.7562,97.28,2019
2019-09-05,BE,8.7561,97.28,2019
2019-09-06,BE,8.7523,97.23,2019
2019-09-07,BE,8.7526,97.24,2019
2019-09-08,BE,8.752,97.23,2019
2019-09-09,BE,8.7517,97.23,2019
2019-09-10,BE,8.7542,97.25,2019
2019-09-11,BE,8.7533,97.24,2019
2019-09-12,BE,8.7532,97.24,2019
2019-09-13,BE,8.7487,97.19,2019
2019-09-14,BE,8.7515,97.22,2019
2019-09-15,BE,8.7528,97.24,2019
2019-09-16,BE,8.755,97.26,2019
2019-09-17,BE,8.7557,97.27,2019
2019-09-18,BE,8.7564,97.28,2019
2019-09-19,BE,8.7564,97.28,2019
2019-09-20,BE,8.7523,97.23,2019
2019-09-21,BE,8.7511,97.22,2019
2019-09-22,BE,8.7513,97.22,2019
2019-09-23,BE,8.7507,97.22,2019
2019-09-24,BE,8.7466,97.17,2019
2019-09-25,BE,8.7468,97.17,2019
2019-09-26,BE,8.7468,97.17,2019
2019-09-27,BE,8.7469,97.17,2019
2019-09-28,BE,8.7469,97.17,2019
2019-09-29,BE,8.7459,97.16,2019
2019-09-30,BE,8.7485,97.19,2019
2019-10-01,BE,8.7585,97.3,2020
2019-10-02,BE,8.7586,97.3,2020
2019-10-03,BE,8.7592,97.31,2020
2019-10-04,BE,8.7588,97.31,2020
2019-10-05,BE,8.7555,97.27,2020
2019-10-06,BE,8.7627,97.35,2020
2019-10-07,BE,8.7625,97.35,2020
2019-10-08,BE,8.7634,97.36,2020
2019-10-09,BE,8.7634,97.36,2020
2019-10-10,BE,8.7514,97.22,2020
2019-10-11,BE,8.7514,97.22,2020
2019-10-12,BE,8.7302,96.99,2020
2019-10-13,BE,8.7418,97.12,2020
2019-10-14,BE,8.7418,97.12,2020
2019-10-15,BE,8.7419,97.12,2020
2019-10-16,BE,8.7419,97.12,2020
2019-10-17,BE,8.7419,97.12,2020
2019-10-18,BE,8.7419,97.12,2020
2019-10-19,BE,8.7455,97.16,2020
2019-10-20,BE,8.7462,97.17,2020
2019-10-21,BE,8.7439,97.14,2020
2019-10-22,BE,8.7439,97.14,2020
2019-10-23,BE,8.7396,97.09,2020
2019-10-24,BE,8.7418,97.12,2020
2019-10-25,BE,8.742,97.12,2020
2019-10-26,BE,8.7432,97.13,2020
2019-10-27,BE,8.7409,97.11,2020
2019-10-28,BE,8.7219,96.9,2020
2019-10-29,BE,8.7229,96.91,2020
2019-10-30,BE,8.7283,96.97,2020
2019-10-31,BE,8.7329,97.02,2020
2019-11-01,BE,8.716,96.83,2020
2019-11-02,BE,8.7352,97.04,2020
2019-11-03,BE,8.7344,97.03,2020
2019-11-04,BE,8.7295,96.98,2020
2019-11-05,BE,8.7241,96.92,2020
2019-11-06,BE,8.7241,96.92,2020
2019-11-07,BE,8.7241,96.92,2020
2019-11-08,BE,8.7244,96.92,2020
2019-11-09,BE,8.7246,96.93,2020
2019-11-10,BE,8.7236,96.91,2020
2019-11-11,BE,8.7084,96.75,2020
2019-11-12,BE,8.7103,96.77,2020
2019-11-13,BE,8.7112,96.78,2020
2019-11-14,BE,8.7192,96.87,2020
2019-11-15,BE,8.7246,96.93,2020
2019-11-16,BE,8.7248,96.93,2020
2019-11-17,BE,8.7301,96.99,2020
2019-11-18,BE,8.7267,96.95,2020
2019-11-19,BE,8.7274,96.96,2020
2019-11-20,BE,8.7263,96.95,2020
2019-11-21,BE,8.7126,96.79,2020
2019-11-22,BE,8.7133,96.8,2020
2019-11-23,BE,8.7132,96.8,2020
2019-11-24,BE,8.7132,96.8,2020
2019-11-25,BE,8.7132,96.8,2020
2019-11-26,BE,8.7139,96.81,2020
2019-11-27,BE,8.7146,96.81,2020
2019-11-28,BE,8.7149,96.82,2020
2019-11-29,BE,8.7125,96.79,2020
2019-11-30,BE,8.7228,96.91,2020
2019-12-01,BE,8.6629,96.24,2020
2019-12-02,BE,8.6194,95.76,2020
2019-12-03,BE,8.5782,95.3,2020
2019-12-04,BE,8.5335,94.8,2020
2019-12-05,BE,8.4833,94.25,2020
2019-12-06,BE,8.4532,93.91,2020
2019-12-07,BE,8.4477,93.85,2020
2019-12-08,BE,8.4389,93.75,2020
2019-12-09,BE,8.4091,93.42,2020
2019-12-10,BE,8.3781,93.08,2020
2019-12-11,BE,8.3437,92.69,2020
2019-12-12,BE,8.3097,92.32,2020
2019-12-13,BE,8.2806,91.99,2020
2019-12-14,BE,8.2514,91.67,2020
2019-12-15,BE,8.2264,91.39,2020
2019-12-16,BE,8.1991,91.09,2020
2019-12-17,BE,8.166,90.72,2020
2019-12-18,BE,8.1327,90.35,2020
2019-12-19,BE,8.0989,89.97,2020
2019-12-20,BE,8.0687,89.64,2020
2019-12-21,BE,8.0283,89.19,2020
2019-12-22,BE,7.9858,88.72,2020
2019-12-23,BE,7.947,88.29,2020
2019-12-24,BE,7.9118,87.9,2020
2019-12-25,BE,7.8765,87.5,2020
2019-12-26,BE,7.8132,86.8,2020
2019-12-27,BE,7.7185,85.75,2020
2019-12-28,BE,7.6897,85.43,2020
2019-12-29,BE,7.6526,85.02,2020
2019-12-30,BE,7.6172,84.62,2020
2019-12-31,BE,7.5857,84.27,2020
2020-01-01,BE,7.5402,83.77,2020
2020-01-02,BE,7.4993,83.31,2020
2020-01-03,BE,7.4476,82.74,2020
2020-01-04,BE,7.3927,82.13,2020
2020-01-05,BE,7.3442,81.59,2020
2020-01-06,BE,7.2729,80.8,2020
2020-01-07,BE,7.2203,80.21,2020
2020-01-08,BE,7.1759,79.72,2020
2020-01-09,BE,7.1346,79.26,2020
2020-01-10,BE,7.0923,78.79,2020
2020-01-11,BE,7.0517,78.34,2020
2020-01-12,BE,7.01,77.88,2020
2020-01-13,BE,6.969,77.42,2020
2020-01-14,BE,6.9196,76.87,2020
2020-01-15,BE,6.8498,76.1,2020
2020-01-16,BE,6.7462,74.95,2020
2020-01-17,BE,6.6399,73.77,2020
2020-01-18,BE,6.5941,73.26,2020
2020-01-19,BE,6.5139,72.37,2020
2020-01-20,BE,6.4531,71.69,2020
2020-01-21,BE,6.3846,70.93,2020
2020-01-22,BE,6.3212,70.22,2020
2020-01-23,BE,6.2556,69.5,2020
2020-01-24,BE,6.191,68.78,2020
2020-01-25,BE,6.1415,68.23,2020
2020-01-26,BE,6.0999,67.77,2020
2020-01-27,BE,6.0263,66.95,2020
2020-01-28,BE,5.9797,66.43,2020
2020-01-29,BE,5.9304,65.88,2020
2020-01-30,BE,5.8808,65.33,2020
2020-01-31,BE,5.83,64.77,2020
2020-02-01,BE,5.8416,64.9,2020
2020-02-02,BE,5.8459,64.95,2020
2020-02-03,BE,5.8532,65.03,2020
2020-02-04,BE,5.8535,65.03,2020
2020-02-05,BE,5.853,65.02,2020
2020-02-06,BE,5.8044,64.48,2020
2020-02-07,BE,5.7561,63.95,2020
2020-02-08,BE,5.7694,64.09,2020
2020-02-09,BE,5.7857,64.28,2020
2020-02-10,BE,5.7997,64.43,2020
2020-02-11,BE,5.7704,64.11,2020
2020-02-12,BE,5.724,63.59,2020
2020-02-13,BE,5.6819,63.12,2020
2020-02-14,BE,5.6415,62.67,2020
2020-02-15,BE,5.6694,62.98,2020
2020-02-16,BE,5.6987,63.31,2020
2020-02-17,BE,5.7151,63.49,2020
2020-02-18,BE,5.7421,63.79,2020
2020-02-19,BE,5.7696,64.1,2020
2020-02-20,BE,5.788,64.3,2020
2020-02-21,BE,5.8177,64.63,2020
2020-02-22,BE,5.8391,64.87,2020
2020-02-23,BE,5.8645,65.15,2020
2020-02-24,BE,5.8808,65.33,2020
2020-02-25,BE,5.8872,65.4,2020
2020-02-26,BE,5.8686,65.2,2020
2020-02-27,BE,5.848,64.97,2020
2020-02-28,BE,5.8435,64.92,2020
2020-02-29,BE,5.8572,65.07,2020
2020-03-01,BE,5.8893,65.43,2020
2020-03-02,BE,5.8989,65.53,2020
2020-03-03,BE,5.918,65.75,2020
2020-03-04,BE,5.8829,65.36,2020
2020-03-05,BE,5.874,65.26,2020
2020-03-06,BE,5.8885,65.42,2020
2020-03-07,BE,5.9108,65.67,2020
2020-03-08,BE,5.9349,65.93,2020
2020-03-09,BE,5.9566,66.17,2020
2020-03-10,BE,5.9761,66.39,2020
2020-03-11,BE,5.9984,66.64,2020
2020-03-12,BE,6.0162,66.84,2020
2020-03-13,BE,6.0344,67.04,2020
2020-03-14,BE,6.0694,67.43,2020
2020-03-15,BE,6.0983,67.75,2020
2020-03-16,BE,6.1217,68.01,2020
2020-03-17,BE,6.1445,68.26,2020
2020-03-18,BE,6.174,68.59,2020
2020-03-19,BE,6.199,68.87,2020
2020-03-20,BE,6.2246,69.15,2020
2020-03-21,BE,6.249,69.42,2020
2020-03-22,BE,6.2734,69.69,2020
2020-03-23,BE,6.283,69.8,2020
2020-03-24,BE,6.3107,70.11,2020
2020-03-25,BE,6.3355,70.38,2020
2020-03-26,BE,6.3538,70.59,2020
2020-03-27,BE,6.3765,70.84,2020
2020-03-28,BE,6.3997,71.1,2020
2020-03-29,BE,6.422,71.35,2020
2020-03-30,BE,6.4415,71.56,2020
2020-03-31,BE,6.4524,71.68,2020
2020-04-01,BE,6.4465,71.62,2020
2020-04-02,BE,6.4381,71.52,2020
2020-04-03,BE,6.4309,71.44,2020
2020-04-04,BE,6.4551,71.71,2020
2020-04-05,BE,6.4883,72.08,2020
2020-04-06,BE,6.5145,72.37,2020
2020-04-07,BE,6.5446,72.71,2020
2020-04-08,BE,6.5668,72.95,2020
2020-04-09,BE,6.6013,73.34,2020
2020-04-10,BE,6.6338,73.7,2020
2020-04-11,BE,6.6672,74.07,2020
2020-04-12,BE,6.7069,74.51,2020
2020-04-13,BE,6.7351,74.82,2020
2020-04-14,BE,6.7573,75.07,2020
2020-04-15,BE,6.7803,75.33,2020
2020-04-16,BE,6.8077,75.63,2020
2020-04-17,BE,6.8675,76.29,2020
2020-04-18,BE,6.9151,76.82,2020
2020-04-19,BE,6.9717,77.45,2020
2020-04-20,BE,7.0171,77.96,2020
2020-04-21,BE,7.0679,78.52,2020
2020-04-22,BE,7.1233,79.14,2020
2020-04-23,BE,7.1778,79.74,2020
2020-04-24,BE,7.2343,80.37,2020
2020-04-25,BE,7.29,80.99,2020
2020-04-26,BE,7.3463,81.61,2020
2020-04-27,BE,7.4003,82.21,2020
2020-04-28,BE,7.4537,82.81,2020
2020-04-29,BE,7.5072,83.4,2020
2020-04-30,BE,7.5638,84.03,2020
2020-05-01,BE,7.6201,84.66,2020
2020-05-02,BE,7.663,85.13,2020
2020-05-03,BE,7.7104,85.66,2020
2020-05-04,BE,7.7482,86.08,2020
2020-05-05,BE,7.7905,86.55,2020
2020-05-06,BE,7.8327,87.02,2020
2020-05-07,BE,7.8533,87.25,2020
2020-05-08,BE,7.8974,87.74,2020
2020-05-09,BE,7.9522,88.35,2020
2020-05-10,BE,7.9861,88.72,2020
2020-05-11,BE,8.0013,88.89,2020
2020-05-12,BE,8.0157,89.05,2020
2020-05-13,BE,8.0277,89.18,2020
2020-05-14,BE,8.0391,89.31,2020
2020-05-15,BE,8.0615,89.56,2020
2020-05-16,BE,8.0845,89.81,2020
2020-05-17,BE,8.113,90.13,2020
2020-05-18,BE,8.1331,90.35,2020
2020-05-19,BE,8.1373,90.4,2020
2020-05-20,BE,8.1589,90.64,2020
2020-05-21,BE,8.1805,90.88,2020
2020-05-22,BE,8.2239,91.36,2020
2020-05-23,BE,8.2487,91.64,2020
2020-05-24,BE,8.2425,91.57,2020
2020-05-25,BE,8.2594,91.76,2020
2020-05-26,BE,8.2641,91.81,2020
2020-05-27,BE,8.2729,91.91,2020
2020-05-28,BE,8.2826,92.02,2020
2020-05-29,BE,8.2799,91.99,2020
2020-05-30,BE,8.3121,92.34,2020
2020-05-31,BE,8.3423,92.68,2020
2020-06-01,BE,8.3574,92.85,2020
2020-06-02,BE,8.3742,93.03,2020
2020-06-03,BE,8.3859,93.16,2020
2020-06-04,BE,8.3956,93.27,2020
2020-06-05,BE,8.3924,93.24,2020
2020-06-06,BE,8.4038,93.36,2020
2020-06-07,BE,8.4115,93.45,2020
2020-06-08,BE,8.413,93.46,2020
2020-06-09,BE,8.4161,93.5,2020
2020-06-10,BE,8.4147,93.48,2020
2020-06-11,BE,8.4183,93.52,2020
2020-06-12,BE,8.4209,93.55,2020
2020-06-13,BE,8.4222,93.57,2020
2020-06-14,BE,8.4241,93.59,2020
2020-06-15,BE,8.4281,93.63,2020
2020-06-16,BE,8.43,93.65,2020
2020-06-17,BE,8.4177,93.52,2020
2020-06-18,BE,8.4181,93.52,2020
2020-06-19,BE,8.427,93.62,2020
2020-06-20,BE,8.4454,93.82,2020
2020-06-21,BE,8.4637,94.03,2020
2020-06-22,BE,8.4793,94.2,2020
2020-06-23,BE,8.4882,94.3,2020
2020-06-24,BE,8.5051,94.49,2020
2020-06-25,BE,8.5133,94.58,2020
2020-06-26,BE,8.5241,94.7,2020
2020-06-27,BE,8.53,94.76,2020
2020-06-28,BE,8.5546,95.04,2020
2020-06-29,BE,8.5546,95.04,2020
2020-06-30,BE,8.5696,95.2,2020
2020-07-01,BE,8.5708,95.22,2020
2020-07-02,BE,8.5708,95.22,2020
2020-07-03,BE,8.586,95.39,2020
2020-07-04,BE,8.6024,95.57,2020
2020-07-05,BE,8.6243,95.81,2020
2020-07-06,BE,8.6378,95.96,2020
2020-07-07,BE,8.6481,96.08,2020
2020-07-08,BE,8.6631,96.24,2020
2020-07-09,BE,8.6728,96.35,2020
2020-07-10,BE,8.6925,96.57,2020
2020-07-11,BE,8.6997,96.65,2020
2020-07-12,BE,8.7084,96.75,2020
2020-07-13,BE,8.7029,96.68,2020
2020-07-14,BE,8.7077,96.74,2020
2020-07-15,BE,8.7227,96.91,2020
2020-07-16,BE,8.7377,97.07,2020
2020-07-17,BE,8.7527,97.24,2020
2020-07-18,BE,8.753,97.24,2020
2020-07-19,BE,8.7531,97.24,2020
2020-07-20,BE,8.7541,97.25,2020
2020-07-21,BE,8.7541,97.25,2020
2020-07-22,BE,8.7541,97.25,2020
2020-07-23,BE,8.7552,97.27,2020
2020-07-24,BE,8.7557,97.27,2020
2020-07-25,BE,8.7557,97.27,2020
2020-07-26,BE,8.7603,97.32,2020
2020-07-27,BE,8.7663,97.39,2020
2020-07-28,BE,8.78,97.54,2020
2020-07-29,BE,8.7794,97.53,2020
2020-07-30,BE,8.777,97.51,2020
2020-07-31,BE,8.7828,97.57,2020
2020-08-01,BE,8.7786,97.53,2020
2020-08-02,BE,8.778,97.52,2020
2020-08-03,BE,8.7786,97.53,2020
2020-08-04,BE,8.7792,97.53,2020
2020-08-05,BE,8.7791,97.53,2020
2020-08-06,BE,8.7792,97.53,2020
2020-08-07,BE,8.7792,97.53,2020
2020-08-08,BE,8.7792,97.53,2020
2020-08-09,BE,8.7802,97.54,2020
2020-08-10,BE,8.7792,97.53,2020
2020-08-11,BE,8.7792,97.53,2020
2020-08-12,BE,8.7792,97.53,2020
2020-08-13,BE,8.7792,97.53,2020
2020-08-14,BE,8.7792,97.53,2020
2020-08-15,BE,8.7792,97.53,2020
2020-08-16,BE,8.778,97.52,2020
2020-08-17,BE,8.778,97.52,2020
2020-08-18,BE,8.7701,97.43,2020
2020-08-19,BE,8.778,97.52,2020
2020-08-20,BE,8.774,97.48,2020
2020-08-21,BE,8.7772,97.51,2020
2020-08-22,BE,8.7877,97.63,2020
2020-08-23,BE,8.7972,97.73,2020
2020-08-24,BE,8.7971,97.73,2020
2020-08-25,BE,8.7971,97.73,2020
2020-08-26,BE,8.7971,97.73,2020
2020-08-27,BE,8.7972,97.73,2020
2020-08-28,BE,8.7978,97.74,2020
2020-08-29,BE,8.8015,97.78,2020
2020-08-30,BE,8.8085,97.86,2020
2020-08-31,BE,8.7884,97.63,2020
2020-09-01,BE,8.7954,97.71,2020
2020-09-02,BE,8.7972,97.73,2020
2020-09-03,BE,8.7972,97.73,2020
2020-09-04,BE,8.7972,97.73,2020
2020-09-05,BE,8.7972,97.73,2020
2020-09-06,BE,8.7972,97.73,2020
2020-09-07,BE,8.7985,97.75,2020
2020-09-08,BE,8.7995,97.76,2020
2020-09-09,BE,8.8031,97.8,2020
2020-09-10,BE,8.807,97.84,2020
2020-09-11,BE,8.8084,97.86,2020
2020-09-12,BE,8.8152,97.93,2020
2020-09-13,BE,8.8197,97.98,2020
2020-09-14,BE,8.8092,97.87,2020
2020-09-15,BE,8.8012,97.78,2020
2020-09-16,BE,8.8009,97.77,2020
2020-09-17,BE,8.8039,97.81,2020
2020-09-18,BE,8.8004,97.77,2020
2020-09-19,BE,8.8004,97.77,2020
2020-09-20,BE,8.8015,97.78,2020
2020-09-21,BE,8.7933,97.69,2020
2020-09-22,BE,8.8028,97.79,2020
2020-09-23,BE,8.804,97.81,2020
2020-09-24,BE,8.804,97.81,2020
2020-09-25,BE,8.8034,97.8,2020
2020-09-26,BE,8.7933,97.69,2020
2020-09-27,BE,8.7964,97.72,2020
2020-09-28,BE,8.7725,97.46,2020
2020-09-29,BE,8.7785,97.53,2020
2020-09-30,BE,8.7767,97.5,2020
2020-10-01,BE,8.7809,97.55,2021
2020-10-02,BE,8.7809,97.55,2021
2020-10-03,BE,8.7777,97.52,2021
2020-10-04,BE,8.7877,97.63,2021
2020-10-05,BE,8.7875,97.63,2021
2020-10-06,BE,8.7711,97.44,2021
2020-10-07,BE,8.7785,97.52,2021
2020-10-08,BE,8.774,97.47,2021
2020-10-09,BE,8.7794,97.54,2021
2020-10-10,BE,8.7866,97.61,2021
2020-10-11,BE,8.7897,97.65,2021
2020-10-12,BE,8.7845,97.59,2021
2020-10-13,BE,8.7845,97.59,2021
2020-10-14,BE,8.7839,97.58,2021
2020-10-15,BE,8.7798,97.54,2021
2020-10-16,BE,8.7897,97.65,2021
2020-10-17,BE,8.7833,97.58,2021
2020-10-18,BE,8.7906,97.66,2021
2020-10-19,BE,8.7888,97.64,2021
2020-10-20,BE,8.7894,97.65,2021
2020-10-21,BE,8.7924,97.68,2021
2020-10-22,BE,8.7933,97.69,2021
2020-10-23,BE,8.7829,97.57,2021
2020-10-24,BE,8.7936,97.69,2021
2020-10-25,BE,8.7945,97.7,2021
2020-10-26,BE,8.7704,97.43,2021
2020-10-27,BE,8.7492,97.2,2021
2020-10-28,BE,8.7537,97.25,2021
2020-10-29,BE,8.7502,97.21,2021
2020-10-30,BE,8.7512,97.22,2021
2020-10-31,BE,8.7639,97.36,2021
2020-11-01,BE,8.7816,97.56,2021
2020-11-02,BE,8.7905,97.66,2021
2020-11-03,BE,8.7705,97.44,2021
2020-11-04,BE,8.7462,97.17,2021
2020-11-05,BE,8.7091,96.75,2021
2020-11-06,BE,8.6994,96.65,2021
2020-11-07,BE,8.6897,96.54,2021
2020-11-08,BE,8.7021,96.68,2021
2020-11-09,BE,8.6774,96.4,2021
2020-11-10,BE,8.6577,96.18,2021
2020-11-11,BE,8.6481,96.08,2021
2020-11-12,BE,8.6433,96.02,2021
2020-11-13,BE,8.6429,96.02,2021
2020-11-14,BE,8.6562,96.17,2021
2020-11-15,BE,8.6626,96.24,2021
2020-11-16,BE,8.6593,96.2,2021
2020-11-17,BE,8.6468,96.06,2021
2020-11-18,BE,8.6717,96.34,2021
2020-11-19,BE,8.6797,96.43,2021
2020-11-20,BE,8.6716,96.34,2021
2020-11-21,BE,8.6628,96.24,2021
2020-11-22,BE,8.6569,96.17,2021
2020-11-23,BE,8.6515,96.11,2021
2020-11-24,BE,8.6386,95.97,2021
2020-11-25,BE,8.6218,95.78,2021
2020-11-26,BE,8.6066,95.62,2021
2020-11-27,BE,8.5651,95.15,2021
2020-11-28,BE,8.5126,94.57,2021
2020-11-29,BE,8.4448,93.82,2021
2020-11-30,BE,8.3417,92.67,2021
2020-12-01,BE,8.2694,91.87,2021
2020-12-02,BE,8.1726,90.79,2021
2020-12-03,BE,8.0812,89.78,2021
2020-12-04,BE,8.0098,88.99,2021
2020-12-05,BE,7.9448,88.26,2021
2020-12-06,BE,7.9187,87.97,2021
2020-12-07,BE,7.8149,86.82,2021
2020-12-08,BE,7.7216,85.78,2021
2020-12-09,BE,7.6629,85.13,2021
2020-12-10,BE,7.5937,84.36,2021
2020-12-11,BE,7.545,83.82,2021
2020-12-12,BE,7.5079,83.41,2021
2020-12-13,BE,7.4699,82.99,2021
2020-12-14,BE,7.4469,82.73,2021
2020-12-15,BE,7.4189,82.42,2021
2020-12-16,BE,7.3967,82.17,2021
2020-12-17,BE,7.3752,81.93,2021
2020-12-18,BE,7.355,81.71,2021
2020-12-19,BE,7.3342,81.48,2021
2020-12-20,BE,7.3108,81.22,2021
2020-12-21,BE,7.2938,81.03,2021
2020-12-22,BE,7.2778,80.85,2021
2020-12-23,BE,7.2876,80.96,2021
2020-12-24,BE,7.2781,80.86,2021
2020-12-25,BE,7.2651,80.71,2021
2020-12-26,BE,7.2493,80.54,2021
2020-12-27,BE,7.232,80.34,2021
2020-12-28,BE,7.2015,80.01,2021
2020-12-29,BE,7.1516,79.45,2021
2020-12-30,BE,7.0596,78.43,2021
2020-12-31,BE,6.984,77.59,2021
2021-01-01,BE,6.8792,76.42,2021
2021-01-02,BE,6.7573,75.07,2021
2021-01-03,BE,6.6496,73.87,2021
2021-01-04,BE,6.5054,72.27,2021
2021-01-05,BE,6.3814,70.89,2021
2021-01-06,BE,6.2595,69.54,2021
2021-01-07,BE,6.1467,68.29,2021
2021-01-08,BE,6.0168,66.84,2021
2021-01-09,BE,5.9087,65.64,2021
2021-01-10,BE,5.8086,64.53,2021
2021-01-11,BE,5.686,63.17,2021
2021-01-12,BE,5.5412,61.56,2021
2021-01-13,BE,5.446,60.5,2021
2021-01-14,BE,5.3306,59.22,2021
2021-01-15,BE,5.2094,57.87,2021
2021-01-16,BE,5.1201,56.88,2021
2021-01-17,BE,5.0704,56.33,2021
2021-01-18,BE,4.9633,55.14,2021
2021-01-19,BE,4.882,54.24,2021
2021-01-20,BE,4.8135,53.48,2021
2021-01-21,BE,4.7455,52.72,2021
2021-01-22,BE,4.6902,52.11,2021
2021-01-23,BE,4.6238,51.37,2021
2021-01-24,BE,4.5387,50.42,2021
2021-01-25,BE,4.4154,49.05,2021
2021-01-26,BE,4.3277,48.08,2021
2021-01-27,BE,4.2677,47.41,2021
2021-01-28,BE,4.2095,46.77,2021
2021-01-29,BE,4.1767,46.4,2021
2021-01-30,BE,4.111,45.67,2021
2021-01-31,BE,4.0517,45.01,2021
2021-02-01,BE,3.9804,44.22,2021
2021-02-02,BE,3.9117,43.46,2021
2021-02-03,BE,3.8427,42.69,2021
2021-02-04,BE,3.8334,42.59,2021
2021-02-05,BE,3.8123,42.35,2021
2021-02-06,BE,3.7732,41.92,2021
2021-02-07,BE,3.7321,41.46,2021
2021-02-08,BE,3.6046,40.04,2021
2021-02-09,BE,3.4895,38.77,2021
2021-02-10,BE,3.3738,37.48,2021
2021-02-11,BE,3.2458,36.06,2021
2021-02-12,BE,3.1241,34.71,2021
2021-02-13,BE,3.0312,33.68,2021
2021-02-14,BE,2.9794,33.1,2021
2021-02-15,BE,2.8714,31.9,2021
2021-02-16,BE,2.8463,31.62,2021
2021-02-17,BE,2.8248,31.38,2021
2021-02-18,BE,2.7937,31.04,2021
2021-02-19,BE,2.7606,30.67,2021
2021-02-20,BE,2.7434,30.48,2021
2021-02-21,BE,2.7338,30.37,2021
2021-02-22,BE,2.7143,30.15,2021
2021-02-23,BE,2.6995,29.99,2021
2021-02-24,BE,2.6847,29.83,2021
2021-02-25,BE,2.6699,29.66,2021
2021-02-26,BE,2.6493,29.43,2021
2021-02-27,BE,2.6339,29.26,2021
2021-02-28,BE,2.62,29.11,2021
2021-03-01,BE,2.5936,28.81,2021
2021-03-02,BE,2.575,28.61,2021
2021-03-03,BE,2.5387,28.2,2021
2021-03-04,BE,2.4968,27.74,2021
2021-03-05,BE,2.4381,27.09,2021
2021-03-06,BE,2.3533,26.14,2021
2021-03-07,BE,2.268,25.2,2021
2021-03-08,BE,2.186,24.28,2021
2021-03-09,BE,2.1445,23.82,2021
2021-03-10,BE,2.0796,23.1,2021
2021-03-11,BE,2.0542,22.82,2021
2021-03-12,BE,2.0395,22.66,2021
2021-03-13,BE,2.022,22.46,2021
2021-03-14,BE,2.0065,22.29,2021
2021-03-15,BE,1.9899,22.11,2021
2021-03-16,BE,1.9806,22.0,2021
2021-03-17,BE,1.9633,21.81,2021
2021-03-18,BE,1.9549,21.72,2021
2021-03-19,BE,1.9461,21.62,2021
2021-03-20,BE,1.9436,21.59,2021
2021-03-21,BE,1.9416,21.57,2021
2021-03-22,BE,1.9372,21.52,2021
2021-03-23,BE,1.9317,21.46,2021
2021-03-24,BE,1.9247,21.38,2021
2021-03-25,BE,1.9513,21.68,2021
2021-03-26,BE,1.945,21.61,2021
2021-03-27,BE,1.9668,21.85,2021
2021-03-28,BE,1.9816,22.01,2021
2021-03-29,BE,2.0205,22.45,2021
2021-03-30,BE,2.0582,22.87,2021
2021-03-31,BE,2.0999,23.33,2021
2021-04-01,BE,2.1706,24.11,2021
2021-04-02,BE,2.2148,24.61,2021
2021-04-03,BE,2.2626,25.14,2021
2021-04-04,BE,2.3072,25.63,2021
2021-04-05,BE,2.3408,26.0,2021
2021-04-06,BE,2.3548,26.16,2021
2021-04-07,BE,2.3242,25.82,2021
2021-04-08,BE,2.3274,25.86,2021
2021-04-09,BE,2.2709,25.23,2021
2021-04-10,BE,2.2844,25.38,2021
2021-04-11,BE,2.2968,25.52,2021
2021-04-12,BE,2.2214,24.68,2021
2021-04-13,BE,2.1469,23.85,2021
2021-04-14,BE,2.0671,22.96,2021
2021-04-15,BE,1.9898,22.11,2021
2021-04-16,BE,1.9451,21.61,2021
2021-04-17,BE,1.9237,21.37,2021
2021-04-18,BE,1.9034,21.15,2021
2021-04-19,BE,1.882,20.91,2021
2021-04-20,BE,1.8635,20.7,2021
2021-04-21,BE,1.8771,20.85,2021
2021-04-22,BE,1.8987,21.09,2021
2021-04-23,BE,1.9073,21.19,2021
2021-04-24,BE,1.959,21.76,2021
2021-04-25,BE,2.0076,22.3,2021
2021-04-26,BE,2.0465,22.74,2021
2021-04-27,BE,2.0662,22.95,2021
2021-04-28,BE,2.0919,23.24,2021
2021-04-29,BE,2.0819,23.13,2021
2021-04-30,BE,2.0644,22.93,2021
2021-05-01,BE,2.0837,23.15,2021
2021-05-02,BE,2.0991,23.32,2021
2021-05-03,BE,2.1096,23.44,2021
2021-05-04,BE,2.1242,23.6,2021
2021-05-05,BE,2.1279,23.64,2021
2021-05-06,BE,2.1256,23.61,2021
2021-05-07,BE,2.1116,23.46,2021
2021-05-08,BE,2.1367,23.74,2021
2021-05-09,BE,2.1827,24.25,2021
2021-05-10,BE,2.1886,24.31,2021
2021-05-11,BE,2.2133,24.59,2021
2021-05-12,BE,2.2451,24.94,2021
2021-05-13,BE,2.2654,25.17,2021
2021-05-14,BE,2.2879,25.42,2021
2021-05-15,BE,2.3124,25.69,2021
2021-05-16,BE,2.3372,25.97,2021
2021-05-17,BE,2.3562,26.18,2021
2021-05-18,BE,2.3636,26.26,2021
2021-05-19,BE,2.3518,26.13,2021
2021-05-20,BE,2.3379,25.97,2021
2021-05-21,BE,2.3523,26.13,2021
2021-05-22,BE,2.3976,26.64,2021
2021-05-23,BE,2.4474,27.19,2021
2021-05-24,BE,2.5027,27.8,2021
2021-05-25,BE,2.5287,28.09,2021
2021-05-26,BE,2.5435,28.26,2021
2021-05-27,BE,2.5537,28.37,2021
2021-05-28,BE,2.5671,28.52,2021
2021-05-29,BE,2.6113,29.01,2021
2021-05-30,BE,2.6535,29.48,2021
2021-05-31,BE,2.6705,29.67,2021
2021-06-01,BE,2.6979,29.97,2021
2021-06-02,BE,2.7386,30.42,2021
2021-06-03,BE,2.8111,31.23,2021
2021-06-04,BE,2.8717,31.9,2021
2021-06-05,BE,2.9308,32.56,2021
2021-06-06,BE,2.9831,33.14,2021
2021-06-07,BE,3.0448,33.83,2021
2021-06-08,BE,3.0879,34.31,2021
2021-06-09,BE,3.1107,34.56,2021
2021-06-10,BE,3.1507,35.0,2021
2021-06-11,BE,3.1834,35.37,2021
2021-06-12,BE,3.2436,36.03,2021
2021-06-13,BE,3.3114,36.79,2021
2021-06-14,BE,3.356,37.28,2021
2021-06-15,BE,3.4104,37.89,2021
2021-06-16,BE,3.4449,38.27,2021
2021-06-17,BE,3.4744,38.6,2021
2021-06-18,BE,3.5302,39.22,2021
2021-06-19,BE,3.5607,39.56,2021
2021-06-20,BE,3.5925,39.91,2021
2021-06-21,BE,3.6208,40.23,2021
2021-06-22,BE,3.6364,40.4,2021
2021-06-23,BE,3.6426,40.47,2021
2021-06-24,BE,3.6494,40.54,2021
2021-06-25,BE,3.6541,40.6,2021
2021-06-26,BE,3.6636,40.7,2021
2021-06-27,BE,3.7043,41.15,2021
2021-06-28,BE,3.7268,41.4,2021
2021-06-29,BE,3.7306,41.45,2021
2021-06-30,BE,3.7505,41.67,2021
2021-07-01,BE,3.768,41.86,2021
2021-07-02,BE,3.792,42.13,2021
2021-07-03,BE,3.8583,42.86,2021
2021-07-04,BE,3.9304,43.66,2021
2021-07-05,BE,3.9627,44.02,2021
2021-07-06,BE,4.0122,44.57,2021
2021-07-07,BE,4.052,45.02,2021
2021-07-08,BE,4.087,45.4,2021
2021-07-09,BE,4.1189,45.76,2021
2021-07-10,BE,4.1732,46.36,2021
2021-07-11,BE,4.2427,47.13,2021
2021-07-12,BE,4.2693,47.43,2021
2021-07-13,BE,4.3269,48.07,2021
2021-07-14,BE,4.3962,48.84,2021
2021-07-15,BE,4.4315,49.23,2021
2021-07-16,BE,4.4632,49.58,2021
2021-07-17,BE,4.5209,50.23,2021
2021-07-18,BE,4.5829,50.91,2021
2021-07-19,BE,4.6334,51.47,2021
2021-07-20,BE,4.6646,51.82,2021
2021-07-21,BE,4.6972,52.18,2021
2021-07-22,BE,4.7278,52.52,2021
2021-07-23,BE,4.7908,53.22,2021
2021-07-24,BE,4.8563,53.95,2021
2021-07-25,BE,4.9215,54.68,2021
2021-07-26,BE,4.9845,55.38,2021
2021-07-27,BE,5.052,56.13,2021
2021-07-28,BE,5.1203,56.88,2021
2021-07-29,BE,5.1787,57.53,2021
2021-07-30,BE,5.2345,58.15,2021
2021-07-31,BE,5.2957,58.83,2021
2021-08-01,BE,5.3548,59.49,2021
2021-08-02,BE,5.4178,60.19,2021
2021-08-03,BE,5.4771,60.85,2021
2021-08-04,BE,5.5365,61.51,2021
2021-08-05,BE,5.5945,62.15,2021
2021-08-06,BE,5.6573,62.85,2021
2021-08-07,BE,5.7298,63.65,2021
2021-08-08,BE,5.8005,64.44,2021
2021-08-09,BE,5.8606,65.11,2021
2021-08-10,BE,5.9282,65.86,2021
2021-08-11,BE,5.9878,66.52,2021
2021-08-12,BE,6.0492,67.2,2021
2021-08-13,BE,6.1071,67.85,2021
2021-08-14,BE,6.1682,68.53,2021
2021-08-15,BE,6.2315,69.23,2021
2021-08-16,BE,6.2849,69.82,2021
2021-08-17,BE,6.3407,70.44,2021
2021-08-18,BE,6.3972,71.07,2021
2021-08-19,BE,6.4571,71.74,2021
2021-08-20,BE,6.5142,72.37,2021
2021-08-21,BE,6.5611,72.89,2021
2021-08-22,BE,6.6053,73.38,2021
2021-08-23,BE,6.639,73.76,2021
2021-08-24,BE,6.6736,74.14,2021
2021-08-25,BE,6.7077,74.52,2021
2021-08-26,BE,6.738,74.86,2021
2021-08-27,BE,6.7663,75.17,2021
2021-08-28,BE,6.8007,75.55,2021
2021-08-29,BE,6.8356,75.94,2021
2021-08-30,BE,6.8644,76.26,2021
2021-08-31,BE,6.8957,76.61,2021
2021-09-01,BE,6.9227,76.91,2021
2021-09-02,BE,6.9548,77.26,2021
2021-09-03,BE,6.9838,77.59,2021
2021-09-04,BE,7.005,77.82,2021
2021-09-05,BE,7.0348,78.15,2021
2021-09-06,BE,7.0595,78.43,2021
2021-09-07,BE,7.0885,78.75,2021
2021-09-08,BE,7.1169,79.07,2021
2021-09-09,BE,7.1443,79.37,2021
2021-09-10,BE,7.1727,79.69,2021
2021-09-11,BE,7.2046,80.04,2021
2021-09-12,BE,7.2369,80.4,2021
2021-09-13,BE,7.2603,80.66,2021
2021-09-14,BE,7.2827,80.91,2021
2021-09-15,BE,7.2725,80.79,2021
2021-09-16,BE,7.2896,80.98,2021
2021-09-17,BE,7.3041,81.15,2021
2021-09-18,BE,7.3141,81.26,2021
2021-09-19,BE,7.3276,81.41,2021
2021-09-20,BE,7.3349,81.49,2021
2021-09-21,BE,7.3596,81.76,2021
2021-09-22,BE,7.3874,82.07,2021
2021-09-23,BE,7.4169,82.4,2021
2021-09-24,BE,7.4589,82.86,2021
2021-09-25,BE,7.5247,83.6,2021
2021-09-26,BE,7.6087,84.53,2021
2021-09-27,BE,7.6625,85.13,2021
2021-09-28,BE,7.7138,85.7,2021
2021-09-29,BE,7.7409,86.0,2021
2021-09-30,BE,7.7871,86.51,2021
2021-10-01,BE,7.8504,87.21,2022
2021-10-02,BE,7.9009,87.77,2022
2021-10-03,BE,7.9344,88.15,2022
2021-10-04,BE,7.9607,88.44,2022
2021-10-05,BE,7.9638,88.47,2022
2021-10-06,BE,7.9617,88.45,2022
2021-10-07,BE,7.9896,88.76,2022
2021-10-08,BE,8.0182,89.08,2022
2021-10-09,BE,8.0372,89.29,2022
2021-10-10,BE,8.071,89.67,2022
2021-10-11,BE,8.0827,89.8,2022
2021-10-12,BE,8.0922,89.9,2022
2021-10-13,BE,8.1009,90.0,2022
2021-10-14,BE,8.1003,89.99,2022
2021-10-15,BE,8.108,90.08,2022
2021-10-16,BE,8.1421,90.45,2022
2021-10-17,BE,8.1906,90.99,2022
2021-10-18,BE,8.1995,91.09,2022
2021-10-19,BE,8.2356,91.49,2022
2021-10-20,BE,8.2482,91.63,2022
2021-10-21,BE,8.261,91.78,2022
2021-10-22,BE,8.2712,91.89,2022
2021-10-23,BE,8.282,92.01,2022
2021-10-24,BE,8.2962,92.17,2022
2021-10-25,BE,8.308,92.3,2022
2021-10-26,BE,8.3217,92.45,2022
2021-10-27,BE,8.336,92.61,2022
2021-10-28,BE,8.3508,92.77,2022
2021-10-29,BE,8.3655,92.94,2022
2021-10-30,BE,8.3651,92.93,2022
2021-10-31,BE,8.3691,92.98,2022
2021-11-01,BE,8.3249,92.49,2022
2021-11-02,BE,8.2615,91.78,2022
2021-11-03,BE,8.1799,90.87,2022
2021-11-04,BE,8.1051,90.04,2022
2021-11-05,BE,8.0303,89.21,2022
2021-11-06,BE,7.977,88.62,2022
2021-11-07,BE,7.9413,88.22,2022
2021-11-08,BE,7.8525,87.24,2022
2021-11-09,BE,7.7777,86.41,2022
2021-11-10,BE,7.7151,85.71,2022
2021-11-11,BE,7.6492,84.98,2022
2021-11-12,BE,7.5836,84.25,2022
2021-11-13,BE,7.5136,83.47,2022
2021-11-14,BE,7.4538,82.81,2022
2021-11-15,BE,7.3661,81.83,2022
2021-11-16,BE,7.3012,81.11,2022
2021-11-17,BE,7.2274,80.29,2022
2021-11-18,BE,7.1536,79.47,2022
2021-11-19,BE,7.0888,78.75,2022
2021-11-20,BE,7.0425,78.24,2022
2021-11-21,BE,6.9715,77.45,2022
2021-11-22,BE,6.8991,76.65,2022
2021-11-23,BE,6.8199,75.77,2022
2021-11-24,BE,6.7394,74.87,2022
2021-11-25,BE,6.6506,73.89,2022
2021-11-26,BE,6.5713,73.0,2022
2021-11-27,BE,6.5008,72.22,2022
2021-11-28,BE,6.4384,71.53,2022
2021-11-29,BE,6.3603,70.66,2022
2021-11-30,BE,6.2963,69.95,2022
2021-12-01,BE,6.2294,69.21,2022
2021-12-02,BE,6.1696,68.54,2022
2021-12-03,BE,6.1364,68.17,2022
2021-12-04,BE,6.1106,67.89,2022
2021-12-05,BE,6.0704,67.44,2022
2021-12-06,BE,6.0313,67.0,2022
2021-12-07,BE,5.986,66.5,2022
2021-12-08,BE,5.9443,66.04,2022
2021-12-09,BE,5.901,65.56,2022
2021-12-10,BE,5.8607,65.11,2022
2021-12-11,BE,5.8023,64.46,2022
2021-12-12,BE,5.8112,64.56,2022
2021-12-13,BE,5.7803,64.22,2022
2021-12-14,BE,5.7524,63.91,2022
2021-12-15,BE,5.7255,63.61,2022
2021-12-16,BE,5.697,63.29,2022
2021-12-17,BE,5.6678,62.97,2022
2021-12-18,BE,5.6397,62.65,2022
2021-12-19,BE,5.6216,62.45,2022
2021-12-20,BE,5.5563,61.73,2022
2021-12-21,BE,5.4991,61.09,2022
2021-12-22,BE,5.4003,59.99,2022
2021-12-23,BE,5.3672,59.63,2022
2021-12-24,BE,5.3525,59.46,2022
2021-12-25,BE,5.3533,59.47,2022
2021-12-26,BE,5.334,59.26,2022
2021-12-27,BE,5.3506,59.44,2022
2021-12-28,BE,5.3618,59.57,2022
2021-12-29,BE,5.3772,59.74,2022
2021-12-30,BE,5.4104,60.11,2022
2021-12-31,BE,5.4443,60.48,2022
2022-01-01,BE,5.4892,60.98,2022
2022-01-02,BE,5.4628,60.69,2022
2022-01-03,BE,5.4265,60.29,2022
2022-01-04,BE,5.3866,59.84,2022
2022-01-05,BE,5.2941,58.82,2022
2022-01-06,BE,5.2177,57.97,2022
2022-01-07,BE,5.1524,57.24,2022
2022-01-08,BE,5.0763,56.39,2022
2022-01-09,BE,5.0165,55.73,2022
2022-01-10,BE,4.9362,54.84,2022
2022-01-11,BE,4.8652,54.05,2022
2022-01-12,BE,4.7831,53.14,2022
2022-01-13,BE,4.6989,52.2,2022
2022-01-14,BE,4.597,51.07,2022
2022-01-15,BE,4.4853,49.83,2022
2022-01-16,BE,4.4153,49.05,2022
2022-01-17,BE,4.3337,48.15,2022
2022-01-18,BE,4.2429,47.14,2022
2022-01-19,BE,4.1565,46.18,2022
2022-01-20,BE,4.0573,45.07,2022
2022-01-21,BE,3.9837,44.26,2022
2022-01-22,BE,3.885,43.16,2022
2022-01-23,BE,3.825,42.49,2022
2022-01-24,BE,3.7269,41.4,2022
2022-01-25,BE,3.6323,40.35,2022
2022-01-26,BE,3.5562,39.51,2022
2022-01-27,BE,3.4739,38.59,2022
2022-01-28,BE,3.3913,37.68,2022
2022-01-29,BE,3.3251,36.94,2022
2022-01-30,BE,3.2605,36.22,2022
2022-01-31,BE,3.1649,35.16,2022
2022-02-01,BE,3.1081,34.53,2022
2022-02-02,BE,3.0506,33.89,2022
2022-02-03,BE,2.9885,33.2,2022
2022-02-04,BE,2.9305,32.56,2022
2022-02-05,BE,2.8816,32.01,2022
2022-02-06,BE,2.8297,31.44,2022
2022-02-07,BE,2.7704,30.78,2022
2022-02-08,BE,2.7126,30.14,2022
2022-02-09,BE,2.6483,29.42,2022
2022-02-10,BE,2.5757,28.62,2022
2022-02-11,BE,2.5067,27.85,2022
2022-02-12,BE,2.4291,26.99,2022
2022-02-13,BE,2.3514,26.12,2022
2022-02-14,BE,2.3087,25.65,2022
2022-02-15,BE,2.2322,24.8,2022
2022-02-16,BE,2.1595,23.99,2022
2022-02-17,BE,2.1041,23.38,2022
2022-02-18,BE,2.0487,22.76,2022
2022-02-19,BE,1.9926,22.14,2022
2022-02-20,BE,1.9419,21.57,2022
2022-02-21,BE,1.8853,20.95,2022
2022-02-22,BE,1.8297,20.33,2022
2022-02-23,BE,1.8159,20.17,2022
2022-02-24,BE,1.7923,19.91,2022
2022-02-25,BE,1.7713,19.68,2022
2022-02-26,BE,1.746,19.4,2022
2022-02-27,BE,1.7269,19.19,2022
2022-02-28,BE,1.7077,18.97,2022
2022-03-01,BE,1.6917,18.79,2022
2022-03-02,BE,1.6797,18.66,2022
2022-03-03,BE,1.6567,18.4,2022
2022-03-04,BE,1.628,18.09,2022
2022-03-05,BE,1.604,17.82,2022
2022-03-06,BE,1.5811,17.56,2022
2022-03-07,BE,1.5596,17.33,2022
2022-03-08,BE,1.538,17.09,2022
2022-03-09,BE,1.5167,16.85,2022
2022-03-10,BE,1.4915,16.57,2022
2022-03-11,BE,1.4656,16.28,2022
2022-03-12,BE,1.458,16.2,2022
2022-03-13,BE,1.4486,16.09,2022
2022-03-14,BE,1.4274,15.86,2022
2022-03-15,BE,1.4053,15.6,2022
2022-03-16,BE,1.3936,15.47,2022
2022-03-17,BE,1.3751,15.26,2022
2022-03-18,BE,1.3656,15.16,2022
2022-03-19,BE,1.3634,15.13,2022
2022-03-20,BE,1.3441,14.92,2022
2022-03-21,BE,1.3364,14.83,2022
2022-03-22,BE,1.3184,14.63,2022
2022-03-23,BE,1.2931,14.35,2022
2022-03-24,BE,1.2855,14.27,2022
2022-03-25,BE,1.2881,14.3,2022
2022-03-26,BE,1.2747,14.15,2022
2022-03-27,BE,1.2376,13.74,2022
2022-03-28,BE,1.2121,13.45,2022
2022-03-29,BE,1.1884,13.19,2022
2022-03-30,BE,1.1684,12.97,2022
2022-03-31,BE,1.1455,12.71,2022
2022-04-01,BE,1.147,13.18,2022
2022-04-02,BE,1.1481,13.19,2022
2022-04-03,BE,1.1524,13.24,2022
2022-04-04,BE,1.1529,13.25,2022
2022-04-05,BE,1.1423,13.13,2022
2022-04-06,BE,1.1499,13.22,2022
2022-04-07,BE,1.1517,13.24,2022
2022-04-08,BE,1.1546,13.27,2022
2022-04-09,BE,1.1426,13.13,2022
2022-04-10,BE,1.1519,13.24,2022
2022-04-11,BE,1.1502,13.22,2022
2022-04-12,BE,1.1591,13.32,2022
2022-04-13,BE,1.1641,13.38,2022
2022-04-14,BE,1.1794,13.55,2022
2022-04-15,BE,1.2069,13.87,2022
2022-04-16,BE,1.219,14.01,2022
2022-04-17,BE,1.2705,14.6,2022
2022-04-18,BE,1.3104,15.06,2022
2022-04-19,BE,1.2928,14.86,2022
2022-04-20,BE,1.2947,14.88,2022
2022-04-21,BE,1.2868,14.79,2022
2022-04-22,BE,1.2998,14.94,2022
2022-04-23,BE,1.324,15.22,2022
2022-04-24,BE,1.3372,15.37,2022
2022-04-25,BE,1.3249,15.23,2022
2022-04-26,BE,1.2975,14.91,2022
2022-04-27,BE,1.2752,14.66,2022
2022-04-28,BE,1.264,14.53,2022
2022-04-29,BE,1.2365,14.21,2022
2022-04-30,BE,1.2526,14.4,2022
2022-05-01,BE,1.2994,14.93,2022
2022-05-02,BE,1.3397,15.4,2022
2022-05-03,BE,1.3947,16.03,2022
2022-05-04,BE,1.4129,16.24,2022
2022-05-05,BE,1.4864,17.08,2022
2022-05-06,BE,1.5442,17.75,2022
2022-05-07,BE,1.6173,18.59,2022
2022-05-08,BE,1.6889,19.41,2022
2022-05-09,BE,1.7647,20.28,2022
2022-05-10,BE,1.8384,21.13,2022
2022-05-11,BE,1.9233,22.1,2022
2022-05-12,BE,1.9991,22.98,2022
2022-05-13,BE,2.0754,23.85,2022
2022-05-14,BE,2.1339,24.52,2022
2022-05-15,BE,2.2172,25.48,2022
2022-05-16,BE,2.2943,26.37,2022
2022-05-17,BE,2.3805,27.36,2022
2022-05-18,BE,2.4205,27.82,2022
2022-05-19,BE,2.4897,28.61,2022
2022-05-20,BE,2.5577,29.4,2022
2022-05-21,BE,2.6307,30.23,2022
2022-05-22,BE,2.7101,31.15,2022
2022-05-23,BE,2.7839,32.0,2022
2022-05-24,BE,2.8621,32.89,2022
2022-05-25,BE,2.9339,33.72,2022
2022-05-26,BE,3.0051,34.54,2022
2022-05-27,BE,3.0733,35.32,2022
2022-05-28,BE,3.1426,36.12,2022
2022-05-29,BE,3.2047,36.83,2022
2022-05-30,BE,3.2738,37.63,2022
2022-05-31,BE,3.33,38.27,2022
2022-06-01,BE,3.4049,39.13,2022
2022-06-02,BE,3.4762,39.95,2022
2022-06-03,BE,3.5473,40.77,2022
2022-06-04,BE,3.6211,41.62,2022
2022-06-05,BE,3.7068,42.6,2022
2022-06-06,BE,3.7915,43.58,2022
2022-06-07,BE,3.8436,44.17,2022
2022-06-08,BE,3.8919,44.73,2022
2022-06-09,BE,3.9593,45.5,2022
2022-06-10,BE,4.0127,46.12,2022
2022-06-11,BE,4.0794,46.88,2022
2022-06-12,BE,4.1488,47.68,2022
2022-06-13,BE,4.2186,48.48,2022
2022-06-14,BE,4.2883,49.29,2022
2022-06-15,BE,4.3581,50.09,2022
2022-06-16,BE,4.4255,50.86,2022
2022-06-17,BE,4.4948,51.66,2022
2022-06-18,BE,4.5431,52.21,2022
2022-06-19,BE,4.5835,52.68,2022
2022-06-20,BE,4.6455,53.39,2022
2022-06-21,BE,4.6927,53.93,2022
2022-06-22,BE,4.7395,54.47,2022
2022-06-23,BE,4.793,55.09,2022
2022-06-24,BE,4.851,55.75,2022
2022-06-25,BE,4.8948,56.26,2022
2022-06-26,BE,4.9515,56.91,2022
2022-06-27,BE,5.0053,57.53,2022
2022-06-28,BE,5.0694,58.26,2022
2022-06-29,BE,5.0865,58.46,2022
2022-06-30,BE,5.1435,59.11,2022
2022-07-01,BE,5.2176,59.97,2022
2022-07-02,BE,5.2714,60.58,2022
2022-07-03,BE,5.327,61.22,2022
2022-07-04,BE,5.3918,61.97,2022
2022-07-05,BE,5.438,62.5,2022
2022-07-06,BE,5.4768,62.95,2022
2022-07-07,BE,5.5221,63.47,2022
2022-07-08,BE,5.5636,63.94,2022
2022-07-09,BE,5.6062,64.43,2022
2022-07-10,BE,5.6542,64.98,2022
2022-07-11,BE,5.6568,65.01,2022
2022-07-12,BE,5.644,64.87,2022
2022-07-13,BE,5.6271,64.67,2022
2022-07-14,BE,5.6702,65.17,2022
2022-07-15,BE,5.7163,65.7,2022
2022-07-16,BE,5.7703,66.32,2022
2022-07-17,BE,5.8132,66.81,2022
2022-07-18,BE,5.877,67.54,2022
2022-07-19,BE,5.9393,68.26,2022
2022-07-20,BE,6.0024,68.98,2022
2022-07-21,BE,6.0123,69.1,2022
2022-07-22,BE,6.0799,69.88,2022
2022-07-23,BE,6.1469,70.65,2022
2022-07-24,BE,6.2153,71.43,2022
2022-07-25,BE,6.2748,72.12,2022
2022-07-26,BE,6.3389,72.85,2022
2022-07-27,BE,6.3825,73.35,2022
2022-07-28,BE,6.4478,74.1,2022
2022-07-29,BE,6.5129,74.85,2022
2022-07-30,BE,6.5807,75.63,2022
2022-07-31,BE,6.6453,76.37,2022
2022-08-01,BE,6.7174,77.2,2022
2022-08-02,BE,6.7818,77.94,2022
2022-08-03,BE,6.8386,78.6,2022
2022-08-04,BE,6.8268,78.46,2022
2022-08-05,BE,6.8234,78.42,2022
2022-08-06,BE,6.8611,78.85,2022
2022-08-07,BE,6.8912,79.2,2022
2022-08-08,BE,6.9441,79.81,2022
2022-08-09,BE,6.9907,80.34,2022
2022-08-10,BE,7.0132,80.6,2022
2022-08-11,BE,6.9012,79.32,2022
2022-08-12,BE,6.8779,79.05,2022
2022-08-13,BE,6.9085,79.4,2022
2022-08-14,BE,6.9418,79.78,2022
2022-08-15,BE,6.9858,80.29,2022
2022-08-16,BE,7.0138,80.61,2022
2022-08-17,BE,7.0686,81.24,2022
2022-08-18,BE,7.1347,82.0,2022
2022-08-19,BE,7.1954,82.7,2022
2022-08-20,BE,7.2607,83.45,2022
2022-08-21,BE,7.326,84.2,2022
2022-08-22,BE,7.3887,84.92,2022
2022-08-23,BE,7.4445,85.56,2022
2022-08-24,BE,7.5097,86.31,2022
2022-08-25,BE,7.5755,87.06,2022
2022-08-26,BE,7.632,87.71,2022
2022-08-27,BE,7.6515,87.94,2022
2022-08-28,BE,7.6925,88.41,2022
2022-08-29,BE,7.6976,88.47,2022
2022-08-30,BE,7.702,88.52,2022
2022-08-31,BE,7.7543,89.12,2022
2022-09-01,BE,7.7867,89.49,2022
2022-09-02,BE,7.7998,89.64,2022
2022-09-03,BE,7.8261,89.94,2022
2022-09-04,BE,7.8585,90.32,2022
2022-09-05,BE,7.8942,90.73,2022
2022-09-06,BE,7.9026,90.82,2022
2022-09-07,BE,7.9291,91.13,2022
2022-09-08,BE,7.9494,91.36,2022
2022-09-09,BE,7.8644,90.39,2022
2022-09-10,BE,7.7869,89.49,2022
2022-09-11,BE,7.7163,88.68,2022
2022-09-12,BE,7.6153,87.52,2022
2022-09-13,BE,7.4911,86.09,2022
2022-09-14,BE,7.3656,84.65,2022
2022-09-15,BE,7.208,82.84,2022
2022-09-16,BE,7.2652,83.5,2022
2022-09-17,BE,7.3074,83.98,2022
2022-09-18,BE,7.3375,84.33,2022
2022-09-19,BE,7.3513,84.49,2022
2022-09-20,BE,7.4273,85.36,2022
2022-09-21,BE,7.499,86.19,2022
2022-09-22,BE,7.5837,87.17,2022
2022-09-23,BE,7.6682,88.13,2022
2022-09-24,BE,7.7489,89.06,2022
2022-09-25,BE,7.8355,90.05,2022
2022-09-26,BE,7.9068,90.87,2022
2022-09-27,BE,7.9329,91.17,2022
2022-09-28,BE,7.9658,91.55,2022
2022-09-29,BE,8.0127,105.29,2022
2022-09-30,BE,8.0703,106.05,2022
2022-10-01,BE,8.0782,106.15,2023
2022-10-02,BE,8.0996,106.43,2023
2022-10-03,BE,8.1016,106.46,2023
2022-10-04,BE,8.1208,106.71,2023
2022-10-05,BE,8.1315,106.85,2023
2022-10-06,BE,8.1847,107.55,2023
2022-10-07,BE,8.2087,107.87,2023
2022-10-08,BE,8.2384,108.26,2023
2022-10-09,BE,8.2761,108.75,2023
2022-10-10,BE,8.2929,108.97,2023
2022-10-11,BE,8.3218,109.35,2023
2022-10-12,BE,8.3415,109.61,2023
2022-10-13,BE,8.3717,110.01,2023
2022-10-14,BE,8.3774,110.08,2023
2022-10-15,BE,8.4156,110.59,2023
2022-10-16,BE,8.4842,111.49,2023
2022-10-17,BE,8.5605,112.49,2023
2022-10-18,BE,8.6047,113.07,2023
2022-10-19,BE,8.6223,113.3,2023
2022-10-20,BE,8.6534,113.71,2023
2022-10-21,BE,8.6402,113.54,2023
2022-10-22,BE,8.6822,114.09,2023
2022-10-23,BE,8.7425,114.88,2023
2022-10-24,BE,8.7565,115.07,2023
2022-10-25,BE,8.7751,115.31,2023
2022-10-26,BE,8.7973,115.6,2023
2022-10-27,BE,8.8101,115.77,2023
2022-10-28,BE,8.8756,116.63,2023
2022-10-29,BE,8.9259,117.29,2023
2022-10-30,BE,9.0067,118.35,2023
2022-10-31,BE,8.971,117.88,2023
2022-11-01,BE,8.9922,118.16,2023
2022-11-02,BE,8.9746,117.93,2023
2022-11-03,BE,8.9917,118.16,2023
2022-11-04,BE,8.9577,117.71,2023
2022-11-05,BE,8.9581,117.71,2023
2022-11-06,BE,8.9528,117.65,2023
2022-11-07,BE,8.9752,117.94,2023
2022-11-08,BE,8.9941,118.19,2023
2022-11-09,BE,9.0019,118.29,2023
2022-11-10,BE,8.9678,117.84,2023
2022-11-11,BE,8.9449,117.54,2023
2022-11-12,BE,8.9433,117.52,2023
2022-11-13,BE,8.9588,117.72,2023
2022-11-14,BE,8.953,117.65,2023
2022-11-15,BE,8.9259,117.29,2023
2022-11-16,BE,8.9101,117.08,2023
2022-11-17,BE,8.8635,116.47,2023
2022-11-18,BE,8.8203,115.9,2023
2022-11-19,BE,8.7593,115.1,2023
2022-11-20,BE,8.6978,114.29,2023
2022-11-21,BE,8.5998,113.01,2023
2022-11-22,BE,8.5187,111.94,2023
2022-11-23,BE,8.4194,110.64,2023
2022-11-24,BE,8.3617,109.88,2023
2022-11-25,BE,8.3183,109.31,2023
2022-11-26,BE,8.3081,109.17,2023
2022-11-27,BE,8.2925,108.97,2023
2022-11-28,BE,8.2283,108.12,2023
2022-11-29,BE,8.0998,106.44,2023
2022-11-30,BE,7.9546,104.53,2023
2022-12-01,BE,7.8615,103.3,2023
2022-12-02,BE,7.7668,102.06,2023
2022-12-03,BE,7.7314,101.6,2023
2022-12-04,BE,7.6588,100.64,2023
2022-12-05,BE,7.5642,99.4,2023
2022-12-06,BE,7.4772,98.25,2023
2022-12-07,BE,7.3637,96.76,2023
2022-12-08,BE,7.2267,94.96,2023
2022-12-09,BE,7.1378,93.79,2023
2022-12-10,BE,7.0457,92.59,2023
2022-12-11,BE,6.9624,91.49,2023
2022-12-12,BE,6.8007,89.37,2023
2022-12-13,BE,6.665,87.58,2023
2022-12-14,BE,6.5282,85.78,2023
2022-12-15,BE,6.3875,83.94,2023
2022-12-16,BE,6.2583,82.24,2023
2022-12-17,BE,6.1713,81.09,2023
2022-12-18,BE,6.0753,79.83,2023
2022-12-19,BE,6.0365,79.32,2023
2022-12-20,BE,6.0147,79.04,2023
2022-12-21,BE,6.0572,79.6,2023
2022-12-22,BE,6.0775,79.86,2023
2022-12-23,BE,6.1609,80.96,2023
2022-12-24,BE,6.2415,82.02,2023
2022-12-25,BE,6.3224,83.08,2023
2022-12-26,BE,6.3952,84.04,2023
2022-12-27,BE,6.4578,84.86,2023
2022-12-28,BE,6.5394,85.93,2023
2022-12-29,BE,6.6131,86.9,2023
2022-12-30,BE,6.6496,87.38,2023
2022-12-31,BE,6.6956,87.98,2023
2023-01-01,BE,6.7261,88.38,2023
2023-01-02,BE,6.7348,88.5,2023
2023-01-03,BE,6.7473,88.66,2023
2023-01-04,BE,6.7677,88.93,2023
2023-01-05,BE,6.7472,88.66,2023
2023-01-06,BE,6.7834,89.14,2023
2023-01-07,BE,6.7824,89.13,2023
2023-01-08,BE,6.7795,89.09,2023
2023-01-09,BE,6.762,88.86,2023
2023-01-10,BE,6.7698,88.96,2023
2023-01-11,BE,6.7924,89.26,2023
2023-01-12,BE,6.8052,89.42,2023
2023-01-13,BE,6.8021,89.38,2023
2023-01-14,BE,6.7409,88.58,2023
2023-01-15,BE,6.6711,87.66,2023
2023-01-16,BE,6.6162,86.94,2023
2023-01-17,BE,6.4946,85.34,2023
2023-01-18,BE,6.3663,75.79,2023
2023-01-19,BE,6.2361,74.24,2023
2023-01-20,BE,6.1275,72.95,2023
2023-01-21,BE,6.0635,72.18,2023
2023-01-22,BE,5.9942,71.36,2023
2023-01-23,BE,5.8748,69.94,2023
2023-01-24,BE,5.7486,68.44,2023
2023-01-25,BE,5.6532,67.3,2023
2023-01-26,BE,5.5458,66.02,2023
2023-01-27,BE,5.4398,64.76,2023
2023-01-28,BE,5.3779,64.02,2023
2023-01-29,BE,5.3527,63.72,2023
2023-01-30,BE,5.3145,63.27,2023
2023-01-31,BE,5.2224,62.17,2023
2023-02-01,BE,5.1517,61.33,2023
2023-02-02,BE,5.1095,60.83,2023
2023-02-03,BE,5.0763,60.43,2023
2023-02-04,BE,5.0562,60.19,2023
2023-02-05,BE,5.0244,59.81,2023
2023-02-06,BE,4.9656,59.11,2023
2023-02-07,BE,4.8723,58.0,2023
2023-02-08,BE,4.7964,57.1,2023
2023-02-09,BE,4.6803,55.72,2023
2023-02-10,BE,4.5837,54.57,2023
2023-02-11,BE,4.531,53.94,2023
2023-02-12,BE,4.497,53.54,2023
2023-02-13,BE,4.4308,52.75,2023
2023-02-14,BE,4.3344,51.6,2023
2023-02-15,BE,4.245,50.54,2023
2023-02-16,BE,4.1529,49.44,2023
2023-02-17,BE,4.1,48.81,2023
2023-02-18,BE,4.1034,48.85,2023
2023-02-19,BE,4.1042,48.86,2023
2023-02-20,BE,4.1176,49.02,2023
2023-02-21,BE,4.0937,48.73,2023
2023-02-22,BE,4.0635,48.38,2023
2023-02-23,BE,4.0223,47.88,2023
2023-02-24,BE,3.9911,47.51,2023
2023-02-25,BE,3.9612,47.16,2023
2023-02-26,BE,3.9167,46.63,2023
2023-02-27,BE,3.861,45.96,2023
2023-02-28,BE,3.73,44.4,2023
2023-03-01,BE,3.6188,43.08,2023
2023-03-02,BE,3.4849,41.49,2023
2023-03-03,BE,3.3687,40.1,2023
2023-03-04,BE,3.3038,39.33,2023
2023-03-05,BE,3.2276,38.42,2023
2023-03-06,BE,3.1079,37.0,2023
2023-03-07,BE,3.0083,35.81,2023
2023-03-08,BE,2.867,34.13,2023
2023-03-09,BE,2.7438,32.66,2023
2023-03-10,BE,2.6508,31.56,2023
2023-03-11,BE,2.5909,30.84,2023
2023-03-12,BE,2.5592,30.47,2023
2023-03-13,BE,2.528,30.1,2023
2023-03-14,BE,2.4623,29.31,2023
2023-03-15,BE,2.3925,28.48,2023
2023-03-16,BE,2.3594,28.09,2023
2023-03-17,BE,2.332,27.76,2023
2023-03-18,BE,2.3688,28.2,2023
2023-03-19,BE,2.3828,28.37,2023
2023-03-20,BE,2.3947,28.51,2023
2023-03-21,BE,2.4198,28.81,2023
2023-03-22,BE,2.4417,29.07,2023
2023-03-23,BE,2.4773,29.49,2023
2023-03-24,BE,2.542,30.26,2023
2023-03-25,BE,2.5808,30.72,2023
2023-03-26,BE,2.5999,30.95,2023
2023-03-27,BE,2.6045,31.01,2023
2023-03-28,BE,2.5675,30.57,2023
2023-03-29,BE,2.5643,30.53,2023
2023-03-30,BE,2.5901,30.83,2023
2023-03-31,BE,2.6236,31.23,2023
2023-04-01,BE,2.6786,30.34,2023
2023-04-02,BE,2.7172,30.77,2023
2023-04-03,BE,2.7157,30.76,2023
2023-04-04,BE,2.7299,30.92,2023
2023-04-05,BE,2.7284,30.9,2023
2023-04-06,BE,2.7198,30.8,2023
2023-04-07,BE,2.7536,31.18,2023
2023-04-08,BE,2.8114,31.84,2023
2023-04-09,BE,2.8692,32.49,2023
2023-04-10,BE,2.9301,33.18,2023
2023-04-11,BE,2.9745,33.69,2023
2023-04-12,BE,3.0165,34.16,2023
2023-04-13,BE,3.0082,34.07,2023
2023-04-14,BE,3.022,34.22,2023
2023-04-15,BE,3.0562,34.61,2023
2023-04-16,BE,3.0716,34.79,2023
2023-04-17,BE,3.096,35.06,2023
2023-04-18,BE,3.1211,35.35,2023
2023-04-19,BE,3.1388,35.55,2023
2023-04-20,BE,3.1982,36.22,2023
2023-04-21,BE,3.2544,36.86,2023
2023-04-22,BE,3.3098,37.48,2023
2023-04-23,BE,3.3746,38.22,2023
2023-04-24,BE,3.4333,38.88,2023
2023-04-25,BE,3.4489,39.06,2023
2023-04-26,BE,3.4566,39.15,2023
2023-04-27,BE,3.4823,39.44,2023
2023-04-28,BE,3.5193,39.86,2023
2023-04-29,BE,3.5755,40.49,2023
2023-04-30,BE,3.6385,41.21,2023
2023-05-01,BE,3.6922,41.81,2023
2023-05-02,BE,3.7226,42.16,2023
2023-05-03,BE,3.7494,42.46,2023
2023-05-04,BE,3.7984,43.02,2023
2023-05-05,BE,3.8251,43.32,2023
2023-05-06,BE,3.8651,43.77,2023
2023-05-07,BE,3.9104,44.29,2023
2023-05-08,BE,3.9254,44.46,2023
2023-05-09,BE,3.9343,44.56,2023
2023-05-10,BE,3.9657,44.91,2023
2023-05-11,BE,3.969,44.95,2023
2023-05-12,BE,3.9972,45.27,2023
2023-05-13,BE,4.0601,45.98,2023
2023-05-14,BE,4.1242,46.71,2023
2023-05-15,BE,4.1946,47.5,2023
2023-05-16,BE,4.196,47.52,2023
2023-05-17,BE,4.2244,47.84,2023
2023-05-18,BE,4.3003,48.7,2023
2023-05-19,BE,4.3704,49.5,2023
2023-05-20,BE,4.4377,50.26,2023
2023-05-21,BE,4.5057,51.03,2023
2023-05-22,BE,4.5217,51.21,2023
2023-05-23,BE,4.5499,51.53,2023
2023-05-24,BE,4.5336,51.34,2023
2023-05-25,BE,4.5564,51.6,2023
2023-05-26,BE,4.6189,52.31,2023
2023-05-27,BE,4.6654,52.84,2023
2023-05-28,BE,4.7149,53.4,2023
2023-05-29,BE,4.7696,54.02,2023
2023-05-30,BE,4.8058,54.43,2023
2023-05-31,BE,4.8346,54.75,2023
2023-06-01,BE,4.8879,55.36,2023
2023-06-02,BE,4.9426,55.97,2023
2023-06-03,BE,5.0015,56.64,2023
2023-06-04,BE,5.0532,57.23,2023
2023-06-05,BE,5.1021,57.78,2023
2023-06-06,BE,5.142,58.23,2023
2023-06-07,BE,5.1826,58.69,2023
2023-06-08,BE,5.2187,59.1,2023
2023-06-09,BE,5.2802,59.8,2023
2023-06-10,BE,5.3509,60.6,2023
2023-06-11,BE,5.42,61.38,2023
2023-06-12,BE,5.4762,62.02,2023
2023-06-13,BE,5.5289,62.62,2023
2023-06-14,BE,5.5858,63.26,2023
2023-06-15,BE,5.6381,63.85,2023
2023-06-16,BE,5.7084,64.65,2023
2023-06-17,BE,5.757,65.2,2023
2023-06-18,BE,5.8314,66.04,2023
2023-06-19,BE,5.8918,66.72,2023
2023-06-20,BE,5.9289,67.15,2023
2023-06-21,BE,5.9677,67.58,2023
2023-06-22,BE,5.9718,67.63,2023
2023-06-23,BE,6.0154,68.12,2023
2023-06-24,BE,6.0726,68.77,2023
2023-06-25,BE,6.1414,69.55,2023
2023-06-26,BE,6.1861,70.06,2023
2023-06-27,BE,6.2097,70.32,2023
2023-06-28,BE,6.2351,70.61,2023
2023-06-29,BE,6.2681,70.99,2023
2023-06-30,BE,6.3294,71.68,2023
2023-07-01,BE,6.3865,72.33,2023
2023-07-02,BE,6.438,72.91,2023
2023-07-03,BE,6.4767,73.35,2023
2023-07-04,BE,6.5139,73.77,2023
2023-07-05,BE,6.5673,74.38,2023
2023-07-06,BE,6.6068,74.82,2023
2023-07-07,BE,6.6538,75.35,2023
2023-07-08,BE,6.68,75.65,2023
2023-07-09,BE,6.7141,76.04,2023
2023-07-10,BE,6.7448,76.38,2023
2023-07-11,BE,6.7729,76.7,2023
2023-07-12,BE,6.8072,77.09,2023
2023-07-13,BE,6.8562,77.65,2023
2023-07-14,BE,6.8974,78.11,2023
2023-07-15,BE,6.9379,78.57,2023
2023-07-16,BE,6.9922,79.19,2023
2023-07-17,BE,7.0347,79.67,2023
2023-07-18,BE,7.0586,79.94,2023
2023-07-19,BE,7.082,80.2,2023
2023-07-20,BE,7.1078,80.5,2023
2023-07-21,BE,7.1329,80.78,2023
2023-07-22,BE,7.167,81.17,2023
2023-07-23,BE,7.216,81.72,2023
2023-07-24,BE,7.2436,82.03,2023
2023-07-25,BE,7.2634,82.26,2023
2023-07-26,BE,7.2983,82.65,2023
2023-07-27,BE,7.3202,82.9,2023
2023-07-28,BE,7.3498,83.24,2023
2023-07-29,BE,7.3835,83.62,2023
2023-07-30,BE,7.4387,84.24,2023
2023-07-31,BE,7.4757,84.66,2023
2023-08-01,BE,7.5029,84.97,2023
2023-08-02,BE,7.537,85.36,2023
2023-08-03,BE,7.5565,85.58,2023
2023-08-04,BE,7.5744,85.78,2023
2023-08-05,BE,7.6217,86.32,2023
2023-08-06,BE,7.6761,86.93,2023
2023-08-07,BE,7.7185,87.41,2023
2023-08-08,BE,7.7591,87.87,2023
2023-08-09,BE,7.7868,88.19,2023
2023-08-10,BE,7.8128,88.48,2023
2023-08-11,BE,7.8514,88.92,2023
2023-08-12,BE,7.8967,89.43,2023
2023-08-13,BE,7.9419,89.94,2023
2023-08-14,BE,7.966,90.21,2023
2023-08-15,BE,7.9888,90.47,2023
2023-08-16,BE,8.0205,90.83,2023
2023-08-17,BE,8.0494,91.16,2023
2023-08-18,BE,8.0703,91.4,2023
2023-08-19,BE,8.092,91.64,2023
2023-08-20,BE,8.1178,91.93,2023
2023-08-21,BE,8.1322,92.1,2023
2023-08-22,BE,8.1328,92.1,2023
2023-08-23,BE,8.141,92.2,2023
2023-08-24,BE,8.1468,92.26,2023
2023-08-25,BE,8.1548,92.35,2023
2023-08-26,BE,8.1637,92.45,2023
2023-08-27,BE,8.1927,92.78,2023
2023-08-28,BE,8.1836,92.68,2023
2023-08-29,BE,8.174,92.57,2023
2023-08-30,BE,8.1846,92.69,2023
2023-08-31,BE,8.1597,92.41,2023
2023-09-01,BE,8.1401,92.19,2023
2023-09-02,BE,8.1469,92.26,2023
2023-09-03,BE,8.1547,92.35,2023
2023-09-04,BE,8.15,92.3,2023
2023-09-05,BE,8.1044,91.78,2023
2023-09-06,BE,8.0469,91.13,2023
2023-09-07,BE,7.9993,90.59,2023
2023-09-08,BE,7.9798,90.37,2023
2023-09-09,BE,7.99,90.49,2023
2023-09-10,BE,8.0,90.6,2023
2023-09-11,BE,8.0275,90.91,2023
2023-09-12,BE,8.0032,90.64,2023
2023-09-13,BE,8.0099,90.71,2023
2023-09-14,BE,8.0284,90.92,2023
2023-09-15,BE,8.05,91.17,2023
2023-09-16,BE,8.0514,91.18,2023
2023-09-17,BE,8.0668,91.36,2023
2023-09-18,BE,8.0907,91.63,2023
2023-09-19,BE,8.1079,91.82,2023
2023-09-20,BE,8.0786,91.49,2023
2023-09-21,BE,8.0715,91.41,2023
2023-09-22,BE,8.0887,91.61,2023
2023-09-23,BE,8.1461,92.25,2023
2023-09-24,BE,8.2159,93.05,2023
2023-09-25,BE,8.2441,93.36,2023
2023-09-26,BE,8.264,93.59,2023
2023-09-27,BE,8.3063,94.07,2023
2023-09-28,BE,8.3492,94.55,2023
2023-09-29,BE,8.3836,94.94,2023
2023-09-30,BE,8.4031,95.17,2023
2023-10-01,BE,8.4282,95.45,2024
2023-10-02,BE,8.4615,95.83,2024
2023-10-03,BE,8.5149,96.43,2024
2023-10-04,BE,8.5489,96.82,2024
2023-10-05,BE,8.5369,96.68,2024
2023-10-06,BE,8.5872,97.25,2024
2023-10-07,BE,8.6049,97.45,2024
2023-10-08,BE,8.6222,97.65,2024
2023-10-09,BE,8.6345,97.79,2024
2023-10-10,BE,8.64,97.85,2024
2023-10-11,BE,8.6796,98.3,2024
2023-10-12,BE,8.7168,98.72,2024
2023-10-13,BE,8.7774,99.4,2024
2023-10-14,BE,8.8304,100.01,2024
2023-10-15,BE,8.8412,100.13,2024
2023-10-16,BE,8.8434,100.15,2024
2023-10-17,BE,8.8694,100.45,2024
2023-10-18,BE,8.8819,100.59,2024
2023-10-19,BE,8.8903,100.68,2024
2023-10-20,BE,8.9029,100.83,2024
2023-10-21,BE,8.9161,100.98,2024
2023-10-22,BE,8.9173,100.99,2024
2023-10-23,BE,8.907,100.87,2024
2023-10-24,BE,8.8871,100.65,2024
2023-10-25,BE,8.8787,100.55,2024
2023-10-26,BE,8.9058,100.86,2024
2023-10-27,BE,8.9077,100.88,2024
2023-10-28,BE,8.9499,101.36,2024
2023-10-29,BE,8.9897,101.81,2024
2023-10-30,BE,8.9935,101.85,2024
2023-10-31,BE,9.0076,102.01,2024
2023-11-01,BE,9.047,102.46,2024
2023-11-02,BE,9.0729,102.75,2024
2023-11-03,BE,9.0767,102.79,2024
2023-11-04,BE,9.078,102.81,2024
2023-11-05,BE,9.0833,102.87,2024
2023-11-06,BE,9.0938,102.99,2024
2023-11-07,BE,9.1015,103.08,2024
2023-11-08,BE,9.0894,102.94,2024
2023-11-09,BE,9.0801,102.83,2024
2023-11-10,BE,9.0514,102.51,2024
2023-11-11,BE,9.0585,102.59,2024
2023-11-12,BE,9.056,102.56,2024
2023-11-13,BE,9.0448,102.43,2024
2023-11-14,BE,9.0404,102.38,2024
2023-11-15,BE,9.0378,102.35,2024
2023-11-16,BE,8.965,101.53,2024
2023-11-17,BE,8.9408,101.25,2024
2023-11-18,BE,8.9196,101.02,2024
2023-11-19,BE,8.9503,101.36,2024
2023-11-20,BE,8.9376,101.22,2024
2023-11-21,BE,8.8865,100.64,2024
2023-11-22,BE,8.7966,99.62,2024
2023-11-23,BE,8.7351,98.93,2024
2023-11-24,BE,8.6737,98.23,2024
2023-11-25,BE,8.5962,97.35,2024
2023-11-26,BE,8.5399,96.71,2024
2023-11-27,BE,8.4742,95.97,2024
2023-11-28,BE,8.3938,95.06,2024
2023-11-29,BE,8.2856,93.84,2024
2023-11-30,BE,8.1938,92.8,2024
2023-12-01,BE,8.1027,91.76,2024
2023-12-02,BE,7.9829,90.41,2024
2023-12-03,BE,7.9012,89.48,2024
2023-12-04,BE,7.7985,88.32,2024
2023-12-05,BE,7.6998,87.2,2024
2023-12-06,BE,7.6011,86.08,2024
2023-12-07,BE,7.5133,85.09,2024
2023-12-08,BE,7.4097,83.92,2024
2023-12-09,BE,7.3838,83.62,2024
2023-12-10,BE,7.392,83.71,2024
2023-12-11,BE,7.3453,83.19,2024
2023-12-12,BE,7.2689,82.32,2024
2023-12-13,BE,7.2324,81.91,2024
2023-12-14,BE,7.1951,81.48,2024
2023-12-15,BE,7.1438,80.9,2024
2023-12-16,BE,7.1427,80.89,2024
2023-12-17,BE,7.1499,80.97,2024
2023-12-18,BE,7.108,80.5,2024
2023-12-19,BE,7.0946,80.35,2024
2023-12-20,BE,7.0951,80.35,2024
2023-12-21,BE,7.1069,80.49,2024
2023-12-22,BE,7.1406,80.87,2024
2023-12-23,BE,7.1606,81.09,2024
2023-12-24,BE,7.2031,81.58,2024
2023-12-25,BE,7.2467,82.07,2024
2023-12-26,BE,7.2584,82.2,2024
2023-12-27,BE,7.2702,82.33,2024
2023-12-28,BE,7.281,82.46,2024
2023-12-29,BE,7.2939,82.6,2024
2023-12-30,BE,7.32,82.9,2024
2023-12-31,BE,7.3292,83.0,2024
2024-01-01,BE,7.3458,83.19,2024
2024-01-02,BE,7.3661,83.42,2024
2024-01-03,BE,7.3898,83.69,2024
2024-01-04,BE,7.3548,83.29,2024
2024-01-05,BE,7.3008,82.68,2024
2024-01-06,BE,7.2795,82.44,2024
2024-01-07,BE,7.2288,81.87,2024
2024-01-08,BE,7.0867,80.26,2024
2024-01-09,BE,6.9659,78.89,2024
2024-01-10,BE,6.824,77.28,2024
2024-01-11,BE,6.7153,76.05,2024
2024-01-12,BE,6.593,74.67,2024
2024-01-13,BE,6.4687,73.26,2024
2024-01-14,BE,6.3562,71.98,2024
2024-01-15,BE,6.2329,70.59,2024
2024-01-16,BE,6.1154,69.26,2024
2024-01-17,BE,5.991,67.85,2024
2024-01-18,BE,5.8628,66.4,2024
2024-01-19,BE,5.7439,65.05,2024
2024-01-20,BE,5.6284,63.74,2024
2024-01-21,BE,5.5625,62.99,2024
2024-01-22,BE,5.5236,62.55,2024
2024-01-23,BE,5.4913,62.19,2024
2024-01-24,BE,5.4725,61.98,2024
2024-01-25,BE,5.4187,61.37,2024
2024-01-26,BE,5.4019,61.18,2024
2024-01-27,BE,5.3843,60.98,2024
2024-01-28,BE,5.3752,60.87,2024
2024-01-29,BE,5.3715,60.83,2024
2024-01-30,BE,5.3749,60.87,2024
2024-01-31,BE,5.3296,60.36,2024
2024-02-01,BE,5.3317,60.38,2024
2024-02-02,BE,5.3133,60.17,2024
2024-02-03,BE,5.3454,60.54,2024
2024-02-04,BE,5.3819,60.95,2024
2024-02-05,BE,5.3952,61.1,2024
2024-02-06,BE,5.3658,60.77,2024
2024-02-07,BE,5.315,60.19,2024
2024-02-08,BE,5.256,59.52,2024
2024-02-09,BE,5.2276,59.2,2024
2024-02-10,BE,5.2193,59.11,2024
2024-02-11,BE,5.2181,59.1,2024
2024-02-12,BE,5.149,58.31,2024
2024-02-13,BE,5.096,57.71,2024
2024-02-14,BE,5.0749,57.47,2024
2024-02-15,BE,5.0602,57.31,2024
2024-02-16,BE,5.0391,57.07,2024
2024-02-17,BE,5.0506,57.2,2024
2024-02-18,BE,5.0621,57.33,2024
2024-02-19,BE,5.0551,57.25,2024
2024-02-20,BE,5.0474,57.16,2024
2024-02-21,BE,5.0192,56.84,2024
2024-02-22,BE,5.0024,56.65,2024
2024-02-23,BE,4.9594,56.17,2024
2024-02-24,BE,4.9181,55.7,2024
2024-02-25,BE,4.8888,55.37,2024
2024-02-26,BE,4.8024,54.39,2024
2024-02-27,BE,4.7352,53.63,2024
2024-02-28,BE,4.6767,52.96,2024
2024-02-29,BE,4.6526,52.69,2024
2024-03-01,BE,4.6422,52.57,2024
2024-03-02,BE,4.638,52.53,2024
2024-03-03,BE,4.6274,52.41,2024
2024-03-04,BE,4.588,51.96,2024
2024-03-05,BE,4.5371,51.38,2024
2024-03-06,BE,4.5193,51.18,2024
2024-03-07,BE,4.5069,51.04,2024
2024-03-08,BE,4.5048,51.02,2024
2024-03-09,BE,4.5215,51.21,2024
2024-03-10,BE,4.5451,51.47,2024
2024-03-11,BE,4.5369,51.38,2024
2024-03-12,BE,4.5251,51.25,2024
2024-03-13,BE,4.5393,51.41,2024
2024-03-14,BE,4.5713,51.77,2024
2024-03-15,BE,4.5958,52.05,2024
2024-03-16,BE,4.6076,52.18,2024
2024-03-17,BE,4.6247,52.37,2024
2024-03-18,BE,4.64,52.55,2024
2024-03-19,BE,4.6247,52.37,2024
2024-03-20,BE,4.6347,52.49,2024
2024-03-21,BE,4.6328,52.47,2024
2024-03-22,BE,4.6517,52.68,2024
2024-03-23,BE,4.6525,52.69,2024
2024-03-24,BE,4.6498,52.66,2024
2024-03-25,BE,4.6445,52.6,2024
2024-03-26,BE,4.6726,52.92,2024
2024-03-27,BE,4.6873,53.08,2024
2024-03-28,BE,4.6978,53.2,2024
2024-03-29,BE,4.7181,53.43,2024
2024-03-30,BE,4.7469,53.76,2024
2024-03-31,BE,4.7952,54.31,2024
2024-04-01,BE,4.7995,54.35,2024
2024-04-02,BE,4.7995,54.35,2024
2024-04-03,BE,4.7995,54.35,2024
2024-04-04,BE,4.7995,54.35,2024
2024-04-05,BE,4.7995,54.35,2024
2024-04-06,BE,4.8369,54.78,2024
2024-04-07,BE,4.8746,55.2,2024
2024-04-08,BE,4.899,55.48,2024
2024-04-09,BE,4.9227,55.75,2024
2024-04-10,BE,4.9496,56.05,2024
2024-04-11,BE,4.9792,56.39,2024
2024-04-12,BE,5.0102,56.74,2024
2024-04-13,BE,5.0827,57.56,2024
2024-04-14,BE,5.1485,58.31,2024
2024-04-15,BE,5.1784,58.65,2024
2024-04-16,BE,5.1836,58.7,2024
2024-04-17,BE,5.1414,58.23,2024
2024-04-18,BE,5.0714,57.43,2024
2024-04-19,BE,5.021,56.86,2024
2024-04-20,BE,4.9702,56.29,2024
2024-04-21,BE,4.9084,55.59,2024
2024-04-22,BE,4.8139,54.52,2024
2024-04-23,BE,4.7309,53.58,2024
2024-04-24,BE,4.6434,52.59,2024
2024-04-25,BE,4.5456,51.48,2024
2024-04-26,BE,4.4947,50.9,2024
2024-04-27,BE,4.5077,51.05,2024
2024-04-28,BE,4.5305,51.31,2024
2024-04-29,BE,4.5494,51.52,2024
2024-04-30,BE,4.5796,51.86,2024
2024-05-01,BE,4.6177,52.3,2024
2024-05-02,BE,4.6479,52.64,2024
2024-05-03,BE,4.6728,52.92,2024
2024-05-04,BE,4.6894,53.11,2024
2024-05-05,BE,4.7094,53.33,2024
2024-05-06,BE,4.704,53.27,2024
2024-05-07,BE,4.716,53.41,2024
2024-05-08,BE,4.7261,53.52,2024
2024-05-09,BE,4.7623,53.93,2024
2024-05-10,BE,4.8051,54.42,2024
2024-05-11,BE,4.8602,55.04,2024
2024-05-12,BE,4.9277,55.81,2024
2024-05-13,BE,4.9717,56.3,2024
2024-05-14,BE,5.0319,56.99,2024
2024-05-15,BE,5.0687,57.4,2024
2024-05-16,BE,5.1076,57.84,2024
2024-05-17,BE,5.1391,58.2,2024
2024-05-18,BE,5.1789,58.65,2024
2024-05-19,BE,5.2187,59.1,2024
2024-05-20,BE,5.2438,59.39,2024
2024-05-21,BE,5.2694,59.68,2024
2024-05-22,BE,5.2931,59.94,2024
2024-05-23,BE,5.3344,60.41,2024
2024-05-24,BE,5.3679,60.79,2024
2024-05-25,BE,5.3807,60.94,2024
2024-05-26,BE,5.4001,61.16,2024
2024-05-27,BE,5.4072,61.24,2024
2024-05-28,BE,5.4229,61.42,2024
2024-05-29,BE,5.4316,61.51,2024
2024-05-30,BE,5.4253,61.44,2024
2024-05-31,BE,5.4481,61.7,2024
2024-06-01,BE,5.4729,61.98,2024
2024-06-02,BE,5.5027,62.32,2024
2024-06-03,BE,5.5032,62.32,2024
2024-06-04,BE,5.5287,62.61,2024
2024-06-05,BE,5.5731,63.12,2024
2024-06-06,BE,5.6169,63.61,2024
2024-06-07,BE,5.6415,63.89,2024
2024-06-08,BE,5.6643,64.15,2024
2024-06-09,BE,5.6823,64.35,2024
2024-06-10,BE,5.6964,64.51,2024
2024-06-11,BE,5.7012,64.57,2024
2024-06-12,BE,5.7181,64.76,2024
2024-06-13,BE,5.7334,64.93,2024
2024-06-14,BE,5.7692,65.34,2024
2024-06-15,BE,5.8173,65.88,2024
2024-06-16,BE,5.8645,66.42,2024
2024-06-17,BE,5.905,66.87,2024
2024-06-18,BE,5.9167,67.01,2024
2024-06-19,BE,5.9472,67.35,2024
2024-06-20,BE,5.9749,67.67,2024
2024-06-21,BE,6.016,68.13,2024
2024-06-22,BE,6.0449,68.46,2024
2024-06-23,BE,6.0878,68.94,2024
2024-06-24,BE,6.127,69.39,2024
2024-06-25,BE,6.1624,69.79,2024
2024-06-26,BE,6.2196,70.44,2024
2024-06-27,BE,6.2575,70.87,2024
2024-06-28,BE,6.298,71.32,2024
2024-06-29,BE,6.3504,71.92,2024
2024-06-30,BE,6.4036,72.52,2024
2024-07-01,BE,6.4405,72.94,2024
2024-07-02,BE,6.4968,73.58,2024
2024-07-03,BE,6.5353,74.01,2024
2024-07-04,BE,6.575,74.46,2024
2024-07-05,BE,6.6202,74.97,2024
2024-07-06,BE,6.6772,75.62,2024
2024-07-07,BE,6.7279,76.19,2024
2024-07-08,BE,6.7744,76.72,2024
2024-07-09,BE,6.8137,77.16,2024
2024-07-10,BE,6.8565,77.65,2024
2024-07-11,BE,6.8883,78.01,2024
2024-07-12,BE,6.9164,78.33,2024
2024-07-13,BE,6.9535,78.75,2024
2024-07-14,BE,6.992,79.18,2024
2024-07-15,BE,7.0241,79.55,2024
2024-07-16,BE,7.0597,79.95,2024
2024-07-17,BE,7.0998,80.41,2024
2024-07-18,BE,7.1357,80.81,2024
2024-07-19,BE,7.1827,81.34,2024
2024-07-20,BE,7.2531,82.14,2024
2024-07-21,BE,7.327,82.98,2024
2024-07-22,BE,7.3721,83.49,2024
2024-07-23,BE,7.3972,83.77,2024
2024-07-24,BE,7.4248,84.09,2024
2024-07-25,BE,7.4636,84.52,2024
2024-07-26,BE,7.4885,84.81,2024
2024-07-27,BE,7.5419,85.41,2024
2024-07-28,BE,7.6037,86.11,2024
2024-07-29,BE,7.6275,86.38,2024
2024-07-30,BE,7.6587,86.73,2024
2024-07-31,BE,7.6887,87.07,2024
2024-08-01,BE,7.6958,87.16,2024
2024-08-02,BE,7.7211,87.44,2024
2024-08-03,BE,7.7486,87.75,2024
2024-08-04,BE,7.788,88.2,2024
2024-08-05,BE,7.8193,88.55,2024
2024-08-06,BE,7.8238,88.61,2024
2024-08-07,BE,7.8334,88.71,2024
2024-08-08,BE,7.8543,88.95,2024
2024-08-09,BE,7.8884,89.34,2024
2024-08-10,BE,7.9114,89.6,2024
2024-08-11,BE,7.9312,89.82,2024
2024-08-12,BE,7.9462,89.99,2024
2024-08-13,BE,7.9864,90.45,2024
2024-08-14,BE,8.0244,90.88,2024
2024-08-15,BE,8.0483,91.15,2024
2024-08-16,BE,8.0675,91.36,2024
2024-08-17,BE,8.0953,91.68,2024
2024-08-18,BE,8.1218,91.98,2024
2024-08-19,BE,8.1472,92.27,2024
2024-08-20,BE,8.1708,92.53,2024
2024-08-21,BE,8.1934,92.79,2024
2024-08-22,BE,8.21,92.98,2024
2024-08-23,BE,8.2231,93.13,2024
2024-08-24,BE,8.251,93.44,2024
2024-08-25,BE,8.2836,93.81,2024
2024-08-26,BE,8.2915,93.9,2024
2024-08-27,BE,8.2984,93.98,2024
2024-08-28,BE,8.311,94.12,2024
2024-08-29,BE,8.3224,94.25,2024
2024-08-30,BE,8.3372,94.42,2024
2024-08-31,BE,8.3346,94.39,2024
2024-09-01,BE,8.3394,94.44,2024
2024-09-02,BE,8.3298,94.34,2024
2024-09-03,BE,8.3193,94.22,2024
2024-09-04,BE,8.3134,94.15,2024
2024-09-05,BE,8.3206,94.23,2024
2024-09-06,BE,8.3301,94.34,2024
2024-09-07,BE,8.3366,94.41,2024
2024-09-08,BE,8.341,94.46,2024
2024-09-09,BE,8.3452,94.51,2024
2024-09-10,BE,8.3533,94.6,2024
2024-09-11,BE,8.3618,94.7,2024
2024-09-12,BE,8.3396,94.45,2024
2024-09-13,BE,8.3291,94.33,2024
2024-09-14,BE,8.3279,94.31,2024
2024-09-15,BE,8.3293,94.33,2024
2024-09-16,BE,8.3293,94.33,2024
2024-09-17,BE,8.3293,94.33,2024
2024-09-18,BE,8.3293,94.33,2024
2024-09-19,BE,8.3293,94.33,2024
2024-09-20,BE,8.3293,94.33,2024
2024-09-21,BE,8.3298,94.34,2024
2024-09-22,BE,8.337,94.42,2024
2024-09-23,BE,8.3167,94.19,2024
2024-09-24,BE,8.3168,94.19,2024
2024-09-25,BE,8.3065,94.07,2024
2024-09-26,BE,8.3051,94.06,2024
2024-09-27,BE,8.3072,94.08,2024
2024-09-28,BE,8.3111,94.12,2024
2024-09-29,BE,8.3121,94.13,2024
2024-09-30,BE,8.3043,94.05,2024
2024-10-01,BE,8.3192,94.21,2025
2024-10-02,BE,8.3048,94.05,2025
2024-10-03,BE,8.307,94.08,2025
2024-10-04,BE,8.3273,94.31,2025
2024-10-05,BE,8.3535,94.6,2025
2024-10-06,BE,8.383,94.94,2025
2024-10-07,BE,8.4209,95.37,2025
2024-10-08,BE,8.4669,95.89,2025
2024-10-09,BE,8.5003,96.27,2025
2024-10-10,BE,8.5275,96.57,2025
2024-10-11,BE,8.5324,96.63,2025
2024-10-12,BE,8.5543,96.88,2025
2024-10-13,BE,8.5597,96.94,2025
2024-10-14,BE,8.5346,96.65,2025
2024-10-15,BE,8.5463,96.79,2025
2024-10-16,BE,8.5639,96.99,2025
2024-10-17,BE,8.5848,97.22,2025
2024-10-18,BE,8.6136,97.55,2025
2024-10-19,BE,8.6303,97.74,2025
2024-10-20,BE,8.6348,97.79,2025
2024-10-21,BE,8.6285,97.72,2025
2024-10-22,BE,8.6248,97.68,2025
2024-10-23,BE,8.6271,97.7,2025
2024-10-24,BE,8.615,97.56,2025
2024-10-25,BE,8.6126,97.54,2025
2024-10-26,BE,8.6272,97.7,2025
2024-10-27,BE,8.6313,97.75,2025
2024-10-28,BE,8.6375,97.82,2025
2024-10-29,BE,8.6426,97.88,2025
2024-10-30,BE,8.628,97.71,2025
2024-10-31,BE,8.6587,98.06,2025
2024-11-01,BE,8.6704,98.19,2025
2024-11-02,BE,8.681,98.31,2025
2024-11-03,BE,8.6728,98.22,2025
2024-11-04,BE,8.6467,97.92,2025
2024-11-05,BE,8.6011,97.41,2025
2024-11-06,BE,8.5407,96.72,2025
2024-11-07,BE,8.4606,95.82,2025
2024-11-08,BE,8.4124,95.27,2025
2024-11-09,BE,8.3806,94.91,2025
2024-11-10,BE,8.3657,94.74,2025
2024-11-11,BE,8.3246,94.28,2025
2024-11-12,BE,8.2612,93.56,2025
2024-11-13,BE,8.1972,92.83,2025
2024-11-14,BE,8.1513,92.31,2025
2024-11-15,BE,8.1026,91.76,2025
2024-11-16,BE,8.0809,91.52,2025
2024-11-17,BE,8.0602,91.28,2025
2024-11-18,BE,8.011,90.72,2025
2024-11-19,BE,7.9741,90.31,2025
2024-11-20,BE,7.896,89.42,2025
2024-11-21,BE,7.8132,88.48,2025
2024-11-22,BE,7.7228,87.46,2025
2024-11-23,BE,7.6802,86.98,2025
2024-11-24,BE,7.706,87.27,2025
2024-11-25,BE,7.7,87.2,2025
2024-11-26,BE,7.6713,86.88,2025
2024-11-27,BE,7.6408,86.53,2025
2024-11-28,BE,7.5942,86.0,2025
2024-11-29,BE,7.52,85.16,2025
2024-11-30,BE,7.454,84.42,2025
2024-12-01,BE,7.4106,83.93,2025
2024-12-02,BE,7.3888,83.68,2025
2024-12-03,BE,7.316,82.85,2025
2024-12-04,BE,7.2195,81.76,2025
2024-12-05,BE,7.1794,81.31,2025
2024-12-06,BE,7.1615,81.1,2025
2024-12-07,BE,7.1349,80.8,2025
2024-12-08,BE,7.0955,80.36,2025
2024-12-09,BE,7.0445,79.78,2025
2024-12-10,BE,6.9921,79.19,2025
2024-12-11,BE,6.8655,77.75,2025
2024-12-12,BE,6.7577,76.53,2025
2024-12-13,BE,6.662,75.45,2025
2024-12-14,BE,6.5898,74.63,2025
2024-12-15,BE,6.5713,74.42,2025
2024-12-16,BE,6.5497,74.18,2025
2024-12-17,BE,6.553,74.21,2025
2024-12-18,BE,6.5427,74.1,2025
2024-12-19,BE,6.5332,73.99,2025
2024-12-20,BE,6.5216,73.86,2025
2024-12-21,BE,6.5399,74.06,2025
2024-12-22,BE,6.5576,74.27,2025
2024-12-23,BE,6.5753,74.47,2025
2024-12-24,BE,6.5666,74.37,2025
2024-12-25,BE,6.5748,74.46,2025
2024-12-26,BE,6.5674,74.38,2025
2024-12-27,BE,6.5204,73.84,2025
2024-12-28,BE,6.4481,73.03,2025
2024-12-29,BE,6.4446,72.99,2025
2024-12-30,BE,6.4073,72.56,2025
2024-12-31,BE,6.3908,72.38,2025
2025-01-01,BE,6.3358,71.75,2025
2025-01-02,BE,6.2662,70.96,2025
2025-01-03,BE,6.1705,69.88,2025
2025-01-04,BE,6.0749,68.8,2025
2025-01-05,BE,6.0248,68.23,2025
2025-01-06,BE,5.9813,67.74,2025
2025-01-07,BE,5.9293,67.15,2025
2025-01-08,BE,5.7971,65.65,2025
2025-01-09,BE,5.6811,64.34,2025
2025-01-10,BE,5.5378,62.72,2025
2025-01-11,BE,5.4174,61.35,2025
2025-01-12,BE,5.3001,60.02,2025
2025-01-13,BE,5.1637,58.48,2025
2025-01-14,BE,5.0352,57.02,2025
2025-01-15,BE,4.9279,55.81,2025
2025-01-16,BE,4.7935,54.29,2025
2025-01-17,BE,4.6331,52.47,2025
2025-01-18,BE,4.4915,50.87,2025
2025-01-19,BE,4.3535,49.3,2025
2025-01-20,BE,4.2128,47.71,2025
2025-01-21,BE,4.088,46.3,2025
2025-01-22,BE,3.9711,44.97,2025
2025-01-23,BE,3.8989,44.16,2025
2025-01-24,BE,3.8685,43.81,2025
2025-01-25,BE,3.8706,43.83,2025
2025-01-26,BE,3.8631,43.75,2025
2025-01-27,BE,3.888,44.03,2025
2025-01-28,BE,3.887,44.02,2025
2025-01-29,BE,3.8792,43.93,2025
2025-01-30,BE,3.7845,42.86,2025
2025-01-31,BE,3.7069,41.98,2025
2025-02-01,BE,3.6654,41.51,2025
2025-02-02,BE,3.6193,40.99,2025
2025-02-03,BE,3.5143,39.8,2025
2025-02-04,BE,3.3911,38.4,2025
2025-02-05,BE,3.3029,37.41,2025
2025-02-06,BE,3.2213,36.48,2025
2025-02-07,BE,3.1884,36.11,2025
2025-02-08,BE,3.1601,35.79,2025
2025-02-09,BE,3.1343,35.5,2025
2025-02-10,BE,3.0725,34.8,2025
2025-02-11,BE,3.0213,34.22,2025
2025-02-12,BE,2.9712,33.65,2025
2025-02-13,BE,2.9211,33.08,2025
2025-02-14,BE,2.8587,32.37,2025
2025-02-15,BE,2.818,31.91,2025
2025-02-16,BE,2.7926,31.63,2025
2025-02-17,BE,2.7715,31.39,2025
2025-02-18,BE,2.7443,31.08,2025
2025-02-19,BE,2.7104,30.7,2025
2025-02-20,BE,2.6811,30.36,2025
2025-02-21,BE,2.7157,30.76,2025
2025-02-22,BE,2.7637,31.3,2025
2025-02-23,BE,2.8323,32.08,2025
2025-02-24,BE,2.8775,32.59,2025
2025-02-25,BE,2.9381,33.27,2025
2025-02-26,BE,2.972,33.66,2025
2025-02-27,BE,2.9338,33.23,2025
2025-02-28,BE,2.9336,33.22,2025
2025-03-01,BE,2.8929,32.76,2025
2025-03-02,BE,2.89,32.73,2025
2025-03-03,BE,2.8647,32.44,2025
2025-03-04,BE,2.875,32.56,2025
2025-03-05,BE,2.8738,32.55,2025
2025-03-06,BE,2.9221,33.09,2025
2025-03-07,BE,2.9585,33.51,2025
2025-03-08,BE,3.0151,34.15,2025
2025-03-09,BE,3.0696,34.76,2025
2025-03-10,BE,3.0871,34.96,2025
2025-03-11,BE,3.063,34.69,2025
2025-03-12,BE,3.0274,34.28,2025
2025-03-13,BE,2.974,33.68,2025
2025-03-14,BE,2.9085,32.94,2025
2025-03-15,BE,2.8883,32.71,2025
2025-03-16,BE,2.8763,32.57,2025
2025-03-17,BE,2.8846,32.67,2025
2025-03-18,BE,2.8847,32.67,2025
2025-03-19,BE,2.8906,32.74,2025
2025-03-20,BE,2.8985,32.83,2025
2025-03-21,BE,2.9688,33.62,2025
2025-03-22,BE,3.0297,34.31,2025
2025-03-23,BE,3.085,34.94,2025
2025-03-24,BE,3.1307,35.46,2025
2025-03-25,BE,3.1407,35.57,2025
2025-03-26,BE,3.155,35.73,2025
2025-03-27,BE,3.1562,35.74,2025
2025-03-28,BE,3.1818,36.03,2025
2025-03-29,BE,3.2455,36.76,2025
2025-03-30,BE,3.3156,37.55,2025
2025-03-31,BE,3.3616,38.07,2025
2025-04-01,BE,3.3527,39.87,2025
2025-04-02,BE,3.3974,40.4,2025
2025-04-03,BE,3.3922,40.34,2025
2025-04-04,BE,3.4131,40.58,2025
2025-04-05,BE,3.4552,41.08,2025
2025-04-06,BE,3.5042,41.67,2025
2025-04-07,BE,3.4689,41.25,2025
2025-04-08,BE,3.4651,41.2,2025
2025-04-09,BE,3.4776,41.35,2025
2025-04-10,BE,3.4987,41.6,2025
2025-04-11,BE,3.5381,42.07,2025
2025-04-12,BE,3.6133,42.96,2025
2025-04-13,BE,3.6909,43.89,2025
2025-04-14,BE,3.7689,44.81,2025
2025-04-15,BE,3.8288,45.53,2025
2025-04-16,BE,3.8794,46.13,2025
2025-04-17,BE,3.8897,46.25,2025
2025-04-18,BE,3.9478,46.94,2025
2025-04-19,BE,4.0163,47.76,2025
2025-04-20,BE,4.0839,48.56,2025
2025-04-21,BE,4.1425,49.26,2025
2025-04-22,BE,4.2287,50.28,2025
2025-04-23,BE,4.3085,51.23,2025
2025-04-24,BE,4.2962,51.08,2025
2025-04-25,BE,4.3399,51.6,2025
2025-04-26,BE,4.4143,52.49,2025
2025-04-27,BE,4.5008,53.52,2025
2025-04-28,BE,4.5327,53.9,2025
2025-04-29,BE,4.5963,54.65,2025
2025-04-30,BE,4.6335,55.1,2025
2025-05-01,BE,4.7171,56.09,2025
2025-05-02,BE,4.8051,57.14,2025
2025-05-03,BE,4.888,58.12,2025
2025-05-04,BE,4.9521,58.88,2025
2025-05-05,BE,4.9743,59.15,2025
2025-05-06,BE,5.0228,59.72,2025
2025-05-07,BE,5.0655,60.23,2025
2025-05-08,BE,5.0909,60.53,2025
2025-05-09,BE,5.1653,61.42,2025
2025-05-10,BE,5.2317,62.21,2025
2025-05-11,BE,5.306,63.09,2025
2025-05-12,BE,5.389,64.08,2025
2025-05-13,BE,5.463,64.96,2025
2025-05-14,BE,5.5163,65.59,2025
2025-05-15,BE,5.5078,65.49,2025
2025-05-16,BE,5.5354,65.82,2025
2025-05-17,BE,5.5523,66.02,2025
2025-05-18,BE,5.5448,65.93,2025
2025-05-19,BE,5.5425,65.9,2025
2025-05-20,BE,5.5431,65.91,2025
2025-05-21,BE,5.5009,65.41,2025
2025-05-22,BE,5.5029,65.43,2025
2025-05-23,BE,5.5054,65.46,2025
2025-05-24,BE,5.5167,65.6,2025
2025-05-25,BE,5.5479,65.97,2025
2025-05-26,BE,5.563,66.15,2025
2025-05-27,BE,5.5727,66.26,2025
2025-05-28,BE,5.5717,66.25,2025
2025-05-29,BE,5.6132,66.74,2025
2025-05-30,BE,5.6897,67.65,2025
2025-05-31,BE,5.7771,68.69,2025
2025-06-01,BE,5.8588,69.66,2025
2025-06-02,BE,5.8734,69.84,2025
2025-06-03,BE,5.9413,70.65,2025
2025-06-04,BE,6.0063,71.42,2025
2025-06-05,BE,5.9981,71.32,2025
2025-06-06,BE,5.9936,71.27,2025
2025-06-07,BE,6.0335,71.74,2025
2025-06-08,BE,6.0828,72.33,2025
2025-06-09,BE,6.1116,72.67,2025
2025-06-10,BE,6.1806,73.49,2025
2025-06-11,BE,6.2557,74.38,2025
2025-06-12,BE,6.2212,73.97,2025
2025-06-13,BE,6.2592,74.43,2025
2025-06-14,BE,6.3253,75.21,2025
2025-06-15,BE,6.3851,75.92,2025
2025-06-16,BE,6.4031,76.14,2025
2025-06-17,BE,6.4506,76.7,2025
2025-06-18,BE,6.5002,77.29,2025
2025-06-19,BE,6.526,77.6,2025
2025-06-20,BE,6.5574,77.97,2025
2025-06-21,BE,6.6057,78.55,2025
2025-06-22,BE,6.6517,79.09,2025
2025-06-23,BE,6.6873,79.52,2025
2025-06-24,BE,6.7043,79.72,2025
2025-06-25,BE,6.717,79.87,2025
2025-06-26,BE,6.7394,80.14,2025
2025-06-27,BE,6.7493,80.25,2025
2025-06-28,BE,6.7821,80.64,2025
2025-06-29,BE,6.8044,80.91,2025
2025-06-30,BE,6.8035,80.9,2025
2025-07-01,BE,6.839,81.32,2025
2025-07-02,BE,6.8867,81.89,2025
2025-07-03,BE,6.9246,82.34,2025
2025-07-04,BE,6.971,82.89,2025
2025-07-05,BE,7.0069,83.32,2025
2025-07-06,BE,7.0261,83.54,2025
2025-07-07,BE,7.0332,83.63,2025
2025-07-08,BE,7.0502,83.83,2025
2025-07-09,BE,7.074,84.11,2025
2025-07-10,BE,7.098,84.4,2025
2025-07-11,BE,7.1154,84.61,2025
2025-07-12,BE,7.1446,84.95,2025
2025-07-13,BE,7.1625,85.17,2025
2025-07-14,BE,7.189,85.48,2025
2025-07-15,BE,7.2177,85.82,2025
2025-07-16,BE,7.2029,85.65,2025
2025-07-17,BE,7.1945,85.55,2025
2025-07-18,BE,7.2141,85.78,2025
2025-07-19,BE,7.234,86.02,2025
2025-07-20,BE,7.2506,86.21,2025
2025-07-21,BE,7.2644,86.38,2025
2025-07-22,BE,7.2825,86.59,2025
2025-07-23,BE,7.2937,86.73,2025
2025-07-24,BE,7.2812,86.58,2025
2025-07-25,BE,7.2958,86.75,2025
2025-07-26,BE,7.3193,87.03,2025
2025-07-27,BE,7.3482,87.37,2025
2025-07-28,BE,7.3719,87.66,2025
2025-07-29,BE,7.3905,87.88,2025
2025-07-30,BE,7.4174,88.2,2025
2025-07-31,BE,7.4199,88.23,2025
2025-08-01,BE,7.4532,88.62,2025
2025-08-02,BE,7.4896,89.06,2025
2025-08-03,BE,7.532,89.56,2025
2025-08-04,BE,7.5538,89.82,2025
2025-08-05,BE,7.5806,90.14,2025
2025-08-06,BE,7.602,90.39,2025
2025-08-07,BE,7.6342,90.78,2025
2025-08-08,BE,7.6603,91.09,2025
2025-08-09,BE,7.6943,91.49,2025
2025-08-10,BE,7.7265,91.87,2025
2025-08-11,BE,7.7449,92.09,2025
2025-08-12,BE,7.7598,92.27,2025
2025-08-13,BE,7.7939,86.79,2025
2025-08-14,BE,7.8321,87.22,2025
2025-08-15,BE,7.8539,87.46,2025
2025-08-16,BE,7.8977,87.95,2025
2025-08-17,BE,7.9358,88.37,2025
2025-08-18,BE,7.9605,88.65,2025
2025-08-19,BE,7.9855,88.93,2025
2025-08-20,BE,8.0034,89.12,2025
2025-08-21,BE,8.0249,89.36,2025
2025-08-22,BE,8.0435,89.57,2025
2025-08-23,BE,8.0591,89.75,2025
2025-08-24,BE,8.0838,90.02,2025
2025-08-25,BE,8.0838,90.02,2025
2025-08-26,BE,8.0939,90.13,2025
2025-08-27,BE,8.105,90.26,2025
2025-08-28,BE,8.0986,90.18,2025
2025-08-29,BE,8.1212,90.44,2025
2025-08-30,BE,8.1423,90.67,2025
2025-08-31,BE,8.1609,90.88,2025
2025-09-01,BE,8.1783,91.07,2025
2025-09-02,BE,8.1916,91.22,2025
2025-09-03,BE,8.2135,91.46,2025
2025-09-04,BE,8.2312,91.66,2025
2025-09-05,BE,8.2403,91.76,2025
2025-09-06,BE,8.2694,92.09,2025
2025-09-07,BE,8.2966,92.39,2025
2025-09-08,BE,8.3025,92.46,2025
2025-09-09,BE,8.2974,92.4,2025
2025-09-10,BE,8.3018,92.45,2025
2025-09-11,BE,8.3059,92.49,2025
2025-09-12,BE,8.3282,92.74,2025
2025-09-13,BE,8.347,92.95,2025
2025-09-14,BE,8.3652,93.15,2025
2025-09-15,BE,8.3732,93.24,2025
2025-09-16,BE,8.3829,93.35,2025
2025-09-17,BE,8.375,93.26,2025
2025-09-18,BE,8.3874,93.4,2025
2025-09-19,BE,8.3997,93.54,2025
2025-09-20,BE,8.4161,93.72,2025
2025-09-21,BE,8.4322,93.9,2025
2025-09-22,BE,8.4362,93.94,2025
2025-09-23,BE,8.443,94.02,2025
2025-09-24,BE,8.4322,93.9,2025
2025-09-25,BE,8.4068,93.62,2025
2025-09-26,BE,8.4248,93.82,2025
2025-09-27,BE,8.4453,94.05,2025
2025-09-28,BE,8.4561,94.17,2025
2025-09-29,BE,8.4558,94.16,2025
2025-09-30,BE,8.5151,94.82,2025
2025-10-01,BE,8.4732,94.36,2026
2025-10-02,BE,8.4389,93.97,2026
2025-10-03,BE,8.4602,94.21,2026
2025-10-04,BE,8.4414,94.0,2026
2025-10-05,BE,8.3952,93.49,2026
2025-10-06,BE,8.3415,92.89,2026
2025-10-07,BE,8.2661,92.05,2026
2025-10-08,BE,8.1692,90.97,2026
2025-10-09,BE,8.147,90.72,2026
2025-10-10,BE,8.1713,90.99,2026
2025-10-11,BE,8.2071,91.39,2026
2025-10-12,BE,8.2155,91.49,2026
2025-10-13,BE,8.174,91.02,2026
2025-10-14,BE,8.1432,90.68,2026
2025-10-15,BE,8.0258,89.37,2026
2025-10-16,BE,7.9222,88.22,2026
2025-10-17,BE,7.9346,88.36,2026
2025-10-18,BE,7.9615,88.66,2026
2025-10-19,BE,7.9846,88.92,2026
2025-10-20,BE,8.0294,89.41,2026
2025-10-21,BE,8.0649,89.81,2026
2025-10-22,BE,8.0834,90.02,2026
2025-10-23,BE,8.1283,90.52,2026
2025-10-24,BE,8.1692,90.97,2026
2025-10-25,BE,8.1834,91.13,2026
2025-10-26,BE,8.1873,91.17,2026
2025-10-27,BE,8.1929,91.23,2026
2025-10-28,BE,8.229,91.64,2026
2025-10-29,BE,8.2652,92.04,2026
2025-10-30,BE,8.3122,92.56,2026
2025-10-31,BE,8.3581,93.07,2026
2025-11-01,BE,8.3843,93.37,2026
2025-11-02,BE,8.4031,93.58,2026
2025-11-03,BE,8.4014,93.56,2026
2025-11-04,BE,8.3991,93.53,2026
2025-11-05,BE,8.3971,93.51,2026
2025-11-06,BE,8.3936,93.47,2026
2025-11-07,BE,8.3742,93.25,2026
2025-11-08,BE,8.3738,93.25,2026
2025-11-09,BE,8.3644,93.15,2026
2025-11-10,BE,8.3611,93.11,2026
2025-11-11,BE,8.3564,93.06,2026
2025-11-12,BE,8.3503,92.99,2026
2025-11-13,BE,8.3421,92.9,2026
2025-11-14,BE,8.3293,92.75,2026
2025-11-15,BE,8.3258,92.72,2026
2025-11-16,BE,8.3186,92.63,2026
2025-11-17,BE,8.2766,92.17,2026
2025-11-18,BE,8.2133,91.46,2026
2025-11-19,BE,8.0886,90.07,2026
2025-11-20,BE,7.9316,88.33,2026
2025-11-21,BE,7.8011,86.87,2026
2025-11-22,BE,7.711,85.87,2026
2025-11-23,BE,7.6308,84.98,2026
2025-11-24,BE,7.503,83.55,2026
2025-11-25,BE,7.3623,81.99,2026
2025-11-26,BE,7.2201,80.4,2026
2025-11-27,BE,7.1014,79.08,2026
2025-11-28,BE,7.0609,78.63,2026
2025-11-29,BE,7.0316,78.3,2026
2025-11-30,BE,6.9719,77.64,2026
2025-12-01,BE,6.8669,76.47,2026
2025-12-02,BE,6.7129,74.75,2026
2025-12-03,BE,6.5869,73.35,2026
2025-12-04,BE,6.4593,71.93,2026
2025-12-05,BE,6.346,70.67,2026
2025-12-06,BE,6.2572,69.68,2026
2025-12-07,BE,6.2028,69.07,2026
2025-12-08,BE,6.1909,68.94,2026
2025-12-09,BE,6.1485,68.47,2026
2025-12-10,BE,6.1079,68.02,2026
2025-12-11,BE,6.0685,67.58,2026
2025-12-12,BE,6.0101,66.93,2026
2025-12-13,BE,5.9774,66.56,2026
2025-12-14,BE,5.9447,66.2,2026
2025-12-15,BE,5.9018,65.72,2026
2025-12-16,BE,5.8631,65.29,2026
2025-12-17,BE,5.8427,65.06,2026
2025-12-18,BE,5.8584,65.24,2026
2025-12-19,BE,5.8652,65.31,2026
2025-12-20,BE,5.8222,64.84,2026
2025-12-21,BE,5.8334,64.96,2026
2025-12-22,BE,5.8366,65.0,2026
2025-12-23,BE,5.8226,64.84,2026
2025-12-24,BE,5.8078,64.68,2026
2025-12-25,BE,5.6884,63.35,2026
2025-12-26,BE,5.5728,62.06,2026
2025-12-27,BE,5.5209,61.48,2026
2025-12-28,BE,5.4679,60.89,2026
2025-12-29,BE,5.3768,59.88,2026
2025-12-30,BE,5.2816,58.82,2026
2025-12-31,BE,5.261,58.59,2026
2026-01-01,BE,5.206,57.97,2026
2026-01-02,BE,5.1354,57.19,2026
2026-01-03,BE,5.0853,56.63,2026
2026-01-04,BE,4.9666,55.31,2026
2026-01-05,BE,4.7976,53.43,2026
2026-01-06,BE,4.6407,51.68,2026
2026-01-07,BE,4.4969,50.08,2026
2026-01-08,BE,4.3468,48.4,2026
2026-01-09,BE,4.2128,46.91,2026
2026-01-10,BE,4.1099,45.77,2026
2026-01-11,BE,4.0069,44.62,2026
2026-01-12,BE,3.9622,44.12,2026
2026-01-13,BE,3.9033,43.47,2026
2026-01-14,BE,3.8444,42.81,2026
2026-01-15,BE,3.8015,42.33,2026
2026-01-16,BE,3.7722,42.01,2026
2026-01-17,BE,3.7369,41.61,2026
2026-01-18,BE,3.6897,41.09,2026
2026-01-19,BE,3.5877,39.95,2026
2026-01-20,BE,3.5072,39.06,2026
2026-01-21,BE,3.4395,38.3,2026
2026-01-22,BE,3.3396,37.19,2026
2026-01-23,BE,3.3092,36.85,2026
2026-01-24,BE,3.2864,36.6,2026
2026-01-25,BE,3.2205,35.86,2026
2026-01-26,BE,3.1157,34.7,2026
2026-01-27,BE,3.0508,33.97,2026
2026-01-28,BE,2.9936,33.34,2026
2026-01-29,BE,2.9228,32.55,2026
2026-01-30,BE,2.878,32.05,2026
2026-01-31,BE,2.825,31.46,2026
2026-02-01,BE,2.8007,31.19,2026
2026-02-02,BE,2.7561,30.69,2026
2026-02-03,BE,2.7111,30.19,2026
2026-02-04,BE,2.6726,29.76,2026
2026-02-05,BE,2.6227,29.21,2026
2026-02-06,BE,2.5602,28.51,2026
2026-02-07,BE,2.5303,28.18,2026
2026-02-08,BE,2.4822,27.64,2026
2026-02-09,BE,2.4168,26.91,2026
2026-02-10,BE,2.402,26.75,2026
2026-02-11,BE,2.3505,26.18,2026
2026-02-12,BE,2.3289,25.93,2026
2016-01-01,DE,169.4546,79.2,2016
2016-01-02,DE,169.1247,79.04,2016
2016-01-03,DE,168.5766,78.79,2016
2016-01-04,DE,167.6628,78.36,2016
2016-01-05,DE,166.6217,77.87,2016
2016-01-06,DE,165.723,77.45,2016
2016-01-07,DE,164.812,77.03,2016
2016-01-08,DE,164.1966,76.74,2016
2016-01-09,DE,163.7552,76.54,2016
2016-01-10,DE,163.4359,76.39,2016
2016-01-11,DE,162.755,76.07,2016
2016-01-12,DE,162.0858,75.75,2016
2016-01-13,DE,161.3439,75.41,2016
2016-01-14,DE,160.2604,74.9,2016
2016-01-15,DE,159.1319,74.37,2016
2016-01-16,DE,158.2375,73.96,2016
2016-01-17,DE,157.0897,73.42,2016
2016-01-18,DE,155.1994,72.54,2016
2016-01-19,DE,153.2573,71.63,2016
2016-01-20,DE,151.1948,70.66,2016
2016-01-21,DE,148.9916,69.63,2016
2016-01-22,DE,147.2904,68.84,2016
2016-01-23,DE,146.5438,68.49,2016
2016-01-24,DE,145.9539,68.22,2016
2016-01-25,DE,145.5181,68.01,2016
2016-01-26,DE,145.1472,67.84,2016
2016-01-27,DE,144.809,67.68,2016
2016-01-28,DE,144.3443,67.46,2016
2016-01-29,DE,143.8503,67.23,2016
2016-01-30,DE,143.5069,67.07,2016
2016-01-31,DE,143.1297,66.9,2016
2016-02-01,DE,142.684,66.69,2016
2016-02-02,DE,142.2015,66.46,2016
2016-02-03,DE,141.4643,66.12,2016
2016-02-04,DE,140.4887,65.66,2016
2016-02-05,DE,139.8272,65.35,2016
2016-02-06,DE,139.716,65.3,2016
2016-02-07,DE,139.6147,65.25,2016
2016-02-08,DE,139.2505,65.08,2016
2016-02-09,DE,138.6738,64.81,2016
2016-02-10,DE,138.0788,64.53,2016
2016-02-11,DE,137.3004,64.17,2016
2016-02-12,DE,136.5607,63.82,2016
2016-02-13,DE,136.0737,63.6,2016
2016-02-14,DE,135.609,63.38,2016
2016-02-15,DE,134.7346,62.97,2016
2016-02-16,DE,133.7059,62.49,2016
2016-02-17,DE,132.4474,61.9,2016
2016-02-18,DE,131.3594,61.39,2016
2016-02-19,DE,130.6498,61.06,2016
2016-02-20,DE,130.3218,60.91,2016
2016-02-21,DE,130.2772,60.89,2016
2016-02-22,DE,130.0114,60.76,2016
2016-02-23,DE,129.4443,60.5,2016
2016-02-24,DE,128.5184,60.07,2016
2016-02-25,DE,127.2926,59.49,2016
2016-02-26,DE,126.2013,58.98,2016
2016-02-27,DE,125.6648,58.73,2016
2016-02-28,DE,125.1669,58.5,2016
2016-02-29,DE,124.2715,58.08,2016
2016-03-01,DE,123.2696,57.61,2016
2016-03-02,DE,122.6831,57.34,2016
2016-03-03,DE,121.8768,56.96,2016
2016-03-04,DE,120.9758,56.54,2016
2016-03-05,DE,120.3018,56.23,2016
2016-03-06,DE,119.6404,55.92,2016
2016-03-07,DE,118.6538,55.46,2016
2016-03-08,DE,117.5903,54.96,2016
2016-03-09,DE,116.7536,54.57,2016
2016-03-10,DE,115.8919,54.16,2016
2016-03-11,DE,115.1479,53.82,2016
2016-03-12,DE,114.8764,53.69,2016
2016-03-13,DE,114.4712,53.5,2016
2016-03-14,DE,113.7938,53.18,2016
2016-03-15,DE,113.069,52.85,2016
2016-03-16,DE,112.3507,52.51,2016
2016-03-17,DE,111.7205,52.22,2016
2016-03-18,DE,111.2744,52.01,2016
2016-03-19,DE,111.0753,51.91,2016
2016-03-20,DE,110.9266,51.84,2016
2016-03-21,DE,110.6583,51.72,2016
2016-03-22,DE,110.4665,51.63,2016
2016-03-23,DE,110.1334,51.47,2016
2016-03-24,DE,109.9609,51.39,2016
2016-03-25,DE,109.8003,51.32,2016
2016-03-26,DE,109.823,51.33,2016
2016-03-27,DE,109.8703,51.35,2016
2016-03-28,DE,109.8342,51.33,2016
2016-03-29,DE,109.707,51.27,2016
2016-03-30,DE,109.5657,51.21,2016
2016-03-31,DE,108.8259,51.48,2016
2016-04-01,DE,110.2677,51.11,2016
2016-04-02,DE,110.4921,51.21,2016
2016-04-03,DE,110.9874,51.44,2016
2016-04-04,DE,111.2771,51.57,2016
2016-04-05,DE,107.3551,51.3,2016
2016-04-06,DE,125.1624,51.54,2016
2016-04-07,DE,126.0055,51.75,2016
2016-04-08,DE,125.9731,51.73,2016
2016-04-09,DE,126.1528,51.81,2016
2016-04-10,DE,126.4764,51.94,2016
2016-04-11,DE,126.6704,52.03,2016
2016-04-12,DE,126.9677,52.15,2016
2016-04-13,DE,127.0947,52.2,2016
2016-04-14,DE,127.2465,52.27,2016
2016-04-15,DE,127.5218,52.38,2016
2016-04-16,DE,127.8409,52.51,2016
2016-04-17,DE,128.0657,52.6,2016
2016-04-18,DE,128.2488,52.65,2016
2016-04-19,DE,128.5434,52.78,2016
2016-04-20,DE,128.7086,52.84,2016
2016-04-21,DE,129.0956,53.0,2016
2016-04-22,DE,129.3506,53.11,2016
2016-04-23,DE,129.6912,53.25,2016
2016-04-24,DE,129.8726,53.32,2016
2016-04-25,DE,129.8651,53.3,2016
2016-04-26,DE,129.3696,51.42,2016
2016-04-27,DE,128.8948,51.23,2016
2016-04-28,DE,128.5886,51.11,2016
2016-04-29,DE,128.411,51.04,2016
2016-04-30,DE,128.6858,51.15,2016
2016-05-01,DE,129.1003,51.32,2016
2016-05-02,DE,129.455,51.45,2016
2016-05-03,DE,129.8171,51.6,2016
2016-05-04,DE,130.294,51.79,2016
2016-05-05,DE,131.207,52.15,2016
2016-05-06,DE,132.2097,52.55,2016
2016-05-07,DE,133.5491,53.08,2016
2016-05-08,DE,134.8754,53.61,2016
2016-05-09,DE,136.0043,54.06,2016
2016-05-10,DE,137.0975,54.49,2016
2016-05-11,DE,138.0802,54.88,2016
2016-05-12,DE,139.0988,55.29,2016
2016-05-13,DE,140.031,55.66,2016
2016-05-14,DE,141.0575,56.07,2016
2016-05-15,DE,141.6894,56.32,2016
2016-05-16,DE,142.2626,56.56,2016
2016-05-17,DE,142.7917,56.78,2016
2016-05-18,DE,143.4272,57.03,2016
2016-05-19,DE,144.1017,57.3,2016
2016-05-20,DE,144.8615,57.6,2016
2016-05-21,DE,146.0374,58.07,2016
2016-05-22,DE,147.2883,58.56,2016
2016-05-23,DE,147.9831,58.86,2016
2016-05-24,DE,148.5128,59.08,2016
2016-05-25,DE,149.0725,59.3,2016
2016-05-26,DE,149.9611,59.65,2016
2016-05-27,DE,150.7829,59.98,2016
2016-05-28,DE,151.464,60.25,2016
2016-05-29,DE,152.2094,60.55,2016
2016-05-30,DE,145.9412,58.05,2016
2016-05-31,DE,148.6123,59.52,2016
2016-06-01,DE,153.6303,61.51,2016
2016-06-02,DE,153.9332,61.63,2016
2016-06-03,DE,154.237,61.76,2016
2016-06-04,DE,154.8248,61.99,2016
2016-06-05,DE,155.3884,62.22,2016
2016-06-06,DE,155.7471,62.36,2016
2016-06-07,DE,156.1239,62.51,2016
2016-06-08,DE,156.5329,62.65,2016
2016-06-09,DE,156.9987,62.86,2016
2016-06-10,DE,157.4405,63.04,2016
2016-06-11,DE,158.1785,63.33,2016
2016-06-12,DE,158.8554,63.61,2016
2016-06-13,DE,159.6387,63.92,2016
2016-06-14,DE,160.3073,64.19,2016
2016-06-15,DE,161.0031,64.46,2016
2016-06-16,DE,161.6626,64.73,2016
2016-06-17,DE,162.3695,65.01,2016
2016-06-18,DE,163.2156,65.35,2016
2016-06-19,DE,163.9257,65.63,2016
2016-06-20,DE,164.7176,65.93,2016
2016-06-21,DE,165.4277,66.21,2016
2016-06-22,DE,166.199,66.52,2016
2016-06-23,DE,167.0047,66.85,2016
2016-06-24,DE,167.8045,67.17,2016
2016-06-25,DE,168.8878,67.6,2016
2016-06-26,DE,169.8393,67.98,2016
2016-06-27,DE,170.6599,68.33,2016
2016-06-28,DE,171.2033,68.55,2016
2016-06-29,DE,171.8482,68.81,2016
2016-06-30,DE,172.506,69.07,2016
2016-07-01,DE,173.3136,69.4,2016
2016-07-02,DE,174.4556,69.85,2016
2016-07-03,DE,175.5141,70.28,2016
2016-07-04,DE,176.3796,70.62,2016
2016-07-05,DE,177.244,70.96,2016
2016-07-06,DE,178.0931,71.3,2016
2016-07-07,DE,178.9,71.63,2016
2016-07-08,DE,179.7653,71.97,2016
2016-07-09,DE,180.9495,72.45,2016
2016-07-10,DE,182.1941,72.95,2016
2016-07-11,DE,183.0795,73.31,2016
2016-07-12,DE,183.7757,73.59,2016
2016-07-13,DE,184.6067,73.92,2016
2016-07-14,DE,185.3493,74.22,2016
2016-07-15,DE,186.2524,74.58,2016
2016-07-16,DE,187.3603,75.02,2016
2016-07-17,DE,188.5416,75.49,2016
2016-07-18,DE,189.4686,75.89,2016
2016-07-19,DE,190.2359,76.2,2016
2016-07-20,DE,191.1343,76.56,2016
2016-07-21,DE,191.8402,76.84,2016
2016-07-22,DE,192.628,77.16,2016
2016-07-23,DE,193.6545,77.57,2016
2016-07-24,DE,194.7835,78.02,2016
2016-07-25,DE,195.5043,78.3,2016
2016-07-26,DE,196.3134,78.62,2016
2016-07-27,DE,196.9831,78.89,2016
2016-07-28,DE,197.588,79.13,2016
2016-07-29,DE,198.3453,79.43,2016
2016-07-30,DE,199.3432,79.83,2016
2016-07-31,DE,200.4067,80.26,2016
2016-08-01,DE,201.2153,80.57,2016
2016-08-02,DE,201.9528,80.87,2016
2016-08-03,DE,202.8614,81.23,2016
2016-08-04,DE,203.7822,81.6,2016
2016-08-05,DE,204.6056,81.93,2016
2016-08-06,DE,205.7772,82.4,2016
2016-08-07,DE,206.9425,82.87,2016
2016-08-08,DE,207.8403,83.19,2016
2016-08-09,DE,208.359,83.4,2016
2016-08-10,DE,208.838,83.59,2016
2016-08-11,DE,209.3228,83.78,2016
2016-08-12,DE,209.9371,84.03,2016
2016-08-13,DE,210.8375,84.39,2016
2016-08-14,DE,211.762,84.76,2016
2016-08-15,DE,212.3447,84.99,2016
2016-08-16,DE,213.0221,85.26,2016
2016-08-17,DE,213.5726,85.48,2016
2016-08-18,DE,214.1863,85.73,2016
2016-08-19,DE,215.0617,86.08,2016
2016-08-20,DE,216.1668,86.52,2016
2016-08-21,DE,217.2137,86.94,2016
2016-08-22,DE,217.7454,87.16,2016
2016-08-23,DE,218.2167,87.35,2016
2016-08-24,DE,218.7399,87.56,2016
2016-08-25,DE,219.1088,87.7,2016
2016-08-26,DE,219.6346,87.91,2016
2016-08-27,DE,220.2224,88.15,2016
2016-08-28,DE,220.9179,88.43,2016
2016-08-29,DE,221.3442,88.59,2016
2016-08-30,DE,221.7968,88.77,2016
2016-08-31,DE,222.1249,88.9,2016
2016-09-01,DE,222.431,89.03,2016
2016-09-02,DE,222.7796,89.17,2016
2016-09-03,DE,223.305,89.38,2016
2016-09-04,DE,223.9173,89.62,2016
2016-09-05,DE,224.1486,89.75,2016
2016-09-06,DE,224.4082,89.86,2016
2016-09-07,DE,224.6364,89.95,2016
2016-09-08,DE,225.1407,90.15,2016
2016-09-09,DE,225.4695,90.28,2016
2016-09-10,DE,226.1367,90.55,2016
2016-09-11,DE,226.8705,90.84,2016
2016-09-12,DE,227.4236,91.04,2016
2016-09-13,DE,227.9562,91.25,2016
2016-09-14,DE,228.4113,91.43,2016
2016-09-15,DE,228.8591,91.61,2016
2016-09-16,DE,229.3817,91.82,2016
2016-09-17,DE,229.9279,92.02,2016
2016-09-18,DE,230.4827,92.24,2016
2016-09-19,DE,230.7665,92.35,2016
2016-09-20,DE,230.9684,92.43,2016
2016-09-21,DE,231.4392,92.62,2016
2016-09-22,DE,231.7391,92.61,2016
2016-09-23,DE,232.1128,92.76,2016
2016-09-24,DE,232.7386,93.01,2016
2016-09-25,DE,233.4486,93.3,2016
2016-09-26,DE,233.7402,93.43,2016
2016-09-27,DE,234.1604,93.6,2016
2016-09-28,DE,234.7039,93.81,2016
2016-09-29,DE,235.2057,94.01,2016
2016-09-30,DE,235.4622,94.12,2016
2016-10-01,DE,238.3611,94.02,2017
2016-10-02,DE,238.8872,94.23,2017
2016-10-03,DE,239.1858,94.32,2017
2016-10-04,DE,239.5389,94.46,2017
2016-10-05,DE,240.3688,94.79,2017
2016-10-06,DE,240.4994,94.84,2017
2016-10-07,DE,240.5953,94.88,2017
2016-10-08,DE,240.8273,94.97,2017
2016-10-09,DE,241.0639,95.06,2017
2016-10-10,DE,241.0353,95.07,2017
2016-10-11,DE,241.0479,95.07,2017
2016-10-12,DE,240.8063,94.98,2017
2016-10-13,DE,240.7776,94.97,2017
2016-10-14,DE,240.9056,95.02,2017
2016-10-15,DE,241.2176,95.11,2017
2016-10-16,DE,241.6984,95.3,2017
2016-10-17,DE,241.8654,95.38,2017
2016-10-18,DE,242.019,95.44,2017
2016-10-19,DE,242.0618,95.46,2017
2016-10-20,DE,241.9667,95.42,2017
2016-10-21,DE,241.8124,95.36,2017
2016-10-22,DE,241.6351,95.29,2017
2016-10-23,DE,241.4927,95.24,2017
2016-10-24,DE,241.2143,95.09,2017
2016-10-25,DE,240.9458,94.98,2017
2016-10-26,DE,240.7131,94.89,2017
2016-10-27,DE,240.5596,94.83,2017
2016-10-28,DE,240.561,94.83,2017
2016-10-29,DE,240.8569,94.95,2017
2016-10-30,DE,241.0241,95.01,2017
2016-10-31,DE,240.8299,94.95,2017
2016-11-01,DE,240.6936,94.9,2017
2016-11-02,DE,240.4764,94.81,2017
2016-11-03,DE,239.7119,94.51,2017
2016-11-04,DE,239.0712,94.26,2017
2016-11-05,DE,238.8232,94.16,2017
2016-11-06,DE,238.5069,94.04,2017
2016-11-07,DE,237.4551,93.61,2017
2016-11-08,DE,235.9701,93.03,2017
2016-11-09,DE,234.328,92.38,2017
2016-11-10,DE,232.7605,91.76,2017
2016-11-11,DE,231.374,91.22,2017
2016-11-12,DE,230.1946,90.75,2017
2016-11-13,DE,228.9434,90.26,2017
2016-11-14,DE,227.0515,89.51,2017
2016-11-15,DE,225.6718,88.96,2017
2016-11-16,DE,224.9166,88.67,2017
2016-11-17,DE,224.3209,88.43,2017
2016-11-18,DE,223.6489,88.17,2017
2016-11-19,DE,223.2646,88.02,2017
2016-11-20,DE,222.8999,87.87,2017
2016-11-21,DE,222.6133,87.76,2017
2016-11-22,DE,222.2878,87.63,2017
2016-11-23,DE,221.8082,87.44,2017
2016-11-24,DE,221.0926,87.16,2017
2016-11-25,DE,220.0292,86.74,2017
2016-11-26,DE,219.2283,86.42,2017
2016-11-27,DE,218.3982,86.1,2017
2016-11-28,DE,216.318,85.28,2017
2016-11-29,DE,213.8025,84.29,2017
2016-11-30,DE,211.4418,83.36,2017
2016-12-01,DE,209.7375,82.69,2017
2016-12-02,DE,208.0237,82.01,2017
2016-12-03,DE,206.4564,81.39,2017
2016-12-04,DE,204.6498,80.68,2017
2016-12-05,DE,202.2104,79.7,2017
2016-12-06,DE,199.7968,78.75,2017
2016-12-07,DE,197.6368,77.9,2017
2016-12-08,DE,196.1252,77.3,2017
2016-12-09,DE,194.679,76.73,2017
2016-12-10,DE,193.7884,76.38,2017
2016-12-11,DE,193.0172,76.08,2017
2016-12-12,DE,191.6092,75.53,2017
2016-12-13,DE,189.8847,74.85,2017
2016-12-14,DE,188.4881,74.3,2017
2016-12-15,DE,187.0581,73.74,2017
2016-12-16,DE,185.5731,73.15,2017
2016-12-17,DE,184.3631,72.68,2017
2016-12-18,DE,183.3984,72.3,2017
2016-12-19,DE,181.8356,71.68,2017
2016-12-20,DE,179.9322,70.93,2017
2016-12-21,DE,178.2648,70.27,2017
2016-12-22,DE,176.9681,69.76,2017
2016-12-23,DE,176.0322,69.39,2017
2016-12-24,DE,175.6073,69.22,2017
2016-12-25,DE,175.5876,69.21,2017
2016-12-26,DE,175.2874,69.1,2017
2016-12-27,DE,174.3922,68.74,2017
2016-12-28,DE,173.4408,68.37,2017
2016-12-29,DE,172.2199,67.89,2017
2016-12-30,DE,170.6727,67.28,2017
2016-12-31,DE,169.4751,66.8,2017
2017-01-01,DE,167.2896,65.95,2017
2017-01-02,DE,166.3811,65.59,2017
2017-01-03,DE,164.468,64.84,2017
2017-01-04,DE,162.2384,63.96,2017
2017-01-05,DE,159.5358,62.89,2017
2017-01-06,DE,156.7797,61.81,2017
2017-01-07,DE,154.5551,60.93,2017
2017-01-08,DE,152.8535,60.26,2017
2017-01-09,DE,150.6439,59.39,2017
2017-01-10,DE,148.4678,58.53,2017
2017-01-11,DE,146.4327,57.73,2017
2017-01-12,DE,144.232,56.86,2017
2017-01-13,DE,141.8501,55.92,2017
2017-01-14,DE,140.3837,55.34,2017
2017-01-15,DE,138.6487,54.66,2017
2017-01-16,DE,135.8669,53.57,2017
2017-01-17,DE,132.8189,52.36,2017
2017-01-18,DE,129.5616,51.08,2017
2017-01-19,DE,126.5811,49.91,2017
2017-01-20,DE,123.8153,48.82,2017
2017-01-21,DE,121.912,48.06,2017
2017-01-22,DE,119.859,47.26,2017
2017-01-23,DE,116.9477,46.11,2017
2017-01-24,DE,114.056,44.97,2017
2017-01-25,DE,110.9234,43.73,2017
2017-01-26,DE,108.253,42.68,2017
2017-01-27,DE,105.9902,41.79,2017
2017-01-28,DE,104.4647,41.19,2017
2017-01-29,DE,103.109,40.65,2017
2017-01-30,DE,101.4766,40.01,2017
2017-01-31,DE,99.7906,39.34,2017
2017-02-01,DE,98.7217,38.85,2017
2017-02-02,DE,97.5585,38.39,2017
2017-02-03,DE,96.6148,38.02,2017
2017-02-04,DE,95.9079,37.74,2017
2017-02-05,DE,95.192,37.46,2017
2017-02-06,DE,93.7332,36.89,2017
2017-02-07,DE,92.3702,36.35,2017
2017-02-08,DE,90.7816,35.73,2017
2017-02-09,DE,88.5508,34.85,2017
2017-02-10,DE,86.1565,33.91,2017
2017-02-11,DE,84.7586,33.36,2017
2017-02-12,DE,84.1311,33.11,2017
2017-02-13,DE,81.9917,32.27,2017
2017-02-14,DE,80.4124,31.65,2017
2017-02-15,DE,79.6668,31.35,2017
2017-02-16,DE,78.6725,30.96,2017
2017-02-17,DE,77.6132,30.54,2017
2017-02-18,DE,77.0213,30.31,2017
2017-02-19,DE,76.4441,30.08,2017
2017-02-20,DE,75.752,29.81,2017
2017-02-21,DE,75.2931,29.63,2017
2017-02-22,DE,74.8296,29.45,2017
2017-02-23,DE,74.2971,29.24,2017
2017-02-24,DE,73.5168,28.93,2017
2017-02-25,DE,72.968,28.72,2017
2017-02-26,DE,72.5657,28.56,2017
2017-02-27,DE,72.1746,28.4,2017
2017-02-28,DE,71.5659,28.16,2017
2017-03-01,DE,71.0138,27.95,2017
2017-03-02,DE,70.4687,27.73,2017
2017-03-03,DE,69.9938,27.54,2017
2017-03-04,DE,69.9254,27.52,2017
2017-03-05,DE,69.8398,27.48,2017
2017-03-06,DE,69.4362,27.32,2017
2017-03-07,DE,69.0016,27.15,2017
2017-03-08,DE,68.6153,27.0,2017
2017-03-09,DE,68.5018,26.96,2017
2017-03-10,DE,68.4073,26.92,2017
2017-03-11,DE,68.5386,26.97,2017
2017-03-12,DE,68.5906,26.99,2017
2017-03-13,DE,67.8261,26.69,2017
2017-03-14,DE,67.7495,26.66,2017
2017-03-15,DE,67.7274,26.65,2017
2017-03-16,DE,67.8319,26.69,2017
2017-03-17,DE,67.9005,26.72,2017
2017-03-18,DE,68.3935,26.91,2017
2017-03-19,DE,68.9401,27.13,2017
2017-03-20,DE,68.5619,26.98,2017
2017-03-21,DE,69.3417,27.29,2017
2017-03-22,DE,69.242,27.25,2017
2017-03-23,DE,69.2272,27.24,2017
2017-03-24,DE,69.4345,27.33,2017
2017-03-25,DE,69.9716,27.54,2017
2017-03-26,DE,70.5417,27.76,2017
2017-03-27,DE,70.6339,27.8,2017
2017-03-28,DE,71.1314,27.99,2017
2017-03-29,DE,71.62,28.19,2017
2017-03-30,DE,72.3811,28.49,2017
2017-03-31,DE,70.7746,28.62,2017
2017-04-01,DE,71.5046,29.54,2017
2017-04-02,DE,74.6694,30.08,2017
2017-04-03,DE,75.0144,30.21,2017
2017-04-04,DE,75.3242,30.33,2017
2017-04-05,DE,75.5219,30.41,2017
2017-04-06,DE,75.633,30.46,2017
2017-04-07,DE,75.7661,30.51,2017
2017-04-08,DE,76.2006,30.69,2017
2017-04-09,DE,76.9096,30.97,2017
2017-04-10,DE,77.3024,31.13,2017
2017-04-11,DE,77.4543,31.19,2017
2017-04-12,DE,77.5235,31.22,2017
2017-04-13,DE,77.6697,31.28,2017
2017-04-14,DE,77.9117,31.38,2017
2017-04-15,DE,78.3541,31.55,2017
2017-04-16,DE,78.6359,31.67,2017
2017-04-17,DE,78.8064,31.74,2017
2017-04-18,DE,78.5317,31.63,2017
2017-04-19,DE,78.3814,31.57,2017
2017-04-20,DE,78.217,31.5,2017
2017-04-21,DE,78.404,31.58,2017
2017-04-22,DE,78.6791,31.69,2017
2017-04-23,DE,78.9155,31.78,2017
2017-04-24,DE,79.0439,31.83,2017
2017-04-25,DE,79.2014,31.9,2017
2017-04-26,DE,79.1452,31.87,2017
2017-04-27,DE,79.164,31.88,2017
2017-04-28,DE,79.1823,31.89,2017
2017-04-29,DE,79.4191,31.98,2017
2017-04-30,DE,79.9302,32.19,2017
2017-05-01,DE,80.4344,32.39,2017
2017-05-02,DE,80.67,32.49,2017
2017-05-03,DE,80.825,32.55,2017
2017-05-04,DE,80.9237,32.59,2017
2017-05-05,DE,81.0415,32.64,2017
2017-05-06,DE,81.412,32.79,2017
2017-05-07,DE,81.8451,32.96,2017
2017-05-08,DE,81.9376,32.99,2017
2017-05-09,DE,81.8451,32.96,2017
2017-05-10,DE,81.9115,32.98,2017
2017-05-11,DE,82.1685,33.09,2017
2017-05-12,DE,82.5753,33.25,2017
2017-05-13,DE,83.1486,33.48,2017
2017-05-14,DE,83.8559,33.77,2017
2017-05-15,DE,84.355,33.99,2017
2017-05-16,DE,84.8636,34.19,2017
2017-05-17,DE,85.4109,34.41,2017
2017-05-18,DE,86.1012,34.69,2017
2017-05-19,DE,86.7976,34.97,2017
2017-05-20,DE,87.767,35.36,2017
2017-05-21,DE,88.773,35.77,2017
2017-05-22,DE,89.5633,36.08,2017
2017-05-23,DE,90.5168,36.47,2017
2017-05-24,DE,91.5487,36.88,2017
2017-05-25,DE,92.7686,37.38,2017
2017-05-26,DE,93.977,37.86,2017
2017-05-27,DE,95.5815,38.51,2017
2017-05-28,DE,97.2017,39.16,2017
2017-05-29,DE,98.3935,39.65,2017
2017-05-30,DE,99.341,40.03,2017
2017-05-31,DE,100.1346,40.35,2017
2017-06-01,DE,101.0943,40.74,2017
2017-06-02,DE,102.207,41.19,2017
2017-06-03,DE,103.9364,41.88,2017
2017-06-04,DE,105.6444,42.57,2017
2017-06-05,DE,107.0316,43.11,2017
2017-06-06,DE,108.046,43.52,2017
2017-06-07,DE,109.0566,43.93,2017
2017-06-08,DE,110.0259,44.32,2017
2017-06-09,DE,111.1117,44.76,2017
2017-06-10,DE,112.4697,45.3,2017
2017-06-11,DE,113.9393,45.9,2017
2017-06-12,DE,115.0012,46.31,2017
2017-06-13,DE,115.9262,46.68,2017
2017-06-14,DE,116.5857,46.95,2017
2017-06-15,DE,117.169,47.18,2017
2017-06-16,DE,117.8458,47.46,2017
2017-06-17,DE,118.5821,47.75,2017
2017-06-18,DE,119.3474,48.06,2017
2017-06-19,DE,119.9452,48.32,2017
2017-06-20,DE,120.4066,48.51,2017
2017-06-21,DE,120.9426,48.72,2017
2017-06-22,DE,121.3656,48.89,2017
2017-06-23,DE,121.7213,49.04,2017
2017-06-24,DE,122.7276,49.44,2017
2017-06-25,DE,123.7034,49.84,2017
2017-06-26,DE,124.1833,50.04,2017
2017-06-27,DE,124.5787,50.2,2017
2017-06-28,DE,125.0436,50.38,2017
2017-06-29,DE,126.7165,51.06,2017
2017-06-30,DE,127.4751,51.36,2017
2017-07-01,DE,128.7992,51.9,2017
2017-07-02,DE,130.1602,52.45,2017
2017-07-03,DE,131.07,52.81,2017
2017-07-04,DE,131.8853,53.14,2017
2017-07-05,DE,132.7594,53.49,2017
2017-07-06,DE,133.6666,53.86,2017
2017-07-07,DE,134.6745,54.26,2017
2017-07-08,DE,136.1339,54.85,2017
2017-07-09,DE,137.6093,55.44,2017
2017-07-10,DE,138.5605,55.85,2017
2017-07-11,DE,139.31,56.15,2017
2017-07-12,DE,139.8719,56.38,2017
2017-07-13,DE,140.6624,56.7,2017
2017-07-14,DE,141.5097,57.04,2017
2017-07-15,DE,142.6712,57.51,2017
2017-07-16,DE,143.9826,58.04,2017
2017-07-17,DE,144.9804,58.41,2017
2017-07-18,DE,145.3449,58.55,2017
2017-07-19,DE,146.577,59.05,2017
2017-07-20,DE,147.7168,59.51,2017
2017-07-21,DE,148.9282,60.0,2017
2017-07-22,DE,150.5918,60.67,2017
2017-07-23,DE,152.2571,61.34,2017
2017-07-24,DE,153.3223,61.76,2017
2017-07-25,DE,154.3734,62.19,2017
2017-07-26,DE,155.4953,62.64,2017
2017-07-27,DE,156.6828,63.12,2017
2017-07-28,DE,157.974,63.64,2017
2017-07-29,DE,159.5763,64.28,2017
2017-07-30,DE,161.2296,64.95,2017
2017-07-31,DE,162.5263,65.48,2017
2017-08-01,DE,163.6333,65.93,2017
2017-08-02,DE,164.6874,66.35,2017
2017-08-03,DE,165.8327,66.82,2017
2017-08-04,DE,167.2106,67.37,2017
2017-08-05,DE,168.7663,68.0,2017
2017-08-06,DE,170.3595,68.64,2017
2017-08-07,DE,171.5376,69.1,2017
2017-08-08,DE,172.2884,69.41,2017
2017-08-09,DE,173.0318,69.71,2017
2017-08-10,DE,173.9925,70.09,2017
2017-08-11,DE,174.9888,70.49,2017
2017-08-12,DE,176.3529,71.04,2017
2017-08-13,DE,177.6164,71.55,2017
2017-08-14,DE,178.7848,72.02,2017
2017-08-15,DE,180.0918,72.55,2017
2017-08-16,DE,181.256,73.02,2017
2017-08-17,DE,182.5019,73.52,2017
2017-08-18,DE,183.8216,74.05,2017
2017-08-19,DE,185.3377,74.66,2017
2017-08-20,DE,186.8641,75.28,2017
2017-08-21,DE,187.9461,75.69,2017
2017-08-22,DE,188.9656,76.1,2017
2017-08-23,DE,190.0736,76.55,2017
2017-08-24,DE,191.0035,76.92,2017
2017-08-25,DE,192.0293,77.33,2017
2017-08-26,DE,193.3501,77.87,2017
2017-08-27,DE,194.6631,78.39,2017
2017-08-28,DE,195.861,78.87,2017
2017-08-29,DE,196.8644,79.28,2017
2017-08-30,DE,197.8929,79.69,2017
2017-08-31,DE,198.768,80.05,2017
2017-09-01,DE,199.6873,80.38,2017
2017-09-02,DE,200.8038,80.83,2017
2017-09-03,DE,201.8789,81.27,2017
2017-09-04,DE,202.4945,81.53,2017
2017-09-05,DE,203.213,81.82,2017
2017-09-06,DE,204.0187,82.14,2017
2017-09-07,DE,204.8668,82.48,2017
2017-09-08,DE,205.7748,82.85,2017
2017-09-09,DE,207.0415,83.36,2017
2017-09-10,DE,208.4197,83.91,2017
2017-09-11,DE,208.571,83.99,2017
2017-09-12,DE,208.7584,84.07,2017
2017-09-13,DE,208.8476,84.1,2017
2017-09-14,DE,208.8555,84.14,2017
2017-09-15,DE,208.673,84.03,2017
2017-09-16,DE,208.7652,84.07,2017
2017-09-17,DE,208.8635,84.11,2017
2017-09-18,DE,208.4787,83.95,2017
2017-09-19,DE,207.9271,83.73,2017
2017-09-20,DE,207.7319,83.65,2017
2017-09-21,DE,207.5188,83.56,2017
2017-09-22,DE,207.8343,83.69,2017
2017-09-23,DE,208.8134,84.08,2017
2017-09-24,DE,209.8275,84.49,2017
2017-09-25,DE,210.323,84.66,2017
2017-09-26,DE,210.8923,84.89,2017
2017-09-27,DE,211.2435,85.03,2017
2017-09-28,DE,211.7893,85.25,2017
2017-09-29,DE,212.4725,85.53,2017
2017-09-30,DE,213.7941,86.06,2017
2017-10-01,DE,215.321,86.76,2018
2017-10-02,DE,216.4434,87.15,2018
2017-10-03,DE,217.4553,87.56,2018
2017-10-04,DE,218.0373,87.79,2018
2017-10-05,DE,218.5399,87.99,2018
2017-10-06,DE,218.664,88.04,2018
2017-10-07,DE,219.171,88.25,2018
2017-10-08,DE,219.7739,88.49,2018
2017-10-09,DE,220.0629,88.68,2018
2017-10-10,DE,220.2239,88.75,2018
2017-10-11,DE,220.6446,88.92,2018
2017-10-12,DE,221.5256,89.11,2018
2017-10-13,DE,222.5267,89.51,2018
2017-10-14,DE,223.9809,90.09,2018
2017-10-15,DE,225.4669,90.69,2018
2017-10-16,DE,226.4114,91.08,2018
2017-10-17,DE,227.2787,91.43,2018
2017-10-18,DE,227.8742,91.67,2018
2017-10-19,DE,228.5083,91.93,2018
2017-10-20,DE,229.1297,92.18,2018
2017-10-21,DE,229.9651,92.51,2018
2017-10-22,DE,230.6781,92.8,2018
2017-10-23,DE,230.9587,92.94,2018
2017-10-24,DE,231.4429,93.14,2018
2017-10-25,DE,231.9352,93.34,2018
2017-10-26,DE,232.2192,93.45,2018
2017-10-27,DE,232.4589,93.55,2018
2017-10-28,DE,233.1885,93.84,2018
2017-10-29,DE,233.8578,94.11,2018
2017-10-30,DE,233.8361,94.08,2018
2017-10-31,DE,233.6843,94.02,2018
2017-11-01,DE,233.6475,94.0,2018
2017-11-02,DE,233.5081,93.95,2018
2017-11-03,DE,233.308,93.87,2018
2017-11-04,DE,233.5323,93.96,2018
2017-11-05,DE,233.7028,94.03,2018
2017-11-06,DE,233.0404,93.75,2018
2017-11-07,DE,232.0492,93.35,2018
2017-11-08,DE,231.1372,92.99,2018
2017-11-09,DE,230.3266,92.66,2018
2017-11-10,DE,229.8671,92.48,2018
2017-11-11,DE,229.4506,92.31,2018
2017-11-12,DE,229.0417,92.15,2018
2017-11-13,DE,228.0865,91.77,2018
2017-11-14,DE,226.2492,91.03,2018
2017-11-15,DE,225.3835,90.68,2018
2017-11-16,DE,224.6531,90.39,2018
2017-11-17,DE,223.8857,90.08,2018
2017-11-18,DE,223.1188,89.77,2018
2017-11-19,DE,222.394,89.48,2018
2017-11-20,DE,221.2544,89.02,2018
2017-11-21,DE,220.5013,88.72,2018
2017-11-22,DE,220.1716,88.59,2018
2017-11-23,DE,219.8125,88.44,2018
2017-11-24,DE,219.0719,88.05,2018
2017-11-25,DE,218.3758,87.77,2018
2017-11-26,DE,217.4496,87.39,2018
2017-11-27,DE,215.9595,86.79,2018
2017-11-28,DE,214.4779,86.2,2018
2017-11-29,DE,212.3346,85.34,2018
2017-11-30,DE,210.0398,83.53,2018
2017-12-01,DE,207.8353,82.65,2018
2017-12-02,DE,206.1246,81.97,2018
2017-12-03,DE,204.6419,81.38,2018
2017-12-04,DE,203.086,80.76,2018
2017-12-05,DE,201.5995,80.17,2018
2017-12-06,DE,200.3619,79.68,2018
2017-12-07,DE,198.9733,79.13,2018
2017-12-08,DE,197.5151,78.55,2018
2017-12-09,DE,195.9189,77.91,2018
2017-12-10,DE,194.1733,77.22,2018
2017-12-11,DE,192.1116,76.4,2018
2017-12-12,DE,189.4164,75.33,2018
2017-12-13,DE,186.7289,74.26,2018
2017-12-14,DE,184.5425,73.39,2018
2017-12-15,DE,182.5022,72.58,2018
2017-12-16,DE,180.8981,71.94,2018
2017-12-17,DE,179.2742,71.29,2018
2017-12-18,DE,176.9682,70.38,2018
2017-12-19,DE,174.2983,69.31,2018
2017-12-20,DE,172.1852,68.47,2018
2017-12-21,DE,170.4128,67.77,2018
2017-12-22,DE,168.6625,67.07,2018
2017-12-23,DE,168.1407,66.87,2018
2017-12-24,DE,167.9846,66.8,2018
2017-12-25,DE,167.6479,66.67,2018
2017-12-26,DE,167.0644,66.44,2018
2017-12-27,DE,166.038,66.03,2018
2017-12-28,DE,164.664,65.48,2018
2017-12-29,DE,163.5361,65.03,2018
2017-12-30,DE,162.9966,64.82,2018
2017-12-31,DE,163.1128,64.87,2018
2018-01-01,DE,163.1174,64.87,2018
2018-01-02,DE,162.4281,64.59,2018
2018-01-03,DE,161.5978,64.26,2018
2018-01-04,DE,160.8281,63.96,2018
2018-01-05,DE,160.1453,63.68,2018
2018-01-06,DE,159.6636,63.49,2018
2018-01-07,DE,158.7309,63.12,2018
2018-01-08,DE,157.1288,62.49,2018
2018-01-09,DE,155.63,61.89,2018
2018-01-10,DE,154.2287,61.33,2018
2018-01-11,DE,152.7921,60.76,2018
2018-01-12,DE,151.5276,60.26,2018
2018-01-13,DE,150.4865,59.84,2018
2018-01-14,DE,149.4837,59.44,2018
2018-01-15,DE,147.8012,58.78,2018
2018-01-16,DE,146.4003,58.22,2018
2018-01-17,DE,144.6398,57.52,2018
2018-01-18,DE,142.9147,56.83,2018
2018-01-19,DE,141.1438,56.13,2018
2018-01-20,DE,139.9091,55.64,2018
2018-01-21,DE,138.7417,55.17,2018
2018-01-22,DE,137.308,54.6,2018
2018-01-23,DE,136.42,54.25,2018
2018-01-24,DE,136.0793,54.11,2018
2018-01-25,DE,135.1923,53.76,2018
2018-01-26,DE,134.2385,53.38,2018
2018-01-27,DE,133.7148,53.17,2018
2018-01-28,DE,133.5306,53.1,2018
2018-01-29,DE,133.1316,52.94,2018
2018-01-30,DE,132.1452,52.55,2018
2018-01-31,DE,131.2773,52.2,2018
2018-02-01,DE,129.9749,51.69,2018
2018-02-02,DE,128.4874,51.09,2018
2018-02-03,DE,127.0964,50.54,2018
2018-02-04,DE,125.5193,49.91,2018
2018-02-05,DE,122.9093,48.88,2018
2018-02-06,DE,119.9635,47.71,2018
2018-02-07,DE,116.9758,46.52,2018
2018-02-08,DE,113.9498,45.31,2018
2018-02-09,DE,111.3473,44.28,2018
2018-02-10,DE,109.7851,43.66,2018
2018-02-11,DE,108.4532,43.13,2018
2018-02-12,DE,106.3956,42.31,2018
2018-02-13,DE,104.1336,41.41,2018
2018-02-14,DE,101.9517,40.54,2018
2018-02-15,DE,100.0406,39.78,2018
2018-02-16,DE,98.3077,39.09,2018
2018-02-17,DE,97.0423,38.59,2018
2018-02-18,DE,95.7008,38.06,2018
2018-02-19,DE,93.5615,37.21,2018
2018-02-20,DE,91.02,36.19,2018
2018-02-21,DE,88.2359,35.09,2018
2018-02-22,DE,85.2837,33.91,2018
2018-02-23,DE,82.5361,32.82,2018
2018-02-24,DE,80.3597,31.96,2018
2018-02-25,DE,77.9487,31.0,2018
2018-02-26,DE,74.4228,29.59,2018
2018-02-27,DE,70.6571,28.1,2018
2018-02-28,DE,66.8884,26.6,2018
2018-03-01,DE,63.5666,25.28,2018
2018-03-02,DE,60.1559,23.92,2018
2018-03-03,DE,57.8864,23.02,2018
2018-03-04,DE,56.4085,22.43,2018
2018-03-05,DE,54.9468,21.85,2018
2018-03-06,DE,53.563,21.3,2018
2018-03-07,DE,52.2746,20.79,2018
2018-03-08,DE,50.8561,20.25,2018
2018-03-09,DE,50.2703,19.99,2018
2018-03-10,DE,50.0504,19.9,2018
2018-03-11,DE,50.0664,19.91,2018
2018-03-12,DE,49.6858,19.76,2018
2018-03-13,DE,49.1622,19.55,2018
2018-03-14,DE,48.401,19.25,2018
2018-03-15,DE,47.9641,19.07,2018
2018-03-16,DE,47.377,18.84,2018
2018-03-17,DE,46.2947,18.41,2018
2018-03-18,DE,45.0456,17.91,2018
2018-03-19,DE,43.2374,17.2,2018
2018-03-20,DE,41.6547,16.57,2018
2018-03-21,DE,40.0714,15.94,2018
2018-03-22,DE,38.6355,15.36,2018
2018-03-23,DE,37.7288,15.0,2018
2018-03-24,DE,37.3457,14.85,2018
2018-03-25,DE,37.1474,14.77,2018
2018-03-26,DE,36.6849,14.59,2018
2018-03-27,DE,36.3241,14.45,2018
2018-03-28,DE,35.9534,14.32,2018
2018-03-29,DE,35.6396,14.19,2018
2018-03-30,DE,35.6202,14.18,2018
2018-03-31,DE,35.6834,14.34,2018
2018-04-01,DE,35.6376,14.17,2018
2018-04-02,DE,35.5401,14.13,2018
2018-04-03,DE,35.569,14.14,2018
2018-04-04,DE,35.8538,14.26,2018
2018-04-05,DE,35.8689,14.26,2018
2018-04-06,DE,35.959,14.3,2018
2018-04-07,DE,36.4284,14.48,2018
2018-04-08,DE,37.1208,14.76,2018
2018-04-09,DE,37.545,14.93,2018
2018-04-10,DE,37.8005,15.03,2018
2018-04-11,DE,37.9908,15.13,2018
2018-04-12,DE,38.3162,15.27,2018
2018-04-13,DE,38.5,15.35,2018
2018-04-14,DE,38.9847,15.54,2018
2018-04-15,DE,39.5365,15.76,2018
2018-04-16,DE,39.7729,15.86,2018
2018-04-17,DE,40.4155,16.12,2018
2018-04-18,DE,41.2999,16.47,2018
2018-04-19,DE,42.4087,16.91,2018
2018-04-20,DE,43.4298,17.32,2018
2018-04-21,DE,44.7425,17.84,2018
2018-04-22,DE,46.3616,18.49,2018
2018-04-23,DE,47.2533,18.83,2018
2018-04-24,DE,48.0615,19.15,2018
2018-04-25,DE,48.9045,19.49,2018
2018-04-26,DE,49.6822,19.8,2018
2018-04-27,DE,50.1989,20.0,2018
2018-04-28,DE,51.1679,20.39,2018
2018-04-29,DE,52.2939,20.84,2018
2018-04-30,DE,53.1181,21.17,2018
2018-05-01,DE,53.785,21.44,2018
2018-05-02,DE,54.2132,21.61,2018
2018-05-03,DE,54.7611,21.82,2018
2018-05-04,DE,55.4101,22.08,2018
2018-05-05,DE,56.4075,22.48,2018
2018-05-06,DE,57.5903,22.95,2018
2018-05-07,DE,58.7678,23.42,2018
2018-05-08,DE,60.1034,23.95,2018
2018-05-09,DE,61.4236,24.48,2018
2018-05-10,DE,62.8945,25.07,2018
2018-05-11,DE,64.3543,25.65,2018
2018-05-12,DE,66.0555,26.33,2018
2018-05-13,DE,67.8021,27.02,2018
2018-05-14,DE,69.1389,27.55,2018
2018-05-15,DE,70.4102,28.06,2018
2018-05-16,DE,71.4534,28.48,2018
2018-05-17,DE,72.611,28.94,2018
2018-05-18,DE,73.6558,29.35,2018
2018-05-19,DE,74.7112,29.77,2018
2018-05-20,DE,75.9812,30.28,2018
2018-05-21,DE,77.3705,30.83,2018
2018-05-22,DE,78.7828,31.4,2018
2018-05-23,DE,80.0749,31.91,2018
2018-05-24,DE,81.0489,32.3,2018
2018-05-25,DE,82.2388,32.77,2018
2018-05-26,DE,83.7223,33.36,2018
2018-05-27,DE,85.3162,34.0,2018
2018-05-28,DE,86.6901,34.55,2018
2018-05-29,DE,87.9142,35.04,2018
2018-05-30,DE,88.9316,35.44,2018
2018-05-31,DE,89.7907,35.78,2018
2018-06-01,DE,90.6081,36.08,2018
2018-06-02,DE,91.7222,36.52,2018
2018-06-03,DE,92.8971,36.99,2018
2018-06-04,DE,93.794,37.34,2018
2018-06-05,DE,94.3119,37.55,2018
2018-06-06,DE,95.1741,37.89,2018
2018-06-07,DE,96.0087,38.23,2018
2018-06-08,DE,96.7349,38.52,2018
2018-06-09,DE,97.7401,38.92,2018
2018-06-10,DE,98.8061,39.34,2018
2018-06-11,DE,99.6713,39.68,2018
2018-06-12,DE,100.6583,40.07,2018
2018-06-13,DE,101.5779,40.44,2018
2018-06-14,DE,102.6256,40.86,2018
2018-06-15,DE,103.1101,41.05,2018
2018-06-16,DE,104.036,41.42,2018
2018-06-17,DE,105.0203,41.81,2018
2018-06-18,DE,105.7313,42.09,2018
2018-06-19,DE,106.3865,42.35,2018
2018-06-20,DE,106.9778,42.59,2018
2018-06-21,DE,107.4943,42.79,2018
2018-06-22,DE,108.0916,43.28,2018
2018-06-23,DE,109.0199,43.4,2018
2018-06-24,DE,109.9717,43.78,2018
2018-06-25,DE,110.7252,44.08,2018
2018-06-26,DE,111.4403,44.37,2018
2018-06-27,DE,112.2528,44.69,2018
2018-06-28,DE,113.2675,45.1,2018
2018-06-29,DE,114.5781,45.62,2018
2018-06-30,DE,116.1061,46.23,2018
2018-07-01,DE,117.8606,46.93,2018
2018-07-02,DE,119.3393,47.52,2018
2018-07-03,DE,120.5545,48.0,2018
2018-07-04,DE,121.6784,48.45,2018
2018-07-05,DE,123.0142,48.98,2018
2018-07-06,DE,124.4416,49.55,2018
2018-07-07,DE,126.0291,50.18,2018
2018-07-08,DE,127.6352,50.82,2018
2018-07-09,DE,128.7247,51.25,2018
2018-07-10,DE,129.5348,51.57,2018
2018-07-11,DE,130.3307,51.88,2018
2018-07-12,DE,131.1957,52.23,2018
2018-07-13,DE,132.1288,52.6,2018
2018-07-14,DE,133.4918,53.14,2018
2018-07-15,DE,134.9071,53.71,2018
2018-07-16,DE,135.921,54.12,2018
2018-07-17,DE,136.0719,54.37,2018
2018-07-18,DE,137.0581,54.57,2018
2018-07-19,DE,137.4989,54.68,2018
2018-07-20,DE,137.981,54.87,2018
2018-07-21,DE,138.6966,55.16,2018
2018-07-22,DE,139.447,55.46,2018
2018-07-23,DE,140.0437,55.68,2018
2018-07-24,DE,140.4654,55.85,2018
2018-07-25,DE,140.8666,56.01,2018
2018-07-26,DE,141.2993,56.18,2018
2018-07-27,DE,141.9807,56.45,2018
2018-07-28,DE,142.9213,56.83,2018
2018-07-29,DE,143.8651,57.2,2018
2018-07-30,DE,144.8939,57.62,2018
2018-07-31,DE,146.0327,58.07,2018
2018-08-01,DE,147.1403,59.22,2018
2018-08-02,DE,148.0413,58.87,2018
2018-08-03,DE,148.9843,59.25,2018
2018-08-04,DE,150.4339,59.82,2018
2018-08-05,DE,151.8955,60.4,2018
2018-08-06,DE,152.9401,60.83,2018
2018-08-07,DE,154.0101,61.33,2018
2018-08-08,DE,155.1375,61.78,2018
2018-08-09,DE,156.2496,62.22,2018
2018-08-10,DE,157.6811,62.79,2018
2018-08-11,DE,159.3653,63.46,2018
2018-08-12,DE,160.973,64.1,2018
2018-08-13,DE,162.32,64.65,2018
2018-08-14,DE,163.391,65.07,2018
2018-08-15,DE,164.7402,65.61,2018
2018-08-16,DE,166.0235,66.12,2018
2018-08-17,DE,167.4382,66.68,2018
2018-08-18,DE,169.017,67.31,2018
2018-08-19,DE,170.593,67.94,2018
2018-08-20,DE,171.6204,68.36,2018
2018-08-21,DE,172.6794,68.78,2018
2018-08-22,DE,173.5848,69.14,2018
2018-08-23,DE,174.4634,69.49,2018
2018-08-24,DE,175.4039,69.86,2018
2018-08-25,DE,176.7076,70.38,2018
2018-08-26,DE,177.9103,70.86,2018
2018-08-27,DE,179.0179,71.31,2018
2018-08-28,DE,179.8126,71.63,2018
2018-08-29,DE,180.4524,71.88,2018
2018-08-30,DE,181.0054,72.1,2018
2018-08-31,DE,181.519,72.31,2018
2018-09-01,DE,182.24,72.59,2018
2018-09-02,DE,183.0837,72.93,2018
2018-09-03,DE,183.6429,73.12,2018
2018-09-04,DE,184.0896,73.3,2018
2018-09-05,DE,184.5475,73.48,2018
2018-09-06,DE,185.0252,73.67,2018
2018-09-07,DE,185.5764,73.89,2018
2018-09-08,DE,186.4089,74.22,2018
2018-09-09,DE,187.2786,74.57,2018
2018-09-10,DE,187.8225,74.76,2018
2018-09-11,DE,188.4311,75.0,2018
2018-09-12,DE,189.0736,75.26,2018
2018-09-13,DE,189.6189,75.47,2018
2018-09-14,DE,190.2981,75.74,2018
2018-09-15,DE,191.4561,76.2,2018
2018-09-16,DE,192.6454,76.68,2018
2018-09-17,DE,193.3047,76.95,2018
2018-09-18,DE,194.2734,77.33,2018
2018-09-19,DE,195.1681,77.69,2018
2018-09-20,DE,196.0243,78.03,2018
2018-09-21,DE,196.8928,78.38,2018
2018-09-22,DE,197.731,78.71,2018
2018-09-23,DE,198.4692,79.0,2018
2018-09-24,DE,198.674,79.09,2018
2018-09-25,DE,198.9029,79.18,2018
2018-09-26,DE,199.1156,79.27,2018
2018-09-27,DE,199.5422,79.44,2018
2018-09-28,DE,200.0586,79.64,2018
2018-09-29,DE,200.4668,79.81,2018
2018-09-30,DE,201.0467,80.04,2018
2018-10-01,DE,201.235,80.12,2019
2018-10-02,DE,201.6124,80.27,2019
2018-10-03,DE,202.1676,80.49,2019
2018-10-04,DE,202.6018,80.64,2019
2018-10-05,DE,203.3697,80.95,2019
2018-10-06,DE,204.5074,81.4,2019
2018-10-07,DE,205.5214,81.8,2019
2018-10-08,DE,205.9876,81.99,2019
2018-10-09,DE,206.365,82.14,2019
2018-10-10,DE,206.9006,82.35,2019
2018-10-11,DE,207.8835,82.74,2019
2018-10-12,DE,209.2718,83.3,2019
2018-10-13,DE,210.8825,83.94,2019
2018-10-14,DE,212.5471,84.6,2019
2018-10-15,DE,213.6485,85.05,2019
2018-10-16,DE,214.4607,85.37,2019
2018-10-17,DE,215.2024,85.67,2019
2018-10-18,DE,216.0866,86.02,2019
2018-10-19,DE,216.9337,86.35,2019
2018-10-20,DE,217.8018,86.7,2019
2018-10-21,DE,218.7155,87.06,2019
2018-10-22,DE,219.1446,87.23,2019
2018-10-23,DE,219.6727,87.44,2019
2018-10-24,DE,220.2372,87.66,2019
2018-10-25,DE,220.5483,87.79,2019
2018-10-26,DE,220.6921,87.84,2019
2018-10-27,DE,220.8612,87.91,2019
2018-10-28,DE,220.8244,87.9,2019
2018-10-29,DE,220.3951,87.72,2019
2018-10-30,DE,220.3513,87.71,2019
2018-10-31,DE,220.2767,87.68,2019
2018-11-01,DE,220.451,87.75,2019
2018-11-02,DE,220.5499,87.78,2019
2018-11-03,DE,220.6185,87.81,2019
2018-11-04,DE,220.7584,87.87,2019
2018-11-05,DE,220.7864,87.84,2019
2018-11-06,DE,220.7685,87.83,2019
2018-11-07,DE,220.8472,87.86,2019
2018-11-08,DE,220.7058,87.8,2019
2018-11-09,DE,220.6321,87.78,2019
2018-11-10,DE,220.9265,87.89,2019
2018-11-11,DE,221.2894,88.04,2019
2018-11-12,DE,221.4194,88.11,2019
2018-11-13,DE,221.3917,88.1,2019
2018-11-14,DE,221.197,88.02,2019
2018-11-15,DE,220.9468,87.92,2019
2018-11-16,DE,220.2899,87.66,2019
2018-11-17,DE,219.8164,87.47,2019
2018-11-18,DE,219.3782,87.29,2019
2018-11-19,DE,218.3727,86.9,2019
2018-11-20,DE,217.2679,86.46,2019
2018-11-21,DE,215.824,85.81,2019
2018-11-22,DE,214.4433,85.26,2019
2018-11-23,DE,213.3609,84.83,2019
2018-11-24,DE,212.7192,84.57,2019
2018-11-25,DE,212.1467,84.35,2019
2018-11-26,DE,211.1526,83.98,2019
2018-11-27,DE,210.2305,83.62,2019
2018-11-28,DE,209.3861,83.28,2019
2018-11-29,DE,208.7089,83.01,2019
2018-11-30,DE,207.9997,82.73,2019
2018-12-01,DE,207.7891,82.65,2019
2018-12-02,DE,207.8589,82.67,2019
2018-12-03,DE,207.8982,82.67,2019
2018-12-04,DE,207.3224,82.45,2019
2018-12-05,DE,206.3869,82.08,2019
2018-12-06,DE,206.1008,81.97,2019
2018-12-07,DE,206.04,81.94,2019
2018-12-08,DE,206.2284,82.02,2019
2018-12-09,DE,206.3569,82.07,2019
2018-12-10,DE,205.8323,81.86,2019
2018-12-11,DE,204.8608,81.47,2019
2018-12-12,DE,203.4719,80.92,2019
2018-12-13,DE,202.0569,80.36,2019
2018-12-14,DE,200.5497,79.76,2019
2018-12-15,DE,199.3602,79.28,2019
2018-12-16,DE,198.1317,78.79,2019
2018-12-17,DE,196.66,78.2,2019
2018-12-18,DE,195.4287,77.71,2019
2018-12-19,DE,194.3595,77.29,2019
2018-12-20,DE,193.5549,76.97,2019
2018-12-21,DE,193.1873,76.82,2019
2018-12-22,DE,193.0555,76.77,2019
2018-12-23,DE,192.8675,76.7,2019
2018-12-24,DE,192.3916,76.53,2019
2018-12-25,DE,191.8368,76.31,2019
2018-12-26,DE,191.1819,76.05,2019
2018-12-27,DE,190.324,75.71,2019
2018-12-28,DE,189.3747,75.33,2019
2018-12-29,DE,189.0108,75.18,2019
2018-12-30,DE,189.0139,75.18,2019
2018-12-31,DE,188.8874,75.13,2019
2019-01-01,DE,189.1272,75.23,2019
2019-01-02,DE,188.5782,75.01,2019
2019-01-03,DE,187.2198,74.47,2019
2019-01-04,DE,186.2821,74.1,2019
2019-01-05,DE,185.9276,73.96,2019
2019-01-06,DE,185.6007,73.83,2019
2019-01-07,DE,185.0055,73.59,2019
2019-01-08,DE,184.6933,73.47,2019
2019-01-09,DE,183.6367,73.05,2019
2019-01-10,DE,182.2694,72.5,2019
2019-01-11,DE,181.2469,72.09,2019
2019-01-12,DE,180.7807,71.91,2019
2019-01-13,DE,180.6573,71.86,2019
2019-01-14,DE,180.0753,71.56,2019
2019-01-15,DE,179.2183,71.22,2019
2019-01-16,DE,178.3433,70.87,2019
2019-01-17,DE,177.4485,70.52,2019
2019-01-18,DE,175.9434,69.92,2019
2019-01-19,DE,174.6055,69.39,2019
2019-01-20,DE,173.0321,68.76,2019
2019-01-21,DE,170.7376,67.84,2019
2019-01-22,DE,168.5306,66.97,2019
2019-01-23,DE,166.3542,66.1,2019
2019-01-24,DE,164.2454,65.27,2019
2019-01-25,DE,162.3161,64.5,2019
2019-01-26,DE,161.4645,64.16,2019
2019-01-27,DE,160.9188,63.94,2019
2019-01-28,DE,159.7441,63.48,2019
2019-01-29,DE,158.2603,62.89,2019
2019-01-30,DE,156.7612,62.29,2019
2019-01-31,DE,155.2054,61.67,2019
2019-02-01,DE,153.916,61.16,2019
2019-02-02,DE,153.1332,60.85,2019
2019-02-03,DE,152.293,60.52,2019
2019-02-04,DE,151.0736,60.03,2019
2019-02-05,DE,149.7968,59.52,2019
2019-02-06,DE,149.0059,59.21,2019
2019-02-07,DE,148.5505,59.03,2019
2019-02-08,DE,148.1713,58.88,2019
2019-02-09,DE,147.9421,58.79,2019
2019-02-10,DE,147.791,58.73,2019
2019-02-11,DE,147.0393,58.43,2019
2019-02-12,DE,146.1656,58.08,2019
2019-02-13,DE,145.436,57.79,2019
2019-02-14,DE,144.8705,57.57,2019
2019-02-15,DE,144.6073,57.46,2019
2019-02-16,DE,144.6099,57.46,2019
2019-02-17,DE,144.7171,57.51,2019
2019-02-18,DE,144.5867,57.45,2019
2019-02-19,DE,144.2576,57.31,2019
2019-02-20,DE,143.9317,57.19,2019
2019-02-21,DE,135.9103,54.0,2019
2019-02-22,DE,135.5749,53.87,2019
2019-02-23,DE,135.4733,53.82,2019
2019-02-24,DE,135.3508,53.78,2019
2019-02-25,DE,135.0432,53.66,2019
2019-02-26,DE,135.2672,53.75,2019
2019-02-27,DE,135.2269,53.73,2019
2019-02-28,DE,135.2518,53.74,2019
2019-03-01,DE,134.8622,53.59,2019
2019-03-02,DE,134.9877,53.64,2019
2019-03-03,DE,135.2125,53.73,2019
2019-03-04,DE,135.249,53.74,2019
2019-03-05,DE,135.0963,53.67,2019
2019-03-06,DE,134.943,53.61,2019
2019-03-07,DE,135.1445,53.69,2019
2019-03-08,DE,135.2212,53.72,2019
2019-03-09,DE,135.3959,53.79,2019
2019-03-10,DE,135.5084,53.84,2019
2019-03-11,DE,135.2914,53.73,2019
2019-03-12,DE,135.0129,53.62,2019
2019-03-13,DE,134.9192,53.58,2019
2019-03-14,DE,134.8268,53.55,2019
2019-03-15,DE,134.8906,53.57,2019
2019-03-16,DE,135.1831,53.69,2019
2019-03-17,DE,135.5089,53.82,2019
2019-03-18,DE,135.3091,53.75,2019
2019-03-19,DE,135.0118,53.64,2019
2019-03-20,DE,134.794,53.55,2019
2019-03-21,DE,134.7937,53.55,2019
2019-03-22,DE,135.0016,53.63,2019
2019-03-23,DE,135.6468,53.89,2019
2019-03-24,DE,136.2968,54.15,2019
2019-03-25,DE,136.3571,54.17,2019
2019-03-26,DE,136.1018,54.07,2019
2019-03-27,DE,136.0185,54.04,2019
2019-03-28,DE,135.9789,54.02,2019
2019-03-29,DE,136.0801,54.06,2019
2019-03-30,DE,136.7301,54.32,2019
2019-03-31,DE,136.0235,54.05,2019
2019-04-01,DE,138.0901,55.9,2019
2019-04-02,DE,139.4234,56.12,2019
2019-04-03,DE,139.9571,56.33,2019
2019-04-04,DE,138.8984,55.91,2019
2019-04-05,DE,138.8153,55.87,2019
2019-04-06,DE,139.2524,56.05,2019
2019-04-07,DE,139.8854,56.3,2019
2019-04-08,DE,140.2931,56.49,2019
2019-04-09,DE,140.4411,56.54,2019
2019-04-10,DE,140.4363,56.54,2019
2019-04-11,DE,140.2519,56.48,2019
2019-04-12,DE,140.1122,56.42,2019
2019-04-13,DE,140.0717,56.41,2019
2019-04-14,DE,140.1776,56.45,2019
2019-04-15,DE,140.3398,56.49,2019
2019-04-16,DE,140.8913,56.72,2019
2019-04-17,DE,141.5629,56.99,2019
2019-04-18,DE,142.4238,57.33,2019
2019-04-19,DE,143.7115,57.85,2019
2019-04-20,DE,145.0249,58.38,2019
2019-04-21,DE,146.4013,58.93,2019
2019-04-22,DE,147.8943,59.53,2019
2019-04-23,DE,149.0228,59.98,2019
2019-04-24,DE,150.1775,60.45,2019
2019-04-25,DE,151.0895,60.81,2019
2019-04-26,DE,151.9339,61.15,2019
2019-04-27,DE,152.8775,61.53,2019
2019-04-28,DE,153.5729,61.81,2019
2019-04-29,DE,153.9405,61.95,2019
2019-04-30,DE,154.4452,62.15,2019
2019-05-01,DE,155.3836,62.47,2019
2019-05-02,DE,155.9017,62.68,2019
2019-05-03,DE,156.4557,62.9,2019
2019-05-04,DE,157.0306,63.13,2019
2019-05-05,DE,157.578,63.35,2019
2019-05-06,DE,157.8362,63.46,2019
2019-05-07,DE,158.2915,63.64,2019
2019-05-08,DE,158.7811,63.84,2019
2019-05-09,DE,159.1605,63.99,2019
2019-05-10,DE,159.6202,64.17,2019
2019-05-11,DE,160.2186,64.41,2019
2019-05-12,DE,160.7639,64.63,2019
2019-05-13,DE,161.147,64.81,2019
2019-05-14,DE,161.6104,65.0,2019
2019-05-15,DE,162.0563,65.18,2019
2019-05-16,DE,162.4323,65.33,2019
2019-05-17,DE,162.9154,65.53,2019
2019-05-18,DE,163.9771,65.95,2019
2019-05-19,DE,165.0923,66.4,2019
2019-05-20,DE,165.9074,66.71,2019
2019-05-21,DE,166.6519,67.01,2019
2019-05-22,DE,167.441,67.33,2019
2019-05-23,DE,168.1615,67.62,2019
2019-05-24,DE,169.0513,67.97,2019
2019-05-25,DE,170.1008,68.4,2019
2019-05-26,DE,171.3651,68.9,2019
2019-05-27,DE,172.4627,69.35,2019
2019-05-28,DE,173.2349,69.66,2019
2019-05-29,DE,173.9044,69.93,2019
2019-05-30,DE,175.1764,70.44,2019
2019-05-31,DE,176.5087,70.98,2019
2019-06-01,DE,178.1769,71.64,2019
2019-06-02,DE,179.8754,72.32,2019
2019-06-03,DE,181.1149,72.85,2019
2019-06-04,DE,182.3221,73.33,2019
2019-06-05,DE,183.4379,73.78,2019
2019-06-06,DE,184.2603,74.11,2019
2019-06-07,DE,185.3424,74.55,2019
2019-06-08,DE,186.4485,74.99,2019
2019-06-09,DE,187.5621,75.44,2019
2019-06-10,DE,188.5912,75.86,2019
2019-06-11,DE,189.3401,76.17,2019
2019-06-12,DE,190.2086,76.52,2019
2019-06-13,DE,190.9934,76.83,2019
2019-06-14,DE,191.8128,77.16,2019
2019-06-15,DE,192.8202,77.57,2019
2019-06-16,DE,193.53,77.85,2019
2019-06-17,DE,194.3693,78.16,2019
2019-06-18,DE,195.1478,78.48,2019
2019-06-19,DE,195.7776,78.73,2019
2019-06-20,DE,196.555,79.04,2019
2019-06-21,DE,197.3037,79.34,2019
2019-06-22,DE,198.3329,79.76,2019
2019-06-23,DE,199.3833,80.18,2019
2019-06-24,DE,200.1278,80.47,2019
2019-06-25,DE,200.9275,80.79,2019
2019-06-26,DE,201.7358,81.12,2019
2019-06-27,DE,202.5651,81.45,2019
2019-06-28,DE,203.2855,81.71,2019
2019-06-29,DE,204.3558,82.14,2019
2019-06-30,DE,205.5299,82.61,2019
2019-07-01,DE,206.2341,82.9,2019
2019-07-02,DE,206.6966,83.08,2019
2019-07-03,DE,207.3629,83.35,2019
2019-07-04,DE,207.782,83.52,2019
2019-07-05,DE,207.9938,83.61,2019
2019-07-06,DE,209.1574,84.07,2019
2019-07-07,DE,209.9655,84.4,2019
2019-07-08,DE,210.1569,84.48,2019
2019-07-09,DE,210.2208,84.5,2019
2019-07-10,DE,210.551,84.56,2019
2019-07-11,DE,210.9494,84.72,2019
2019-07-12,DE,211.4578,84.92,2019
2019-07-13,DE,212.3573,85.29,2019
2019-07-14,DE,213.3247,85.67,2019
2019-07-15,DE,213.8332,85.86,2019
2019-07-16,DE,213.6583,85.79,2019
2019-07-17,DE,213.4859,85.72,2019
2019-07-18,DE,213.3111,85.63,2019
2019-07-19,DE,213.1553,85.5,2019
2019-07-20,DE,213.3938,85.59,2019
2019-07-21,DE,213.7221,85.72,2019
2019-07-22,DE,213.7287,85.71,2019
2019-07-23,DE,213.8353,85.76,2019
2019-07-24,DE,213.8008,85.74,2019
2019-07-25,DE,213.8298,85.75,2019
2019-07-26,DE,213.8255,85.75,2019
2019-07-27,DE,214.3014,85.93,2019
2019-07-28,DE,214.8341,86.14,2019
2019-07-29,DE,215.1989,86.33,2019
2019-07-30,DE,215.6382,86.43,2019
2019-07-31,DE,216.073,86.6,2019
2019-08-01,DE,216.635,86.75,2019
2019-08-02,DE,217.1662,86.96,2019
2019-08-03,DE,217.7159,87.18,2019
2019-08-04,DE,218.2931,87.41,2019
2019-08-05,DE,218.6848,87.51,2019
2019-08-06,DE,219.2077,87.72,2019
2019-08-07,DE,219.9412,88.01,2019
2019-08-08,DE,220.5188,90.02,2019
2019-08-09,DE,221.2781,90.33,2019
2019-08-10,DE,222.3412,90.76,2019
2019-08-11,DE,223.4116,91.2,2019
2019-08-12,DE,224.061,91.48,2019
2019-08-13,DE,224.5471,91.68,2019
2019-08-14,DE,224.9152,91.83,2019
2019-08-15,DE,225.5225,92.08,2019
2019-08-16,DE,226.2,92.36,2019
2019-08-17,DE,227.1596,92.75,2019
2019-08-18,DE,228.1237,93.14,2019
2019-08-19,DE,228.8588,93.49,2019
2019-08-20,DE,229.4335,93.72,2019
2019-08-21,DE,230.0759,93.93,2019
2019-08-22,DE,230.6299,94.13,2019
2019-08-23,DE,231.1723,94.35,2019
2019-08-24,DE,231.7807,94.6,2019
2019-08-25,DE,232.428,94.86,2019
2019-08-26,DE,232.8528,94.98,2019
2019-08-27,DE,233.2505,95.15,2019
2019-08-28,DE,233.592,95.27,2019
2019-08-29,DE,233.7896,95.25,2019
2019-08-30,DE,234.1781,95.41,2019
2019-08-31,DE,234.8854,95.7,2019
2019-09-01,DE,235.5616,95.97,2019
2019-09-02,DE,236.0007,96.13,2019
2019-09-03,DE,236.4547,96.31,2019
2019-09-04,DE,236.864,96.48,2019
2019-09-05,DE,237.1253,96.59,2019
2019-09-06,DE,237.3339,96.59,2019
2019-09-07,DE,237.4428,96.64,2019
2019-09-08,DE,237.6014,96.7,2019
2019-09-09,DE,237.6642,96.62,2019
2019-09-10,DE,237.75,96.65,2019
2019-09-11,DE,237.8947,96.69,2019
2019-09-12,DE,238.0538,96.76,2019
2019-09-13,DE,238.2038,96.82,2019
2019-09-14,DE,238.5145,96.94,2019
2019-09-15,DE,238.9085,97.1,2019
2019-09-16,DE,239.1288,97.16,2019
2019-09-17,DE,239.2282,97.2,2019
2019-09-18,DE,239.2376,97.2,2019
2019-09-19,DE,239.1814,97.13,2019
2019-09-20,DE,239.186,97.14,2019
2019-09-21,DE,239.4148,97.23,2019
2019-09-22,DE,239.7112,97.35,2019
2019-09-23,DE,239.8135,97.39,2019
2019-09-24,DE,239.8294,97.39,2019
2019-09-25,DE,239.7558,97.36,2019
2019-09-26,DE,239.8377,97.4,2019
2019-09-27,DE,240.0756,97.48,2019
2019-09-28,DE,240.5433,97.67,2019
2019-09-29,DE,241.0885,97.89,2019
2019-09-30,DE,241.4189,97.99,2019
2019-10-01,DE,241.6694,98.34,2020
2019-10-02,DE,241.8889,98.41,2020
2019-10-03,DE,242.0094,98.46,2020
2019-10-04,DE,242.0384,98.45,2020
2019-10-05,DE,242.2488,98.53,2020
2019-10-06,DE,242.4791,98.62,2020
2019-10-07,DE,242.5078,98.63,2020
2019-10-08,DE,242.5196,98.64,2020
2019-10-09,DE,242.5389,98.64,2020
2019-10-10,DE,242.676,98.65,2020
2019-10-11,DE,242.6975,98.66,2020
2019-10-12,DE,242.9639,98.77,2020
2019-10-13,DE,243.3754,98.93,2020
2019-10-14,DE,243.5462,99.01,2020
2019-10-15,DE,243.6734,99.06,2020
2019-10-16,DE,243.7237,99.08,2020
2019-10-17,DE,243.8236,99.09,2020
2019-10-18,DE,243.855,99.1,2020
2019-10-19,DE,244.0826,99.2,2020
2019-10-20,DE,244.3592,99.31,2020
2019-10-21,DE,244.4405,99.33,2020
2019-10-22,DE,244.4453,99.34,2020
2019-10-23,DE,244.4566,99.34,2020
2019-10-24,DE,244.4939,99.35,2020
2019-10-25,DE,244.578,99.39,2020
2019-10-26,DE,244.9413,99.53,2020
2019-10-27,DE,245.1592,99.62,2020
2019-10-28,DE,245.1109,99.59,2020
2019-10-29,DE,244.9887,99.52,2020
2019-10-30,DE,244.7143,99.41,2020
2019-10-31,DE,244.3488,99.26,2020
2019-11-01,DE,244.2355,99.21,2020
2019-11-02,DE,244.6423,99.37,2020
2019-11-03,DE,245.0386,99.53,2020
2019-11-04,DE,245.199,99.6,2020
2019-11-05,DE,245.2039,99.57,2020
2019-11-06,DE,245.0366,99.5,2020
2019-11-07,DE,245.1788,99.56,2020
2019-11-08,DE,245.163,99.55,2020
2019-11-09,DE,245.2994,99.61,2020
2019-11-10,DE,245.3173,99.61,2020
2019-11-11,DE,245.12,99.54,2020
2019-11-12,DE,244.8846,99.45,2020
2019-11-13,DE,244.5609,99.32,2020
2019-11-14,DE,244.4126,99.26,2020
2019-11-15,DE,244.2968,99.21,2020
2019-11-16,DE,244.3513,99.23,2020
2019-11-17,DE,244.3898,99.25,2020
2019-11-18,DE,244.3111,99.21,2020
2019-11-19,DE,244.0713,99.11,2020
2019-11-20,DE,243.6056,98.92,2020
2019-11-21,DE,243.0327,98.69,2020
2019-11-22,DE,242.9248,98.64,2020
2019-11-23,DE,243.1171,98.72,2020
2019-11-24,DE,243.2678,98.78,2020
2019-11-25,DE,243.0809,98.71,2020
2019-11-26,DE,243.0128,98.68,2020
2019-11-27,DE,243.196,98.76,2020
2019-11-28,DE,243.3332,98.81,2020
2019-11-29,DE,243.3023,98.8,2020
2019-11-30,DE,243.0599,98.7,2020
2019-12-01,DE,242.7246,98.57,2020
2019-12-02,DE,242.411,98.45,2020
2019-12-03,DE,242.3233,98.41,2020
2019-12-04,DE,242.1379,98.33,2020
2019-12-05,DE,241.7366,98.17,2020
2019-12-06,DE,241.3164,98.0,2020
2019-12-07,DE,241.491,98.07,2020
2019-12-08,DE,241.8226,98.21,2020
2019-12-09,DE,241.6961,98.16,2020
2019-12-10,DE,241.2366,97.97,2020
2019-12-11,DE,240.7561,97.78,2020
2019-12-12,DE,240.382,97.62,2020
2019-12-13,DE,239.9903,97.47,2020
2019-12-14,DE,239.9768,97.46,2020
2019-12-15,DE,240.0841,97.5,2020
2019-12-16,DE,239.9197,97.44,2020
2019-12-17,DE,239.7874,97.38,2020
2019-12-18,DE,239.5643,97.29,2020
2019-12-19,DE,239.578,97.3,2020
2019-12-20,DE,239.575,97.29,2020
2019-12-21,DE,239.6902,97.34,2020
2019-12-22,DE,239.7854,97.38,2020
2019-12-23,DE,239.8204,97.39,2020
2019-12-24,DE,239.92,97.44,2020
2019-12-25,DE,240.0408,97.48,2020
2019-12-26,DE,240.1414,97.53,2020
2019-12-27,DE,240.0333,97.48,2020
2019-12-28,DE,239.8766,97.42,2020
2019-12-29,DE,239.6758,97.34,2020
2019-12-30,DE,239.3619,97.21,2020
2019-12-31,DE,239.1393,97.12,2020
2020-01-01,DE,238.5772,96.89,2020
2020-01-02,DE,237.6521,96.51,2020
2020-01-03,DE,237.0389,96.26,2020
2020-01-04,DE,236.6694,96.11,2020
2020-01-05,DE,236.2285,95.93,2020
2020-01-06,DE,235.4741,95.63,2020
2020-01-07,DE,234.547,95.26,2020
2020-01-08,DE,233.613,94.88,2020
2020-01-09,DE,233.1977,94.71,2020
2020-01-10,DE,232.8446,94.57,2020
2020-01-11,DE,232.35,94.36,2020
2020-01-12,DE,231.7417,94.12,2020
2020-01-13,DE,231.1563,93.87,2020
2020-01-14,DE,230.6958,93.68,2020
2020-01-15,DE,230.1788,93.47,2020
2020-01-16,DE,229.6203,93.25,2020
2020-01-17,DE,228.9508,92.97,2020
2020-01-18,DE,228.293,92.71,2020
2020-01-19,DE,227.3679,92.33,2020
2020-01-20,DE,225.7698,91.68,2020
2020-01-21,DE,224.0694,90.99,2020
2020-01-22,DE,222.4965,90.36,2020
2020-01-23,DE,220.7903,89.66,2020
2020-01-24,DE,219.0664,88.96,2020
2020-01-25,DE,217.8725,88.47,2020
2020-01-26,DE,216.9279,88.09,2020
2020-01-27,DE,215.9952,87.71,2020
2020-01-28,DE,214.6076,87.15,2020
2020-01-29,DE,213.3342,86.63,2020
2020-01-30,DE,212.1819,86.16,2020
2020-01-31,DE,211.8057,86.01,2020
2020-02-01,DE,211.7175,85.97,2020
2020-02-02,DE,211.5408,85.9,2020
2020-02-03,DE,210.7992,85.6,2020
2020-02-04,DE,209.8527,85.22,2020
2020-02-05,DE,208.6417,84.72,2020
2020-02-06,DE,206.7913,83.97,2020
2020-02-07,DE,205.6715,83.52,2020
2020-02-08,DE,204.7951,83.16,2020
2020-02-09,DE,204.4756,83.03,2020
2020-02-10,DE,203.9633,82.82,2020
2020-02-11,DE,203.1985,82.51,2020
2020-02-12,DE,202.2179,82.12,2020
2020-02-13,DE,201.2453,81.72,2020
2020-02-14,DE,200.6167,81.47,2020
2020-02-15,DE,200.4789,81.41,2020
2020-02-16,DE,200.5184,81.43,2020
2020-02-17,DE,200.0858,81.25,2020
2020-02-18,DE,199.4935,81.01,2020
2020-02-19,DE,198.9965,80.81,2020
2020-02-20,DE,198.4934,80.6,2020
2020-02-21,DE,198.0035,80.4,2020
2020-02-22,DE,197.8363,80.34,2020
2020-02-23,DE,197.7632,80.31,2020
2020-02-24,DE,197.1923,80.07,2020
2020-02-25,DE,196.7325,79.89,2020
2020-02-26,DE,195.6658,79.45,2020
2020-02-27,DE,194.1365,78.83,2020
2020-02-28,DE,192.759,78.27,2020
2020-02-29,DE,192.6341,78.22,2020
2020-03-01,DE,192.2332,78.06,2020
2020-03-02,DE,190.8378,77.49,2020
2020-03-03,DE,190.2003,77.23,2020
2020-03-04,DE,189.4315,76.92,2020
2020-03-05,DE,188.488,76.53,2020
2020-03-06,DE,187.9311,76.31,2020
2020-03-07,DE,187.504,76.13,2020
2020-03-08,DE,187.4054,76.09,2020
2020-03-09,DE,186.8253,75.86,2020
2020-03-10,DE,186.4657,75.72,2020
2020-03-11,DE,186.3412,75.67,2020
2020-03-12,DE,186.2665,75.64,2020
2020-03-13,DE,185.862,75.47,2020
2020-03-14,DE,185.3945,75.28,2020
2020-03-15,DE,185.2483,75.22,2020
2020-03-16,DE,184.9783,75.11,2020
2020-03-17,DE,184.7267,75.0,2020
2020-03-18,DE,184.5459,74.93,2020
2020-03-19,DE,184.1528,74.77,2020
2020-03-20,DE,183.775,74.62,2020
2020-03-21,DE,183.4059,74.47,2020
2020-03-22,DE,183.0205,74.31,2020
2020-03-23,DE,182.0449,73.91,2020
2020-03-24,DE,181.2627,73.6,2020
2020-03-25,DE,180.3813,73.24,2020
2020-03-26,DE,179.5734,72.91,2020
2020-03-27,DE,179.2141,72.76,2020
2020-03-28,DE,179.3248,72.81,2020
2020-03-29,DE,179.149,72.74,2020
2020-03-30,DE,178.213,72.36,2020
2020-03-31,DE,176.6463,71.81,2020
2020-04-01,DE,177.7448,72.74,2020
2020-04-02,DE,177.8367,72.58,2020
2020-04-03,DE,177.5664,72.47,2020
2020-04-04,DE,177.7261,72.54,2020
2020-04-05,DE,178.1253,72.7,2020
2020-04-06,DE,178.5194,72.87,2020
2020-04-07,DE,178.8995,73.02,2020
2020-04-08,DE,179.3196,73.19,2020
2020-04-09,DE,179.8418,73.41,2020
2020-04-10,DE,180.5315,73.69,2020
2020-04-11,DE,181.3327,74.02,2020
2020-04-12,DE,182.2879,74.41,2020
2020-04-13,DE,182.949,74.66,2020
2020-04-14,DE,182.9327,74.65,2020
2020-04-15,DE,183.0018,74.68,2020
2020-04-16,DE,183.3758,74.83,2020
2020-04-17,DE,183.795,75.0,2020
2020-04-18,DE,184.83,75.42,2020
2020-04-19,DE,185.8235,75.83,2020
2020-04-20,DE,186.41,76.05,2020
2020-04-21,DE,187.0727,76.33,2020
2020-04-22,DE,187.7335,76.59,2020
2020-04-23,DE,188.2,76.79,2020
2020-04-24,DE,188.8235,77.04,2020
2020-04-25,DE,189.5779,77.35,2020
2020-04-26,DE,190.2391,77.62,2020
2020-04-27,DE,190.5761,77.74,2020
2020-04-28,DE,190.9087,77.88,2020
2020-04-29,DE,191.4607,78.1,2020
2020-04-30,DE,192.1285,78.37,2020
2020-05-01,DE,192.9762,78.68,2020
2020-05-02,DE,193.7026,78.97,2020
2020-05-03,DE,194.3869,79.25,2020
2020-05-04,DE,194.8033,79.38,2020
2020-05-05,DE,195.0373,79.48,2020
2020-05-06,DE,195.2775,79.58,2020
2020-05-07,DE,195.7029,79.75,2020
2020-05-08,DE,196.6502,80.14,2020
2020-05-09,DE,197.8686,80.63,2020
2020-05-10,DE,199.1525,81.16,2020
2020-05-11,DE,199.7532,81.41,2020
2020-05-12,DE,199.415,81.27,2020
2020-05-13,DE,199.4691,81.29,2020
2020-05-14,DE,199.5693,81.33,2020
2020-05-15,DE,199.7969,81.43,2020
2020-05-16,DE,200.4316,81.68,2020
2020-05-17,DE,201.2845,82.03,2020
2020-05-18,DE,201.9395,82.27,2020
2020-05-19,DE,202.3422,82.43,2020
2020-05-20,DE,202.7922,82.62,2020
2020-05-21,DE,203.5575,82.93,2020
2020-05-22,DE,204.5552,83.34,2020
2020-05-23,DE,205.586,83.69,2020
2020-05-24,DE,206.2877,83.97,2020
2020-05-25,DE,206.8239,84.24,2020
2020-05-26,DE,207.1727,84.39,2020
2020-05-27,DE,207.1757,84.39,2020
2020-05-28,DE,207.0576,84.34,2020
2020-05-29,DE,207.1889,84.39,2020
2020-05-30,DE,207.796,84.64,2020
2020-05-31,DE,208.3705,84.87,2020
2020-06-01,DE,209.0089,85.14,2020
2020-06-02,DE,209.3502,85.28,2020
2020-06-03,DE,209.6774,85.41,2020
2020-06-04,DE,209.9765,85.53,2020
2020-06-05,DE,210.1377,85.6,2020
2020-06-06,DE,210.6457,85.8,2020
2020-06-07,DE,211.1173,86.0,2020
2020-06-08,DE,211.2798,85.78,2020
2020-06-09,DE,211.3843,85.83,2020
2020-06-10,DE,211.3779,85.82,2020
2020-06-11,DE,211.6815,85.95,2020
2020-06-12,DE,212.1289,86.13,2020
2020-06-13,DE,212.8218,86.41,2020
2020-06-14,DE,213.6257,86.74,2020
2020-06-15,DE,213.9783,86.91,2020
2020-06-16,DE,214.199,87.0,2020
2020-06-17,DE,214.3753,87.06,2020
2020-06-18,DE,214.5468,87.13,2020
2020-06-19,DE,214.7869,87.23,2020
2020-06-20,DE,215.3826,87.47,2020
2020-06-21,DE,216.0625,87.75,2020
2020-06-22,DE,216.3767,87.84,2020
2020-06-23,DE,216.628,87.94,2020
2020-06-24,DE,216.8008,88.01,2020
2020-06-25,DE,217.0206,88.1,2020
2020-06-26,DE,217.3138,88.22,2020
2020-06-27,DE,217.8479,88.44,2020
2020-06-28,DE,218.389,88.66,2020
2020-06-29,DE,218.6874,88.77,2020
2020-06-30,DE,219.0462,88.92,2020
2020-07-01,DE,219.2867,89.02,2020
2020-07-02,DE,219.3834,89.05,2020
2020-07-03,DE,220.0406,89.32,2020
2020-07-04,DE,220.8496,89.65,2020
2020-07-05,DE,221.6583,89.98,2020
2020-07-06,DE,221.7403,90.02,2020
2020-07-07,DE,221.659,89.99,2020
2020-07-08,DE,221.6061,89.97,2020
2020-07-09,DE,221.3962,89.88,2020
2020-07-10,DE,221.5309,89.94,2020
2020-07-11,DE,221.852,90.07,2020
2020-07-12,DE,222.3801,90.28,2020
2020-07-13,DE,222.6721,90.41,2020
2020-07-14,DE,222.3861,90.34,2020
2020-07-15,DE,222.0124,90.19,2020
2020-07-16,DE,221.6456,90.04,2020
2020-07-17,DE,221.3342,89.91,2020
2020-07-18,DE,221.1389,89.83,2020
2020-07-19,DE,220.9999,89.78,2020
2020-07-20,DE,220.6806,89.63,2020
2020-07-21,DE,220.1071,89.4,2020
2020-07-22,DE,219.6191,89.08,2020
2020-07-23,DE,219.1051,88.87,2020
2020-07-24,DE,218.6848,88.7,2020
2020-07-25,DE,218.3849,88.58,2020
2020-07-26,DE,218.899,88.79,2020
2020-07-27,DE,219.0875,88.85,2020
2020-07-28,DE,219.2556,88.92,2020
2020-07-29,DE,219.5094,89.02,2020
2020-07-30,DE,219.5412,89.04,2020
2020-07-31,DE,219.7246,89.11,2020
2020-08-01,DE,220.2552,89.33,2020
2020-08-02,DE,220.8036,89.55,2020
2020-08-03,DE,221.0716,89.67,2020
2020-08-04,DE,221.287,89.76,2020
2020-08-05,DE,221.6918,89.92,2020
2020-08-06,DE,221.9447,90.03,2020
2020-08-07,DE,222.3465,90.19,2020
2020-08-08,DE,222.9594,90.44,2020
2020-08-09,DE,223.5406,90.67,2020
2020-08-10,DE,223.9429,90.8,2020
2020-08-11,DE,224.1892,90.9,2020
2020-08-12,DE,224.4573,91.01,2020
2020-08-13,DE,224.8736,91.18,2020
2020-08-14,DE,225.2426,91.33,2020
2020-08-15,DE,225.7327,91.53,2020
2020-08-16,DE,226.2585,91.74,2020
2020-08-17,DE,226.6346,91.91,2020
2020-08-18,DE,226.9119,92.02,2020
2020-08-19,DE,227.1322,92.11,2020
2020-08-20,DE,227.4017,92.22,2020
2020-08-21,DE,227.8542,92.41,2020
2020-08-22,DE,228.5297,92.68,2020
2020-08-23,DE,229.0985,92.91,2020
2020-08-24,DE,229.2003,92.92,2020
2020-08-25,DE,229.4202,93.01,2020
2020-08-26,DE,229.7739,93.15,2020
2020-08-27,DE,229.9072,93.21,2020
2020-08-28,DE,230.0656,93.13,2020
2020-08-29,DE,230.1981,93.16,2020
2020-08-30,DE,230.3643,93.23,2020
2020-08-31,DE,230.3117,93.22,2020
2020-09-01,DE,230.3073,93.22,2020
2020-09-02,DE,230.4408,93.27,2020
2020-09-03,DE,230.6236,93.35,2020
2020-09-04,DE,230.8077,93.42,2020
2020-09-05,DE,231.2831,93.61,2020
2020-09-06,DE,231.6735,93.77,2020
2020-09-07,DE,231.8037,93.82,2020
2020-09-08,DE,231.9184,93.87,2020
2020-09-09,DE,232.1172,93.95,2020
2020-09-10,DE,232.1188,93.93,2020
2020-09-11,DE,232.2393,93.98,2020
2020-09-12,DE,232.6575,94.15,2020
2020-09-13,DE,233.1177,94.33,2020
2020-09-14,DE,233.2912,94.38,2020
2020-09-15,DE,233.4994,94.46,2020
2020-09-16,DE,233.5656,94.49,2020
2020-09-17,DE,233.7038,94.55,2020
2020-09-18,DE,233.9311,94.64,2020
2020-09-19,DE,234.3927,94.82,2020
2020-09-20,DE,234.7876,94.98,2020
2020-09-21,DE,234.8489,95.01,2020
2020-09-22,DE,234.964,95.06,2020
2020-09-23,DE,235.0063,95.08,2020
2020-09-24,DE,235.2622,95.18,2020
2020-09-25,DE,235.389,95.23,2020
2020-09-26,DE,235.292,95.19,2020
2020-09-27,DE,235.1739,95.14,2020
2020-09-28,DE,234.8227,94.98,2020
2020-09-29,DE,234.5444,94.87,2020
2020-09-30,DE,234.2003,94.73,2020
2020-10-01,DE,234.2188,94.72,2021
2020-10-02,DE,234.3563,94.77,2021
2020-10-03,DE,234.7733,94.94,2021
2020-10-04,DE,235.1436,95.09,2021
2020-10-05,DE,235.1253,95.09,2021
2020-10-06,DE,235.1392,95.08,2021
2020-10-07,DE,235.1893,95.1,2021
2020-10-08,DE,235.241,95.13,2021
2020-10-09,DE,235.2593,95.13,2021
2020-10-10,DE,235.4809,95.22,2021
2020-10-11,DE,235.6781,95.3,2021
2020-10-12,DE,235.5427,95.26,2021
2020-10-13,DE,235.3649,95.19,2021
2020-10-14,DE,235.201,95.12,2021
2020-10-15,DE,234.908,95.0,2021
2020-10-16,DE,234.6779,94.91,2021
2020-10-17,DE,234.4442,94.82,2021
2020-10-18,DE,234.394,94.8,2021
2020-10-19,DE,234.1409,94.72,2021
2020-10-20,DE,233.9318,94.64,2021
2020-10-21,DE,233.8686,94.61,2021
2020-10-22,DE,233.8803,94.62,2021
2020-10-23,DE,233.7815,94.58,2021
2020-10-24,DE,233.9692,94.66,2021
2020-10-25,DE,234.229,94.76,2021
2020-10-26,DE,233.9526,94.65,2021
2020-10-27,DE,233.3764,94.42,2021
2020-10-28,DE,233.0162,94.27,2021
2020-10-29,DE,232.75,94.16,2021
2020-10-30,DE,232.719,94.15,2021
2020-10-31,DE,233.0688,94.29,2021
2020-11-01,DE,233.4985,94.46,2021
2020-11-02,DE,233.9608,94.63,2021
2020-11-03,DE,234.0277,94.66,2021
2020-11-04,DE,233.5944,94.48,2021
2020-11-05,DE,233.0581,94.27,2021
2020-11-06,DE,232.7883,94.16,2021
2020-11-07,DE,232.7517,94.14,2021
2020-11-08,DE,232.7404,94.14,2021
2020-11-09,DE,232.492,94.04,2021
2020-11-10,DE,231.6056,93.68,2021
2020-11-11,DE,231.177,93.51,2021
2020-11-12,DE,230.9148,93.4,2021
2020-11-13,DE,230.66,93.3,2021
2020-11-14,DE,230.7617,93.34,2021
2020-11-15,DE,230.9456,93.41,2021
2020-11-16,DE,230.8335,93.37,2021
2020-11-17,DE,230.5819,93.27,2021
2020-11-18,DE,230.5165,93.24,2021
2020-11-19,DE,230.4248,93.2,2021
2020-11-20,DE,229.7259,92.92,2021
2020-11-21,DE,229.3925,92.79,2021
2020-11-22,DE,229.0529,92.65,2021
2020-11-23,DE,228.3899,92.38,2021
2020-11-24,DE,227.5437,92.04,2021
2020-11-25,DE,226.2254,91.51,2021
2020-11-26,DE,224.6665,90.88,2021
2020-11-27,DE,223.2109,90.29,2021
2020-11-28,DE,222.0519,89.82,2021
2020-11-29,DE,220.6306,89.24,2021
2020-11-30,DE,218.8359,88.52,2021
2020-12-01,DE,216.7973,87.69,2021
2020-12-02,DE,214.5661,86.79,2021
2020-12-03,DE,212.6524,86.02,2021
2020-12-04,DE,211.0779,85.38,2021
2020-12-05,DE,209.6816,84.81,2021
2020-12-06,DE,208.4835,84.33,2021
2020-12-07,DE,206.7163,83.61,2021
2020-12-08,DE,205.3118,83.05,2021
2020-12-09,DE,203.3221,82.24,2021
2020-12-10,DE,201.2355,81.4,2021
2020-12-11,DE,199.5062,80.7,2021
2020-12-12,DE,198.3852,80.24,2021
2020-12-13,DE,197.5102,79.89,2021
2020-12-14,DE,196.4135,79.45,2021
2020-12-15,DE,194.9683,79.23,2021
2020-12-16,DE,194.0348,78.85,2021
2020-12-17,DE,193.2377,78.53,2021
2020-12-18,DE,192.3888,78.18,2021
2020-12-19,DE,191.9178,77.99,2021
2020-12-20,DE,191.3584,77.76,2021
2020-12-21,DE,190.4157,77.38,2021
2020-12-22,DE,190.0139,77.22,2021
2020-12-23,DE,189.5659,77.03,2021
2020-12-24,DE,189.1294,76.86,2021
2020-12-25,DE,188.4902,76.6,2021
2020-12-26,DE,187.6848,76.27,2021
2020-12-27,DE,186.7922,75.91,2021
2020-12-28,DE,185.5187,75.39,2021
2020-12-29,DE,184.1528,74.83,2021
2020-12-30,DE,182.629,74.22,2021
2020-12-31,DE,181.3394,73.69,2021
2021-01-01,DE,180.1683,73.22,2021
2021-01-02,DE,178.8388,72.68,2021
2021-01-03,DE,177.3155,72.06,2021
2021-01-04,DE,175.0347,71.13,2021
2021-01-05,DE,172.4964,70.1,2021
2021-01-06,DE,170.0767,69.11,2021
2021-01-07,DE,167.1719,67.93,2021
2021-01-08,DE,164.2183,66.73,2021
2021-01-09,DE,161.5175,65.64,2021
2021-01-10,DE,158.9121,64.58,2021
2021-01-11,DE,155.9471,63.37,2021
2021-01-12,DE,152.972,62.16,2021
2021-01-13,DE,150.0356,60.97,2021
2021-01-14,DE,146.8749,59.69,2021
2021-01-15,DE,143.3663,58.26,2021
2021-01-16,DE,140.485,57.09,2021
2021-01-17,DE,137.9366,56.05,2021
2021-01-18,DE,135.0099,54.86,2021
2021-01-19,DE,132.6694,53.91,2021
2021-01-20,DE,130.9289,53.21,2021
2021-01-21,DE,129.7545,52.73,2021
2021-01-22,DE,128.1968,52.1,2021
2021-01-23,DE,126.5035,51.41,2021
2021-01-24,DE,124.8346,50.73,2021
2021-01-25,DE,122.1447,49.64,2021
2021-01-26,DE,119.6258,48.61,2021
2021-01-27,DE,117.212,47.65,2021
2021-01-28,DE,115.4692,46.94,2021
2021-01-29,DE,113.9925,46.34,2021
2021-01-30,DE,112.35,45.68,2021
2021-01-31,DE,110.39,44.88,2021
2021-02-01,DE,108.3682,44.06,2021
2021-02-02,DE,106.8611,43.44,2021
2021-02-03,DE,105.9959,43.09,2021
2021-02-04,DE,104.8438,42.62,2021
2021-02-05,DE,103.7598,42.18,2021
2021-02-06,DE,102.8083,41.8,2021
2021-02-07,DE,101.3705,41.21,2021
2021-02-08,DE,98.9178,40.22,2021
2021-02-09,DE,96.0047,39.03,2021
2021-02-10,DE,92.916,37.78,2021
2021-02-11,DE,90.2347,36.69,2021
2021-02-12,DE,87.4866,35.57,2021
2021-02-13,DE,85.1232,34.61,2021
2021-02-14,DE,83.0428,33.76,2021
2021-02-15,DE,80.6735,32.8,2021
2021-02-16,DE,79.6743,32.39,2021
2021-02-17,DE,79.1586,32.19,2021
2021-02-18,DE,78.6822,31.99,2021
2021-02-19,DE,78.2424,31.82,2021
2021-02-20,DE,78.0571,31.74,2021
2021-02-21,DE,77.9804,31.71,2021
2021-02-22,DE,77.4837,31.51,2021
2021-02-23,DE,77.2315,31.4,2021
2021-02-24,DE,77.2654,31.42,2021
2021-02-25,DE,77.107,31.35,2021
2021-02-26,DE,77.0284,31.32,2021
2021-02-27,DE,76.9089,31.27,2021
2021-02-28,DE,76.6115,31.15,2021
2021-03-01,DE,75.7013,30.78,2021
2021-03-02,DE,74.9833,30.49,2021
2021-03-03,DE,74.0999,30.13,2021
2021-03-04,DE,73.3705,29.83,2021
2021-03-05,DE,72.4158,29.45,2021
2021-03-06,DE,71.7018,29.16,2021
2021-03-07,DE,70.9923,28.87,2021
2021-03-08,DE,69.7962,28.38,2021
2021-03-09,DE,68.6059,27.9,2021
2021-03-10,DE,68.0109,27.65,2021
2021-03-11,DE,67.7062,27.53,2021
2021-03-12,DE,67.5633,27.47,2021
2021-03-13,DE,67.5051,27.45,2021
2021-03-14,DE,67.1862,27.32,2021
2021-03-15,DE,67.139,27.17,2021
2021-03-16,DE,66.6843,26.99,2021
2021-03-17,DE,66.0944,26.75,2021
2021-03-18,DE,65.2805,26.42,2021
2021-03-19,DE,64.7313,26.2,2021
2021-03-20,DE,64.374,26.05,2021
2021-03-21,DE,64.2203,25.99,2021
2021-03-22,DE,63.5315,25.71,2021
2021-03-23,DE,63.0416,25.52,2021
2021-03-24,DE,62.812,25.42,2021
2021-03-25,DE,62.7396,25.39,2021
2021-03-26,DE,63.061,25.52,2021
2021-03-27,DE,63.4517,25.68,2021
2021-03-28,DE,63.8382,25.84,2021
2021-03-29,DE,63.4127,25.67,2021
2021-03-30,DE,64.6041,26.15,2021
2021-03-31,DE,66.0516,26.15,2021
2021-04-01,DE,66.6998,26.91,2021
2021-04-02,DE,67.0257,27.04,2021
2021-04-03,DE,67.6161,27.28,2021
2021-04-04,DE,68.1464,27.49,2021
2021-04-05,DE,68.2055,27.52,2021
2021-04-06,DE,67.508,27.24,2021
2021-04-07,DE,66.7005,26.91,2021
2021-04-08,DE,65.7864,26.54,2021
2021-04-09,DE,65.3657,26.37,2021
2021-04-10,DE,65.2928,26.34,2021
2021-04-11,DE,65.3299,26.36,2021
2021-04-12,DE,64.2647,25.93,2021
2021-04-13,DE,62.9448,25.4,2021
2021-04-14,DE,61.7309,24.91,2021
2021-04-15,DE,60.8232,24.54,2021
2021-04-16,DE,60.4655,24.4,2021
2021-04-17,DE,60.3885,24.36,2021
2021-04-18,DE,60.4115,24.37,2021
2021-04-19,DE,60.2685,24.32,2021
2021-04-20,DE,60.3677,24.36,2021
2021-04-21,DE,60.6147,24.46,2021
2021-04-22,DE,60.6753,24.48,2021
2021-04-23,DE,60.7791,24.52,2021
2021-04-24,DE,61.2401,24.71,2021
2021-04-25,DE,61.7732,24.92,2021
2021-04-26,DE,62.1477,25.07,2021
2021-04-27,DE,62.6464,25.28,2021
2021-04-28,DE,62.9885,25.41,2021
2021-04-29,DE,63.0536,25.44,2021
2021-04-30,DE,62.8497,25.36,2021
2021-05-01,DE,63.0042,25.42,2021
2021-05-02,DE,63.0765,25.45,2021
2021-05-03,DE,62.7757,25.33,2021
2021-05-04,DE,62.8442,25.36,2021
2021-05-05,DE,62.4197,25.18,2021
2021-05-06,DE,61.7552,24.92,2021
2021-05-07,DE,61.3797,24.76,2021
2021-05-08,DE,61.7573,24.92,2021
2021-05-09,DE,62.8377,25.35,2021
2021-05-10,DE,63.9243,25.79,2021
2021-05-11,DE,64.6597,26.09,2021
2021-05-12,DE,65.2805,26.34,2021
2021-05-13,DE,65.9642,26.55,2021
2021-05-14,DE,66.4938,26.83,2021
2021-05-15,DE,67.1436,27.09,2021
2021-05-16,DE,67.8053,27.36,2021
2021-05-17,DE,68.1071,27.48,2021
2021-05-18,DE,68.2954,27.55,2021
2021-05-19,DE,68.5249,27.65,2021
2021-05-20,DE,69.194,27.92,2021
2021-05-21,DE,70.0901,28.28,2021
2021-05-22,DE,70.8114,28.57,2021
2021-05-23,DE,71.5806,28.88,2021
2021-05-24,DE,72.2941,29.17,2021
2021-05-25,DE,72.5266,29.26,2021
2021-05-26,DE,72.8022,29.37,2021
2021-05-27,DE,72.8497,29.39,2021
2021-05-28,DE,73.1947,29.53,2021
2021-05-29,DE,74.0894,29.89,2021
2021-05-30,DE,75.1584,30.32,2021
2021-05-31,DE,76.0577,30.69,2021
2021-06-01,DE,77.2122,31.12,2021
2021-06-02,DE,78.5532,31.66,2021
2021-06-03,DE,79.7803,32.15,2021
2021-06-04,DE,80.9037,32.61,2021
2021-06-05,DE,82.2664,33.16,2021
2021-06-06,DE,83.5787,33.69,2021
2021-06-07,DE,84.3984,34.02,2021
2021-06-08,DE,85.1068,34.3,2021
2021-06-09,DE,85.4822,34.45,2021
2021-06-10,DE,86.1029,34.7,2021
2021-06-11,DE,86.7836,34.98,2021
2021-06-12,DE,87.831,35.4,2021
2021-06-13,DE,88.9154,35.84,2021
2021-06-14,DE,89.7739,36.18,2021
2021-06-15,DE,90.2998,36.39,2021
2021-06-16,DE,90.89,36.63,2021
2021-06-17,DE,91.7055,36.96,2021
2021-06-18,DE,92.6461,37.34,2021
2021-06-19,DE,93.8625,37.83,2021
2021-06-20,DE,94.9719,38.28,2021
2021-06-21,DE,95.956,38.67,2021
2021-06-22,DE,96.3842,38.85,2021
2021-06-23,DE,96.9064,39.06,2021
2021-06-24,DE,97.4246,39.27,2021
2021-06-25,DE,98.0874,39.53,2021
2021-06-26,DE,99.0444,39.92,2021
2021-06-27,DE,100.1387,40.36,2021
2021-06-28,DE,100.8962,40.67,2021
2021-06-29,DE,101.6962,40.99,2021
2021-06-30,DE,102.3874,41.27,2021
2021-07-01,DE,103.3061,41.61,2021
2021-07-02,DE,103.9106,41.86,2021
2021-07-03,DE,105.1266,42.35,2021
2021-07-04,DE,106.2599,42.8,2021
2021-07-05,DE,107.2427,43.2,2021
2021-07-06,DE,107.8534,43.45,2021
2021-07-07,DE,108.2742,43.61,2021
2021-07-08,DE,108.6242,43.76,2021
2021-07-09,DE,109.3408,44.04,2021
2021-07-10,DE,110.3689,44.46,2021
2021-07-11,DE,111.3962,44.87,2021
2021-07-12,DE,112.0982,45.16,2021
2021-07-13,DE,112.2149,45.2,2021
2021-07-14,DE,112.2427,45.21,2021
2021-07-15,DE,112.2536,45.4,2021
2021-07-16,DE,112.8431,45.64,2021
2021-07-17,DE,113.4069,45.86,2021
2021-07-18,DE,113.9435,46.08,2021
2021-07-19,DE,114.3083,46.23,2021
2021-07-20,DE,114.5965,46.34,2021
2021-07-21,DE,114.7061,46.39,2021
2021-07-22,DE,114.7363,46.4,2021
2021-07-23,DE,115.6073,46.75,2021
2021-07-24,DE,116.7935,47.23,2021
2021-07-25,DE,117.7599,47.62,2021
2021-07-26,DE,118.5817,47.95,2021
2021-07-27,DE,119.5183,48.33,2021
2021-07-28,DE,120.4943,48.73,2021
2021-07-29,DE,121.421,49.1,2021
2021-07-30,DE,122.254,49.43,2021
2021-07-31,DE,123.1294,49.79,2021
2021-08-01,DE,124.1131,50.18,2021
2021-08-02,DE,124.9989,50.54,2021
2021-08-03,DE,125.6309,50.8,2021
2021-08-04,DE,126.3928,51.1,2021
2021-08-05,DE,127.0903,51.39,2021
2021-08-06,DE,128.2387,51.85,2021
2021-08-07,DE,129.1355,52.21,2021
2021-08-08,DE,129.9988,52.56,2021
2021-08-09,DE,130.6177,52.82,2021
2021-08-10,DE,131.2485,53.07,2021
2021-08-11,DE,131.8086,53.3,2021
2021-08-12,DE,132.2706,53.48,2021
2021-08-13,DE,132.9729,53.77,2021
2021-08-14,DE,133.9089,54.15,2021
2021-08-15,DE,134.7711,54.49,2021
2021-08-16,DE,135.4879,54.79,2021
2021-08-17,DE,135.8979,54.95,2021
2021-08-18,DE,136.3983,55.15,2021
2021-08-19,DE,136.8998,55.36,2021
2021-08-20,DE,137.6249,55.65,2021
2021-08-21,DE,138.5134,56.01,2021
2021-08-22,DE,139.4291,56.38,2021
2021-08-23,DE,140.3874,56.76,2021
2021-08-24,DE,141.3371,57.15,2021
2021-08-25,DE,142.1785,57.49,2021
2021-08-26,DE,143.0925,57.86,2021
2021-08-27,DE,144.0851,58.26,2021
2021-08-28,DE,145.1242,58.68,2021
2021-08-29,DE,146.1388,59.09,2021
2021-08-30,DE,147.0509,59.46,2021
2021-08-31,DE,147.6275,59.69,2021
2021-09-01,DE,148.3165,59.9,2021
2021-09-02,DE,148.8083,60.1,2021
2021-09-03,DE,149.3901,60.33,2021
2021-09-04,DE,150.2073,60.66,2021
2021-09-05,DE,151.0545,61.0,2021
2021-09-06,DE,151.6169,61.24,2021
2021-09-07,DE,152.0939,61.43,2021
2021-09-08,DE,152.8415,61.73,2021
2021-09-09,DE,153.6401,62.05,2021
2021-09-10,DE,154.3346,62.33,2021
2021-09-11,DE,155.2103,62.69,2021
2021-09-12,DE,156.1378,63.06,2021
2021-09-13,DE,156.7205,63.3,2021
2021-09-14,DE,157.1805,63.48,2021
2021-09-15,DE,157.5257,63.62,2021
2021-09-16,DE,157.8575,63.76,2021
2021-09-17,DE,158.2991,63.94,2021
2021-09-18,DE,159.0743,64.25,2021
2021-09-19,DE,159.8474,64.56,2021
2021-09-20,DE,160.1637,64.69,2021
2021-09-21,DE,160.5751,64.86,2021
2021-09-22,DE,160.8813,64.98,2021
2021-09-23,DE,161.7167,65.25,2021
2021-09-24,DE,162.5391,65.58,2021
2021-09-25,DE,163.9019,66.13,2021
2021-09-26,DE,165.3915,66.74,2021
2021-09-27,DE,166.5296,67.17,2021
2021-09-28,DE,167.5232,67.48,2021
2021-09-29,DE,168.4872,67.87,2021
2021-09-30,DE,169.6129,68.06,2021
2021-10-01,DE,170.439,68.4,2022
2021-10-02,DE,171.5661,68.85,2022
2021-10-03,DE,173.0712,69.46,2022
2021-10-04,DE,173.8907,69.78,2022
2021-10-05,DE,175.1537,70.29,2022
2021-10-06,DE,175.6877,70.5,2022
2021-10-07,DE,175.612,70.47,2022
2021-10-08,DE,176.1077,70.67,2022
2021-10-09,DE,177.0311,71.04,2022
2021-10-10,DE,177.5947,71.27,2022
2021-10-11,DE,177.5226,71.24,2022
2021-10-12,DE,178.1653,71.5,2022
2021-10-13,DE,177.8347,71.36,2022
2021-10-14,DE,178.0728,71.46,2022
2021-10-15,DE,178.353,71.57,2022
2021-10-16,DE,178.6552,71.69,2022
2021-10-17,DE,178.9853,71.83,2022
2021-10-18,DE,179.1687,71.9,2022
2021-10-19,DE,179.4747,72.02,2022
2021-10-20,DE,180.0994,72.27,2022
2021-10-21,DE,179.9444,72.21,2022
2021-10-22,DE,179.9403,72.21,2022
2021-10-23,DE,179.8493,72.17,2022
2021-10-24,DE,179.8416,72.17,2022
2021-10-25,DE,179.4466,72.01,2022
2021-10-26,DE,179.3939,71.99,2022
2021-10-27,DE,180.2761,72.34,2022
2021-10-28,DE,180.318,72.36,2022
2021-10-29,DE,180.3375,72.36,2022
2021-10-30,DE,180.6906,72.51,2022
2021-10-31,DE,180.9105,72.59,2022
2021-11-01,DE,181.2387,72.73,2022
2021-11-02,DE,180.6502,72.49,2022
2021-11-03,DE,179.7879,72.14,2022
2021-11-04,DE,179.1349,71.88,2022
2021-11-05,DE,178.6215,71.67,2022
2021-11-06,DE,178.7729,71.74,2022
2021-11-07,DE,178.932,71.8,2022
2021-11-08,DE,178.1888,71.51,2022
2021-11-09,DE,177.6696,71.3,2022
2021-11-10,DE,177.0766,71.06,2022
2021-11-11,DE,176.3105,70.75,2022
2021-11-12,DE,175.3961,70.39,2022
2021-11-13,DE,175.4286,70.4,2022
2021-11-14,DE,175.638,70.48,2022
2021-11-15,DE,175.1361,70.28,2022
2021-11-16,DE,174.3464,69.96,2022
2021-11-17,DE,173.9991,69.82,2022
2021-11-18,DE,173.8592,69.77,2022
2021-11-19,DE,174.1858,69.9,2022
2021-11-20,DE,174.4739,70.01,2022
2021-11-21,DE,174.5815,70.06,2022
2021-11-22,DE,173.7936,69.74,2022
2021-11-23,DE,172.4518,69.2,2022
2021-11-24,DE,170.9824,68.61,2022
2021-11-25,DE,169.4907,68.01,2022
2021-11-26,DE,168.0999,67.45,2022
2021-11-27,DE,166.9747,67.0,2022
2021-11-28,DE,165.8341,66.54,2022
2021-11-29,DE,164.0487,65.83,2022
2021-11-30,DE,162.5705,65.24,2022
2021-12-01,DE,161.6042,64.85,2022
2021-12-02,DE,160.1345,64.26,2022
2021-12-03,DE,158.6762,63.67,2022
2021-12-04,DE,157.7408,63.3,2022
2021-12-05,DE,156.8368,62.94,2022
2021-12-06,DE,155.1616,62.27,2022
2021-12-07,DE,153.6577,61.66,2022
2021-12-08,DE,152.1711,61.06,2022
2021-12-09,DE,150.4231,60.36,2022
2021-12-10,DE,148.9385,59.77,2022
2021-12-11,DE,148.0506,59.41,2022
2021-12-12,DE,147.5912,59.23,2022
2021-12-13,DE,146.6955,58.87,2022
2021-12-14,DE,145.7307,58.48,2022
2021-12-15,DE,144.9352,58.16,2022
2021-12-16,DE,144.2456,57.88,2022
2021-12-17,DE,143.2904,57.5,2022
2021-12-18,DE,142.737,57.28,2022
2021-12-19,DE,142.1591,57.05,2022
2021-12-20,DE,140.3927,56.34,2022
2021-12-21,DE,138.0526,55.4,2022
2021-12-22,DE,135.8248,54.5,2022
2021-12-23,DE,134.3072,53.9,2022
2021-12-24,DE,133.5835,53.61,2022
2021-12-25,DE,133.1688,53.44,2022
2021-12-26,DE,132.6065,53.21,2022
2021-12-27,DE,132.282,53.08,2022
2021-12-28,DE,132.0676,53.0,2022
2021-12-29,DE,132.4561,53.15,2022
2021-12-30,DE,132.9517,53.35,2022
2021-12-31,DE,133.9981,53.77,2022
2022-01-01,DE,135.0393,54.18,2022
2022-01-02,DE,135.74,54.47,2022
2022-01-03,DE,135.9501,54.55,2022
2022-01-04,DE,135.6439,54.42,2022
2022-01-05,DE,134.3962,53.92,2022
2022-01-06,DE,133.013,53.37,2022
2022-01-07,DE,131.5951,52.8,2022
2022-01-08,DE,130.5812,52.39,2022
2022-01-09,DE,129.5809,51.99,2022
2022-01-10,DE,127.2707,51.04,2022
2022-01-11,DE,124.7762,50.03,2022
2022-01-12,DE,122.4049,49.07,2022
2022-01-13,DE,120.2449,48.21,2022
2022-01-14,DE,118.0908,47.35,2022
2022-01-15,DE,116.6933,46.78,2022
2022-01-16,DE,115.6657,46.37,2022
2022-01-17,DE,114.019,45.73,2022
2022-01-18,DE,111.9327,44.89,2022
2022-01-19,DE,110.2151,44.21,2022
2022-01-20,DE,108.242,43.41,2022
2022-01-21,DE,105.9773,42.51,2022
2022-01-22,DE,104.4464,41.89,2022
2022-01-23,DE,103.0538,41.33,2022
2022-01-24,DE,100.761,40.42,2022
2022-01-25,DE,98.369,39.46,2022
2022-01-26,DE,96.289,38.62,2022
2022-01-27,DE,94.7854,38.02,2022
2022-01-28,DE,93.0908,37.34,2022
2022-01-29,DE,92.4956,37.1,2022
2022-01-30,DE,91.8712,36.85,2022
2022-01-31,DE,90.4295,36.27,2022
2022-02-01,DE,89.4666,35.89,2022
2022-02-02,DE,88.4446,35.48,2022
2022-02-03,DE,87.698,35.18,2022
2022-02-04,DE,87.1455,34.96,2022
2022-02-05,DE,86.8718,34.85,2022
2022-02-06,DE,86.6036,34.74,2022
2022-02-07,DE,85.6501,34.36,2022
2022-02-08,DE,84.9808,34.09,2022
2022-02-09,DE,84.4088,33.86,2022
2022-02-10,DE,83.2759,33.4,2022
2022-02-11,DE,82.1784,32.96,2022
2022-02-12,DE,81.4088,32.66,2022
2022-02-13,DE,81.0026,32.49,2022
2022-02-14,DE,80.4396,32.27,2022
2022-02-15,DE,79.7591,31.99,2022
2022-02-16,DE,79.1058,31.73,2022
2022-02-17,DE,78.6081,31.53,2022
2022-02-18,DE,78.0532,31.31,2022
2022-02-19,DE,77.4313,31.06,2022
2022-02-20,DE,77.0602,30.91,2022
2022-02-21,DE,76.225,30.58,2022
2022-02-22,DE,75.2673,30.19,2022
2022-02-23,DE,74.5762,29.92,2022
2022-02-24,DE,74.2126,29.77,2022
2022-02-25,DE,73.3547,29.43,2022
2022-02-26,DE,72.7341,29.18,2022
2022-02-27,DE,72.2538,28.98,2022
2022-02-28,DE,71.1292,28.53,2022
2022-03-01,DE,69.5571,27.9,2022
2022-03-02,DE,68.241,27.37,2022
2022-03-03,DE,67.118,26.92,2022
2022-03-04,DE,66.0369,26.49,2022
2022-03-05,DE,65.3604,26.22,2022
2022-03-06,DE,64.6661,25.94,2022
2022-03-07,DE,63.2014,25.35,2022
2022-03-08,DE,61.9827,24.86,2022
2022-03-09,DE,61.1885,24.55,2022
2022-03-10,DE,61.4645,24.66,2022
2022-03-11,DE,61.3973,24.63,2022
2022-03-12,DE,61.6831,24.74,2022
2022-03-13,DE,62.1273,24.92,2022
2022-03-14,DE,61.9273,24.84,2022
2022-03-15,DE,61.585,24.7,2022
2022-03-16,DE,61.4519,24.65,2022
2022-03-17,DE,61.2035,24.55,2022
2022-03-18,DE,60.978,24.46,2022
2022-03-19,DE,61.5358,24.68,2022
2022-03-20,DE,61.9608,24.86,2022
2022-03-21,DE,61.8308,24.8,2022
2022-03-22,DE,61.998,24.87,2022
2022-03-23,DE,62.3111,25.0,2022
2022-03-24,DE,63.269,25.38,2022
2022-03-25,DE,63.6678,25.54,2022
2022-03-26,DE,64.7241,25.96,2022
2022-03-27,DE,65.6294,26.33,2022
2022-03-28,DE,66.1691,26.54,2022
2022-03-29,DE,66.7109,26.76,2022
2022-03-30,DE,66.9996,26.88,2022
2022-03-31,DE,66.4242,26.64,2022
2022-04-01,DE,66.5326,26.93,2022
2022-04-02,DE,66.5353,26.97,2022
2022-04-03,DE,66.4928,26.96,2022
2022-04-04,DE,66.3489,26.9,2022
2022-04-05,DE,66.2546,26.86,2022
2022-04-06,DE,67.0083,27.16,2022
2022-04-07,DE,67.7771,27.48,2022
2022-04-08,DE,68.4353,27.86,2022
2022-04-09,DE,69.1671,28.16,2022
2022-04-10,DE,69.9624,28.48,2022
2022-04-11,DE,70.4176,28.67,2022
2022-04-12,DE,71.1686,28.97,2022
2022-04-13,DE,72.0739,29.34,2022
2022-04-14,DE,73.1114,29.76,2022
2022-04-15,DE,74.0646,30.15,2022
2022-04-16,DE,75.2307,30.63,2022
2022-04-17,DE,76.4412,31.12,2022
2022-04-18,DE,77.4958,31.55,2022
2022-04-19,DE,78.4548,31.94,2022
2022-04-20,DE,78.9982,32.16,2022
2022-04-21,DE,79.6704,32.43,2022
2022-04-22,DE,80.4962,32.77,2022
2022-04-23,DE,81.6494,33.24,2022
2022-04-24,DE,82.821,33.72,2022
2022-04-25,DE,83.2049,33.87,2022
2022-04-26,DE,83.4879,33.99,2022
2022-04-27,DE,83.726,34.08,2022
2022-04-28,DE,84.4765,34.39,2022
2022-04-29,DE,85.1453,34.66,2022
2022-04-30,DE,85.9281,35.19,2022
2022-05-01,DE,87.4313,35.81,2022
2022-05-02,DE,88.3804,36.19,2022
2022-05-03,DE,89.3166,36.58,2022
2022-05-04,DE,90.4132,37.02,2022
2022-05-05,DE,91.504,37.47,2022
2022-05-06,DE,92.28,37.79,2022
2022-05-07,DE,93.5464,38.31,2022
2022-05-08,DE,94.7483,38.8,2022
2022-05-09,DE,95.609,39.15,2022
2022-05-10,DE,96.22,39.4,2022
2022-05-11,DE,97.0848,39.76,2022
2022-05-12,DE,97.6211,39.98,2022
2022-05-13,DE,98.7852,40.64,2022
2022-05-14,DE,100.2794,41.25,2022
2022-05-15,DE,101.8886,41.91,2022
2022-05-16,DE,102.9852,42.36,2022
2022-05-17,DE,104.0346,42.79,2022
2022-05-18,DE,105.1661,43.26,2022
2022-05-19,DE,106.1964,43.69,2022
2022-05-20,DE,107.2315,44.11,2022
2022-05-21,DE,109.0497,44.86,2022
2022-05-22,DE,110.698,45.54,2022
2022-05-23,DE,112.0657,46.1,2022
2022-05-24,DE,113.0288,46.49,2022
2022-05-25,DE,114.16,46.96,2022
2022-05-26,DE,115.3627,47.45,2022
2022-05-27,DE,116.7153,48.01,2022
2022-05-28,DE,117.901,48.5,2022
2022-05-29,DE,119.0419,48.97,2022
2022-05-30,DE,119.5547,49.17,2022
2022-05-31,DE,119.9754,49.35,2022
2022-06-01,DE,120.8351,49.7,2022
2022-06-02,DE,121.8835,50.13,2022
2022-06-03,DE,123.1733,50.66,2022
2022-06-04,DE,124.8599,51.36,2022
2022-06-05,DE,126.5183,52.04,2022
2022-06-06,DE,128.1611,52.71,2022
2022-06-07,DE,129.2283,53.15,2022
2022-06-08,DE,129.8595,53.41,2022
2022-06-09,DE,130.4405,53.65,2022
2022-06-10,DE,131.3695,54.03,2022
2022-06-11,DE,132.9774,54.69,2022
2022-06-12,DE,134.6469,55.38,2022
2022-06-13,DE,135.4628,55.71,2022
2022-06-14,DE,136.4037,56.1,2022
2022-06-15,DE,137.241,56.44,2022
2022-06-16,DE,138.1849,56.83,2022
2022-06-17,DE,139.1905,57.16,2022
2022-06-18,DE,140.5033,57.7,2022
2022-06-19,DE,141.7791,58.23,2022
2022-06-20,DE,142.5711,58.56,2022
2022-06-21,DE,143.3437,58.88,2022
2022-06-22,DE,143.988,59.17,2022
2022-06-23,DE,144.7443,59.48,2022
2022-06-24,DE,145.3877,59.74,2022
2022-06-25,DE,146.3153,60.12,2022
2022-06-26,DE,147.1295,60.46,2022
2022-06-27,DE,147.6182,60.66,2022
2022-06-28,DE,148.0246,60.83,2022
2022-06-29,DE,148.3596,60.97,2022
2022-06-30,DE,148.8111,61.16,2022
2022-07-01,DE,149.5624,61.42,2022
2022-07-02,DE,150.487,61.8,2022
2022-07-03,DE,151.4968,62.21,2022
2022-07-04,DE,152.2711,62.52,2022
2022-07-05,DE,153.0061,62.82,2022
2022-07-06,DE,153.6503,63.09,2022
2022-07-07,DE,154.2703,63.34,2022
2022-07-08,DE,154.8952,63.6,2022
2022-07-09,DE,155.9081,64.02,2022
2022-07-10,DE,157.0016,64.46,2022
2022-07-11,DE,157.2084,64.55,2022
2022-07-12,DE,157.063,64.49,2022
2022-07-13,DE,157.0818,64.49,2022
2022-07-14,DE,157.2631,64.54,2022
2022-07-15,DE,157.3704,64.58,2022
2022-07-16,DE,157.8427,64.78,2022
2022-07-17,DE,158.449,65.03,2022
2022-07-18,DE,158.4361,65.02,2022
2022-07-19,DE,158.5677,65.07,2022
2022-07-20,DE,158.8623,65.2,2022
2022-07-21,DE,159.0731,65.28,2022
2022-07-22,DE,159.5808,65.49,2022
2022-07-23,DE,160.4924,65.86,2022
2022-07-24,DE,161.6264,66.33,2022
2022-07-25,DE,162.6168,66.73,2022
2022-07-26,DE,163.5893,67.13,2022
2022-07-27,DE,164.3193,67.43,2022
2022-07-28,DE,165.1445,67.77,2022
2022-07-29,DE,165.9531,68.1,2022
2022-07-30,DE,166.9994,68.53,2022
2022-07-31,DE,168.2027,69.02,2022
2022-08-01,DE,169.153,69.42,2022
2022-08-02,DE,170.3644,69.91,2022
2022-08-03,DE,171.5055,70.38,2022
2022-08-04,DE,172.5281,70.83,2022
2022-08-05,DE,173.7554,71.33,2022
2022-08-06,DE,175.3546,71.99,2022
2022-08-07,DE,176.9472,72.64,2022
2022-08-08,DE,178.2591,73.18,2022
2022-08-09,DE,179.6708,73.76,2022
2022-08-10,DE,181.193,74.39,2022
2022-08-11,DE,182.5045,74.93,2022
2022-08-12,DE,183.8896,75.43,2022
2022-08-13,DE,185.5633,76.11,2022
2022-08-14,DE,187.2277,76.8,2022
2022-08-15,DE,188.6643,77.31,2022
2022-08-16,DE,189.8245,77.78,2022
2022-08-17,DE,190.8131,78.19,2022
2022-08-18,DE,191.9972,78.45,2022
2022-08-19,DE,193.1181,78.91,2022
2022-08-20,DE,194.6458,79.53,2022
2022-08-21,DE,196.1198,80.13,2022
2022-08-22,DE,197.3751,80.65,2022
2022-08-23,DE,198.4628,81.07,2022
2022-08-24,DE,199.4655,81.28,2022
2022-08-25,DE,200.69,81.78,2022
2022-08-26,DE,201.7372,82.21,2022
2022-08-27,DE,203.0734,82.75,2022
2022-08-28,DE,204.3458,83.27,2022
2022-08-29,DE,205.3014,83.67,2022
2022-08-30,DE,206.198,84.04,2022
2022-08-31,DE,206.7632,84.27,2022
2022-09-01,DE,207.5135,84.54,2022
2022-09-02,DE,208.7187,85.03,2022
2022-09-03,DE,210.0365,85.57,2022
2022-09-04,DE,211.3824,86.11,2022
2022-09-05,DE,212.3688,86.51,2022
2022-09-06,DE,213.2099,86.86,2022
2022-09-07,DE,213.4725,86.96,2022
2022-09-08,DE,214.1617,87.24,2022
2022-09-09,DE,214.968,87.57,2022
2022-09-10,DE,215.9161,87.96,2022
2022-09-11,DE,216.8346,88.33,2022
2022-09-12,DE,217.2327,88.5,2022
2022-09-13,DE,217.6308,88.73,2022
2022-09-14,DE,217.9985,88.88,2022
2022-09-15,DE,218.5197,89.09,2022
2022-09-16,DE,219.264,89.4,2022
2022-09-17,DE,220.1675,89.76,2022
2022-09-18,DE,220.9553,90.09,2022
2022-09-19,DE,221.5249,90.32,2022
2022-09-20,DE,221.8195,90.44,2022
2022-09-21,DE,222.1263,90.56,2022
2022-09-22,DE,222.4861,90.67,2022
2022-09-23,DE,222.8436,90.81,2022
2022-09-24,DE,223.4604,91.06,2022
2022-09-25,DE,224.1891,91.36,2022
2022-09-26,DE,224.4621,91.47,2022
2022-09-27,DE,224.6412,91.54,2022
2022-09-28,DE,224.7756,91.32,2022
2022-09-29,DE,224.9656,91.4,2022
2022-09-30,DE,225.2683,91.52,2022
2022-10-01,DE,226.0237,91.83,2023
2022-10-02,DE,226.9994,92.22,2023
2022-10-03,DE,227.9614,92.61,2023
2022-10-04,DE,228.4958,92.83,2023
2022-10-05,DE,229.1729,93.11,2023
2022-10-06,DE,229.8419,93.38,2023
2022-10-07,DE,230.5889,93.68,2023
2022-10-08,DE,231.6548,94.11,2023
2022-10-09,DE,232.5405,94.47,2023
2022-10-10,DE,233.1178,94.71,2023
2022-10-11,DE,233.512,94.87,2023
2022-10-12,DE,233.9178,95.03,2023
2022-10-13,DE,234.2228,95.12,2023
2022-10-14,DE,234.7064,95.31,2023
2022-10-15,DE,235.5644,95.66,2023
2022-10-16,DE,236.5504,96.06,2023
2022-10-17,DE,237.1716,96.31,2023
2022-10-18,DE,237.6688,96.52,2023
2022-10-19,DE,237.8189,96.55,2023
2022-10-20,DE,237.9935,96.79,2023
2022-10-21,DE,238.1863,96.86,2023
2022-10-22,DE,239.0268,97.21,2023
2022-10-23,DE,239.8894,97.56,2023
2022-10-24,DE,240.3763,97.75,2023
2022-10-25,DE,240.474,97.79,2023
2022-10-26,DE,240.6348,97.85,2023
2022-10-27,DE,240.982,97.99,2023
2022-10-28,DE,241.5334,98.21,2023
2022-10-29,DE,242.3701,98.55,2023
2022-10-30,DE,243.077,98.84,2023
2022-10-31,DE,243.3064,98.93,2023
2022-11-01,DE,243.9925,99.21,2023
2022-11-02,DE,244.2506,99.32,2023
2022-11-03,DE,244.1659,99.29,2023
2022-11-04,DE,244.1537,99.28,2023
2022-11-05,DE,244.4815,99.4,2023
2022-11-06,DE,244.8666,99.56,2023
2022-11-07,DE,244.894,99.57,2023
2022-11-08,DE,245.0023,99.58,2023
2022-11-09,DE,245.1347,99.64,2023
2022-11-10,DE,245.3956,99.74,2023
2022-11-11,DE,245.4612,99.77,2023
2022-11-12,DE,245.8462,99.9,2023
2022-11-13,DE,246.1767,100.04,2023
2022-11-14,DE,246.0047,99.97,2023
2022-11-15,DE,245.9879,99.96,2023
2022-11-16,DE,246.0869,100.0,2023
2022-11-17,DE,246.1018,99.92,2023
2022-11-18,DE,245.8528,99.81,2023
2022-11-19,DE,245.5575,99.69,2023
2022-11-20,DE,245.25,99.56,2023
2022-11-21,DE,244.814,99.38,2023
2022-11-22,DE,244.5175,99.26,2023
2022-11-23,DE,244.1421,98.95,2023
2022-11-24,DE,243.8681,98.8,2023
2022-11-25,DE,243.7223,98.74,2023
2022-11-26,DE,243.9305,98.83,2023
2022-11-27,DE,244.0585,98.88,2023
2022-11-28,DE,243.3509,98.59,2023
2022-11-29,DE,242.4652,98.24,2023
2022-11-30,DE,241.873,98.0,2023
2022-12-01,DE,240.9422,97.62,2023
2022-12-02,DE,239.8284,97.17,2023
2022-12-03,DE,239.3261,96.96,2023
2022-12-04,DE,238.8032,96.75,2023
2022-12-05,DE,237.8959,96.38,2023
2022-12-06,DE,236.8224,95.95,2023
2022-12-07,DE,235.7535,95.52,2023
2022-12-08,DE,234.5468,95.03,2023
2022-12-09,DE,233.2124,94.49,2023
2022-12-10,DE,232.0021,94.0,2023
2022-12-11,DE,230.6965,93.47,2023
2022-12-12,DE,228.1141,92.42,2023
2022-12-13,DE,225.1903,91.24,2023
2022-12-14,DE,222.6382,90.2,2023
2022-12-15,DE,220.1245,89.18,2023
2022-12-16,DE,218.1419,88.38,2023
2022-12-17,DE,217.0151,87.92,2023
2022-12-18,DE,216.1712,87.58,2023
2022-12-19,DE,215.3947,87.27,2023
2022-12-20,DE,215.1198,87.16,2023
2022-12-21,DE,215.3738,87.26,2023
2022-12-22,DE,215.6934,87.39,2023
2022-12-23,DE,216.0808,87.55,2023
2022-12-24,DE,216.6888,87.79,2023
2022-12-25,DE,217.6148,88.17,2023
2022-12-26,DE,218.6323,88.58,2023
2022-12-27,DE,219.1666,88.8,2023
2022-12-28,DE,219.7236,89.02,2023
2022-12-29,DE,220.4184,89.3,2023
2022-12-30,DE,221.1339,89.59,2023
2022-12-31,DE,222.2195,90.03,2023
2023-01-01,DE,223.2343,90.48,2023
2023-01-02,DE,223.5196,90.6,2023
2023-01-03,DE,223.7199,90.68,2023
2023-01-04,DE,223.8157,90.72,2023
2023-01-05,DE,223.9545,90.77,2023
2023-01-06,DE,224.3486,90.93,2023
2023-01-07,DE,224.6707,91.06,2023
2023-01-08,DE,224.9258,91.17,2023
2023-01-09,DE,224.7104,91.08,2023
2023-01-10,DE,224.4645,90.98,2023
2023-01-11,DE,224.2625,90.7,2023
2023-01-12,DE,224.0375,90.61,2023
2023-01-13,DE,223.7579,90.5,2023
2023-01-14,DE,223.6158,90.44,2023
2023-01-15,DE,223.4099,90.36,2023
2023-01-16,DE,222.1525,89.85,2023
2023-01-17,DE,220.7801,89.3,2023
2023-01-18,DE,219.251,88.68,2023
2023-01-19,DE,217.3853,87.92,2023
2023-01-20,DE,215.4106,87.12,2023
2023-01-21,DE,213.8469,86.49,2023
2023-01-22,DE,212.1688,85.81,2023
2023-01-23,DE,209.7344,84.83,2023
2023-01-24,DE,207.0987,83.76,2023
2023-01-25,DE,204.6649,82.78,2023
2023-01-26,DE,202.8968,82.06,2023
2023-01-27,DE,200.3782,81.04,2023
2023-01-28,DE,198.6096,80.33,2023
2023-01-29,DE,197.1852,79.75,2023
2023-01-30,DE,195.7176,79.16,2023
2023-01-31,DE,196.4786,78.73,2023
2023-02-01,DE,195.3539,78.28,2023
2023-02-02,DE,194.3249,77.87,2023
2023-02-03,DE,193.8213,77.67,2023
2023-02-04,DE,193.1369,77.4,2023
2023-02-05,DE,191.3835,77.31,2023
2023-02-06,DE,190.6592,76.4,2023
2023-02-07,DE,188.6905,75.61,2023
2023-02-08,DE,186.8261,74.87,2023
2023-02-09,DE,184.969,74.12,2023
2023-02-10,DE,183.5439,73.55,2023
2023-02-11,DE,182.8615,73.28,2023
2023-02-12,DE,182.3889,73.09,2023
2023-02-13,DE,181.3627,72.68,2023
2023-02-14,DE,180.4852,72.33,2023
2023-02-15,DE,179.741,72.03,2023
2023-02-16,DE,179.0608,71.75,2023
2023-02-17,DE,178.8927,71.69,2023
2023-02-18,DE,179.0492,71.75,2023
2023-02-19,DE,179.0737,71.76,2023
2023-02-20,DE,178.8586,71.67,2023
2023-02-21,DE,178.5026,71.53,2023
2023-02-22,DE,177.9845,71.32,2023
2023-02-23,DE,177.6602,71.19,2023
2023-02-24,DE,177.2368,71.02,2023
2023-02-25,DE,176.8711,70.88,2023
2023-02-26,DE,176.2992,70.65,2023
2023-02-27,DE,175.288,69.97,2023
2023-02-28,DE,173.7778,69.37,2023
2023-03-01,DE,172.2957,68.78,2023
2023-03-02,DE,171.0288,68.27,2023
2023-03-03,DE,169.8772,67.81,2023
2023-03-04,DE,169.2774,67.57,2023
2023-03-05,DE,168.4745,67.25,2023
2023-03-06,DE,167.167,66.73,2023
2023-03-07,DE,165.5131,66.07,2023
2023-03-08,DE,163.6934,65.34,2023
2023-03-09,DE,162.475,64.86,2023
2023-03-10,DE,161.7527,64.57,2023
2023-03-11,DE,161.1358,64.32,2023
2023-03-12,DE,160.7129,64.15,2023
2023-03-13,DE,160.6807,64.14,2023
2023-03-14,DE,160.4223,64.04,2023
2023-03-15,DE,159.8361,63.8,2023
2023-03-16,DE,159.3926,63.63,2023
2023-03-17,DE,159.2827,63.58,2023
2023-03-18,DE,159.7567,63.77,2023
2023-03-19,DE,160.0289,63.88,2023
2023-03-20,DE,159.8124,63.79,2023
2023-03-21,DE,159.8384,63.8,2023
2023-03-22,DE,160.042,63.89,2023
2023-03-23,DE,160.4206,64.04,2023
2023-03-24,DE,160.8431,64.21,2023
2023-03-25,DE,161.2513,64.37,2023
2023-03-26,DE,161.4091,64.43,2023
2023-03-27,DE,160.9654,64.25,2023
2023-03-28,DE,160.543,64.09,2023
2023-03-29,DE,160.4226,64.04,2023
2023-03-30,DE,160.5456,64.09,2023
2023-03-31,DE,160.6135,64.11,2023
2023-04-01,DE,161.1134,64.42,2023
2023-04-02,DE,161.1839,64.45,2023
2023-04-03,DE,160.8686,64.35,2023
2023-04-04,DE,160.3132,64.13,2023
2023-04-05,DE,159.7984,63.88,2023
2023-04-06,DE,159.5402,63.78,2023
2023-04-07,DE,159.4944,63.76,2023
2023-04-08,DE,159.6689,63.83,2023
2023-04-09,DE,160.2362,64.06,2023
2023-04-10,DE,160.9091,64.33,2023
2023-04-11,DE,161.233,64.46,2023
2023-04-12,DE,161.3577,64.51,2023
2023-04-13,DE,161.1541,64.42,2023
2023-04-14,DE,161.1747,64.43,2023
2023-04-15,DE,161.3864,64.52,2023
2023-04-16,DE,161.4858,64.56,2023
2023-04-17,DE,161.4434,64.54,2023
2023-04-18,DE,161.5358,64.58,2023
2023-04-19,DE,161.6345,64.62,2023
2023-04-20,DE,161.6085,64.61,2023
2023-04-21,DE,161.7955,64.68,2023
2023-04-22,DE,162.7238,65.05,2023
2023-04-23,DE,163.7254,65.45,2023
2023-04-24,DE,164.457,65.75,2023
2023-04-25,DE,164.911,65.93,2023
2023-04-26,DE,164.7509,65.86,2023
2023-04-27,DE,164.8622,65.91,2023
2023-04-28,DE,165.3186,66.09,2023
2023-04-29,DE,166.2009,66.44,2023
2023-04-30,DE,167.1665,66.83,2023
2023-05-01,DE,167.9701,67.15,2023
2023-05-02,DE,168.2728,67.27,2023
2023-05-03,DE,168.5147,67.37,2023
2023-05-04,DE,168.139,67.14,2023
2023-05-05,DE,168.7797,67.4,2023
2023-05-06,DE,169.6552,67.75,2023
2023-05-07,DE,170.588,68.12,2023
2023-05-08,DE,171.4598,68.47,2023
2023-05-09,DE,171.8383,68.63,2023
2023-05-10,DE,172.1873,68.77,2023
2023-05-11,DE,172.5741,68.93,2023
2023-05-12,DE,173.1628,69.16,2023
2023-05-13,DE,174.2352,69.59,2023
2023-05-14,DE,175.3534,70.04,2023
2023-05-15,DE,176.0514,70.32,2023
2023-05-16,DE,176.7021,70.52,2023
2023-05-17,DE,177.0498,70.66,2023
2023-05-18,DE,177.6699,70.9,2023
2023-05-19,DE,178.4618,71.22,2023
2023-05-20,DE,179.644,71.69,2023
2023-05-21,DE,180.9878,72.23,2023
2023-05-22,DE,181.6074,72.48,2023
2023-05-23,DE,182.121,72.68,2023
2023-05-24,DE,182.4761,72.82,2023
2023-05-25,DE,182.7819,72.94,2023
2023-05-26,DE,183.5432,73.25,2023
2023-05-27,DE,184.6518,73.69,2023
2023-05-28,DE,185.475,74.02,2023
2023-05-29,DE,186.2252,74.32,2023
2023-05-30,DE,187.0818,74.66,2023
2023-05-31,DE,187.3884,74.99,2023
2023-06-01,DE,187.8107,75.16,2023
2023-06-02,DE,188.4882,75.15,2023
2023-06-03,DE,189.1701,75.43,2023
2023-06-04,DE,189.8525,75.7,2023
2023-06-05,DE,190.2449,75.85,2023
2023-06-06,DE,190.5461,75.97,2023
2023-06-07,DE,190.7325,76.04,2023
2023-06-08,DE,191.1828,76.22,2023
2023-06-09,DE,191.7343,76.44,2023
2023-06-10,DE,192.6374,76.8,2023
2023-06-11,DE,193.5399,77.16,2023
2023-06-12,DE,194.0962,77.38,2023
2023-06-13,DE,194.7415,77.64,2023
2023-06-14,DE,195.1609,77.81,2023
2023-06-15,DE,195.477,77.93,2023
2023-06-16,DE,195.9238,78.11,2023
2023-06-17,DE,196.4765,78.33,2023
2023-06-18,DE,197.3132,78.67,2023
2023-06-19,DE,197.6774,78.81,2023
2023-06-20,DE,197.9206,78.91,2023
2023-06-21,DE,198.0403,78.96,2023
2023-06-22,DE,198.0557,78.96,2023
2023-06-23,DE,198.2859,79.05,2023
2023-06-24,DE,199.0265,79.35,2023
2023-06-25,DE,199.7249,79.63,2023
2023-06-26,DE,200.2198,79.83,2023
2023-06-27,DE,200.4089,79.9,2023
2023-06-28,DE,200.4393,79.91,2023
2023-06-29,DE,200.5013,79.94,2023
2023-06-30,DE,200.7565,80.04,2023
2023-07-01,DE,201.6252,80.4,2023
2023-07-02,DE,202.477,80.74,2023
2023-07-03,DE,203.1663,81.02,2023
2023-07-04,DE,203.4614,81.06,2023
2023-07-05,DE,203.9934,81.27,2023
2023-07-06,DE,204.3586,81.42,2023
2023-07-07,DE,204.979,81.67,2023
2023-07-08,DE,205.8815,82.03,2023
2023-07-09,DE,206.7314,82.36,2023
2023-07-10,DE,207.1539,82.8,2023
2023-07-11,DE,207.5016,82.94,2023
2023-07-12,DE,207.8737,83.09,2023
2023-07-13,DE,208.2805,83.24,2023
2023-07-14,DE,208.8425,83.47,2023
2023-07-15,DE,209.8017,83.85,2023
2023-07-16,DE,210.8091,84.25,2023
2023-07-17,DE,211.3989,84.49,2023
2023-07-18,DE,211.842,84.67,2023
2023-07-19,DE,212.2197,84.82,2023
2023-07-20,DE,212.5255,84.9,2023
2023-07-21,DE,212.9313,85.06,2023
2023-07-22,DE,213.8251,85.42,2023
2023-07-23,DE,214.7982,85.81,2023
2023-07-24,DE,215.3522,86.03,2023
2023-07-25,DE,215.8642,86.23,2023
2023-07-26,DE,216.4527,86.47,2023
2023-07-27,DE,217.011,86.69,2023
2023-07-28,DE,217.4786,86.88,2023
2023-07-29,DE,218.6135,87.33,2023
2023-07-30,DE,219.8486,87.82,2023
2023-07-31,DE,220.8059,88.2,2023
2023-08-01,DE,220.2119,87.89,2023
2023-08-02,DE,220.9876,88.2,2023
2023-08-03,DE,221.5752,88.43,2023
2023-08-04,DE,222.056,88.62,2023
2023-08-05,DE,222.8331,88.93,2023
2023-08-06,DE,223.6539,89.26,2023
2023-08-07,DE,224.3646,89.54,2023
2023-08-08,DE,225.1007,89.84,2023
2023-08-09,DE,225.7798,90.11,2023
2023-08-10,DE,226.4862,90.39,2023
2023-08-11,DE,227.3221,90.72,2023
2023-08-12,DE,228.4492,91.17,2023
2023-08-13,DE,229.5482,91.61,2023
2023-08-14,DE,230.3121,91.85,2023
2023-08-15,DE,230.9889,91.54,2023
2023-08-16,DE,231.6809,91.79,2023
2023-08-17,DE,232.4445,92.1,2023
2023-08-18,DE,233.1364,92.38,2023
2023-08-19,DE,234.0466,92.74,2023
2023-08-20,DE,234.8224,93.05,2023
2023-08-21,DE,235.2454,93.21,2023
2023-08-22,DE,235.4951,93.31,2023
2023-08-23,DE,235.7082,93.4,2023
2023-08-24,DE,235.8929,93.47,2023
2023-08-25,DE,236.1212,93.56,2023
2023-08-26,DE,236.5554,93.73,2023
2023-08-27,DE,237.0301,93.92,2023
2023-08-28,DE,237.1061,93.95,2023
2023-08-29,DE,236.8822,93.86,2023
2023-08-30,DE,236.9262,93.88,2023
2023-08-31,DE,236.9783,93.81,2023
2023-09-01,DE,237.6171,93.73,2023
2023-09-02,DE,237.9362,93.85,2023
2023-09-03,DE,238.2473,93.98,2023
2023-09-04,DE,238.2944,94.0,2023
2023-09-05,DE,238.3681,94.02,2023
2023-09-06,DE,238.3832,93.99,2023
2023-09-07,DE,238.3769,93.99,2023
2023-09-08,DE,238.3274,93.97,2023
2023-09-09,DE,238.4566,94.02,2023
2023-09-10,DE,238.5419,94.05,2023
2023-09-11,DE,238.52,94.04,2023
2023-09-12,DE,238.5239,94.04,2023
2023-09-13,DE,238.5312,94.05,2023
2023-09-14,DE,238.5726,94.06,2023
2023-09-15,DE,238.72,94.12,2023
2023-09-16,DE,238.9521,94.21,2023
2023-09-17,DE,239.2808,94.34,2023
2023-09-18,DE,239.5343,94.44,2023
2023-09-19,DE,239.8785,94.58,2023
2023-09-20,DE,240.1282,94.57,2023
2023-09-21,DE,240.2855,94.64,2023
2023-09-22,DE,240.494,94.72,2023
2023-09-23,DE,240.8917,94.82,2023
2023-09-24,DE,241.3176,94.99,2023
2023-09-25,DE,241.5618,95.08,2023
2023-09-26,DE,241.7789,95.17,2023
2023-09-27,DE,242.0663,95.28,2023
2023-09-28,DE,242.2787,95.36,2023
2023-09-29,DE,242.6879,95.5,2023
2023-09-30,DE,243.2453,95.72,2023
2023-10-01,DE,244.058,96.04,2024
2023-10-02,DE,244.6327,96.27,2024
2023-10-03,DE,245.43,96.56,2024
2023-10-04,DE,245.927,96.75,2024
2023-10-05,DE,245.9011,96.74,2024
2023-10-06,DE,246.3025,96.87,2024
2023-10-07,DE,246.911,97.12,2024
2023-10-08,DE,247.4053,97.31,2024
2023-10-09,DE,247.635,97.39,2024
2023-10-10,DE,247.9138,97.35,2024
2023-10-11,DE,248.4719,97.56,2024
2023-10-12,DE,248.8354,97.7,2024
2023-10-13,DE,249.5049,97.97,2024
2023-10-14,DE,250.1661,98.23,2024
2023-10-15,DE,250.5728,98.39,2024
2023-10-16,DE,250.6843,98.42,2024
2023-10-17,DE,250.6743,98.42,2024
2023-10-18,DE,250.5919,98.39,2024
2023-10-19,DE,250.6218,98.4,2024
2023-10-20,DE,250.7146,98.43,2024
2023-10-21,DE,251.2713,98.65,2024
2023-10-22,DE,251.7624,98.85,2024
2023-10-23,DE,251.8067,98.84,2024
2023-10-24,DE,251.8821,98.86,2024
2023-10-25,DE,251.9418,98.89,2024
2023-10-26,DE,252.0506,98.93,2024
2023-10-27,DE,252.2147,98.99,2024
2023-10-28,DE,252.7549,99.21,2024
2023-10-29,DE,253.3396,99.43,2024
2023-10-30,DE,253.5727,99.53,2024
2023-10-31,DE,253.8773,99.65,2024
2023-11-01,DE,254.2684,99.77,2024
2023-11-02,DE,254.611,99.91,2024
2023-11-03,DE,254.711,99.95,2024
2023-11-04,DE,254.9407,100.04,2024
2023-11-05,DE,255.1921,100.14,2024
2023-11-06,DE,255.2866,100.12,2024
2023-11-07,DE,255.3398,100.14,2024
2023-11-08,DE,255.2418,100.1,2024
2023-11-09,DE,255.2591,100.11,2024
2023-11-10,DE,255.2331,100.08,2024
2023-11-11,DE,255.3376,100.13,2024
2023-11-12,DE,255.409,100.15,2024
2023-11-13,DE,255.2857,100.11,2024
2023-11-14,DE,255.384,100.14,2024
2023-11-15,DE,255.8407,100.32,2024
2023-11-16,DE,255.5072,100.26,2024
2023-11-17,DE,255.1048,100.11,2024
2023-11-18,DE,255.0834,100.08,2024
2023-11-19,DE,255.435,100.22,2024
2023-11-20,DE,255.5234,100.25,2024
2023-11-21,DE,255.0494,100.07,2024
2023-11-22,DE,254.16,99.72,2024
2023-11-23,DE,253.7655,99.55,2024
2023-11-24,DE,253.2954,99.37,2024
2023-11-25,DE,252.8296,99.18,2024
2023-11-26,DE,252.2924,98.96,2024
2023-11-27,DE,251.16,98.51,2024
2023-11-28,DE,249.6965,97.94,2024
2023-11-29,DE,247.7565,97.18,2024
2023-11-30,DE,245.5718,96.32,2024
2023-12-01,DE,244.0109,95.75,2024
2023-12-02,DE,242.5979,95.2,2024
2023-12-03,DE,241.4745,94.76,2024
2023-12-04,DE,239.6087,94.03,2024
2023-12-05,DE,238.0321,93.41,2024
2023-12-06,DE,236.3013,92.73,2024
2023-12-07,DE,235.0558,92.24,2024
2023-12-08,DE,234.1643,91.89,2024
2023-12-09,DE,234.0271,91.84,2024
2023-12-10,DE,234.0902,91.86,2024
2023-12-11,DE,233.7898,91.74,2024
2023-12-12,DE,233.3151,91.57,2024
2023-12-13,DE,232.892,91.4,2024
2023-12-14,DE,232.2634,91.14,2024
2023-12-15,DE,231.8333,90.97,2024
2023-12-16,DE,231.9306,91.01,2024
2023-12-17,DE,231.9204,91.01,2024
2023-12-18,DE,231.5337,90.86,2024
2023-12-19,DE,230.8307,90.58,2024
2023-12-20,DE,230.2701,90.36,2024
2023-12-21,DE,230.1188,90.3,2024
2023-12-22,DE,230.0134,90.26,2024
2023-12-23,DE,230.1785,90.33,2024
2023-12-24,DE,230.5508,90.47,2024
2023-12-25,DE,231.0529,90.67,2024
2023-12-26,DE,231.4218,90.81,2024
2023-12-27,DE,231.4941,90.84,2024
2023-12-28,DE,231.646,90.9,2024
2023-12-29,DE,231.7399,90.94,2024
2023-12-30,DE,231.9051,91.0,2024
2023-12-31,DE,231.9639,91.03,2024
2024-01-01,DE,232.0502,91.06,2024
2024-01-02,DE,231.9955,91.04,2024
2024-01-03,DE,231.6822,90.92,2024
2024-01-04,DE,231.0731,90.68,2024
2024-01-05,DE,230.3468,90.39,2024
2024-01-06,DE,229.6733,90.13,2024
2024-01-07,DE,228.5874,89.7,2024
2024-01-08,DE,226.2327,88.78,2024
2024-01-09,DE,223.2449,87.6,2024
2024-01-10,DE,220.2405,86.43,2024
2024-01-11,DE,217.3371,85.29,2024
2024-01-12,DE,215.0235,84.38,2024
2024-01-13,DE,213.5909,83.82,2024
2024-01-14,DE,212.2852,83.3,2024
2024-01-15,DE,210.2292,82.5,2024
2024-01-16,DE,207.7596,81.53,2024
2024-01-17,DE,205.3181,80.57,2024
2024-01-18,DE,203.1068,79.7,2024
2024-01-19,DE,200.9177,78.84,2024
2024-01-20,DE,199.3578,78.23,2024
2024-01-21,DE,197.9988,77.7,2024
2024-01-22,DE,197.0939,77.34,2024
2024-01-23,DE,196.1797,76.98,2024
2024-01-24,DE,195.6241,76.77,2024
2024-01-25,DE,194.9136,76.49,2024
2024-01-26,DE,194.3625,76.28,2024
2024-01-27,DE,193.6722,76.01,2024
2024-01-28,DE,192.921,75.71,2024
2024-01-29,DE,192.0414,75.36,2024
2024-01-30,DE,191.1898,75.03,2024
2024-01-31,DE,190.3428,74.69,2024
2024-02-01,DE,189.5725,74.39,2024
2024-02-02,DE,188.9886,74.16,2024
2024-02-03,DE,188.8761,74.12,2024
2024-02-04,DE,188.7048,74.05,2024
2024-02-05,DE,188.2247,73.86,2024
2024-02-06,DE,187.7702,73.68,2024
2024-02-07,DE,186.7163,73.27,2024
2024-02-08,DE,185.4915,72.79,2024
2024-02-09,DE,184.9841,72.59,2024
2024-02-10,DE,184.6706,72.47,2024
2024-02-11,DE,184.2278,72.29,2024
2024-02-12,DE,183.4644,71.99,2024
2024-02-13,DE,182.536,71.63,2024
2024-02-14,DE,181.8334,71.35,2024
2024-02-15,DE,181.6633,71.29,2024
2024-02-16,DE,181.6447,71.28,2024
2024-02-17,DE,181.7792,71.33,2024
2024-02-18,DE,181.8741,71.37,2024
2024-02-19,DE,181.606,71.26,2024
2024-02-20,DE,181.2582,71.13,2024
2024-02-21,DE,180.7697,70.94,2024
2024-02-22,DE,180.2871,70.75,2024
2024-02-23,DE,179.6704,70.51,2024
2024-02-24,DE,179.2841,70.35,2024
2024-02-25,DE,178.9105,70.21,2024
2024-02-26,DE,177.9924,69.85,2024
2024-02-27,DE,176.9194,69.43,2024
2024-02-28,DE,175.8057,68.99,2024
2024-02-29,DE,175.1646,68.74,2024
2024-03-01,DE,174.5628,68.5,2024
2024-03-02,DE,174.5529,68.5,2024
2024-03-03,DE,174.6883,68.55,2024
2024-03-04,DE,174.2821,68.39,2024
2024-03-05,DE,173.2702,67.99,2024
2024-03-06,DE,172.4271,67.66,2024
2024-03-07,DE,171.8012,67.42,2024
2024-03-08,DE,171.2055,67.18,2024
2024-03-09,DE,171.0084,67.11,2024
2024-03-10,DE,170.9375,67.08,2024
2024-03-11,DE,170.23,66.8,2024
2024-03-12,DE,169.457,66.5,2024
2024-03-13,DE,168.8992,66.28,2024
2024-03-14,DE,168.82,66.25,2024
2024-03-15,DE,169.0114,66.32,2024
2024-03-16,DE,169.0318,66.35,2024
2024-03-17,DE,168.9205,66.3,2024
2024-03-18,DE,168.5174,66.15,2024
2024-03-19,DE,168.126,66.0,2024
2024-03-20,DE,167.9661,65.93,2024
2024-03-21,DE,167.9402,65.92,2024
2024-03-22,DE,167.9048,65.91,2024
2024-03-23,DE,167.8591,65.89,2024
2024-03-24,DE,167.5977,65.79,2024
2024-03-25,DE,166.8088,65.48,2024
2024-03-26,DE,166.6097,65.4,2024
2024-03-27,DE,166.2568,65.26,2024
2024-03-28,DE,165.879,65.11,2024
2024-03-29,DE,165.8439,65.1,2024
2024-03-30,DE,165.4723,64.95,2024
2024-03-31,DE,159.9114,62.78,2024
2024-04-01,DE,163.2764,66.41,2024
2024-04-02,DE,164.1595,66.77,2024
2024-04-03,DE,164.2961,66.76,2024
2024-04-04,DE,163.8173,66.56,2024
2024-04-05,DE,164.1308,66.69,2024
2024-04-06,DE,164.9216,67.01,2024
2024-04-07,DE,165.8957,67.41,2024
2024-04-08,DE,166.7797,67.77,2024
2024-04-09,DE,167.1618,67.92,2024
2024-04-10,DE,167.3155,67.98,2024
2024-04-11,DE,167.6004,68.1,2024
2024-04-12,DE,168.2831,68.38,2024
2024-04-13,DE,169.2384,68.77,2024
2024-04-14,DE,170.1317,69.13,2024
2024-04-15,DE,170.4589,69.26,2024
2024-04-16,DE,170.1964,69.15,2024
2024-04-17,DE,169.6298,68.92,2024
2024-04-18,DE,168.9374,68.64,2024
2024-04-19,DE,168.568,68.49,2024
2024-04-20,DE,168.4257,68.44,2024
2024-04-21,DE,168.1667,68.33,2024
2024-04-22,DE,167.2496,67.96,2024
2024-04-23,DE,166.2311,67.54,2024
2024-04-24,DE,165.3904,67.2,2024
2024-04-25,DE,164.5988,66.88,2024
2024-04-26,DE,164.3404,66.78,2024
2024-04-27,DE,164.6236,66.89,2024
2024-04-28,DE,165.0674,67.07,2024
2024-04-29,DE,165.4178,67.21,2024
2024-04-30,DE,165.97,67.44,2024
2024-05-01,DE,166.5598,67.66,2024
2024-05-02,DE,167.1665,67.56,2024
2024-05-03,DE,167.4038,67.65,2024
2024-05-04,DE,167.769,67.8,2024
2024-05-05,DE,168.1737,67.97,2024
2024-05-06,DE,168.1874,67.97,2024
2024-05-07,DE,168.1565,67.96,2024
2024-05-08,DE,168.0225,67.9,2024
2024-05-09,DE,168.4568,68.08,2024
2024-05-10,DE,169.0457,68.32,2024
2024-05-11,DE,169.9301,68.68,2024
2024-05-12,DE,170.8922,69.06,2024
2024-05-13,DE,171.678,69.38,2024
2024-05-14,DE,172.475,69.7,2024
2024-05-15,DE,173.2015,70.0,2024
2024-05-16,DE,173.7602,70.22,2024
2024-05-17,DE,174.4018,70.48,2024
2024-05-18,DE,175.1887,70.8,2024
2024-05-19,DE,175.9402,71.1,2024
2024-05-20,DE,176.5853,71.37,2024
2024-05-21,DE,176.7683,71.44,2024
2024-05-22,DE,177.1728,71.6,2024
2024-05-23,DE,177.6716,71.8,2024
2024-05-24,DE,177.9267,71.91,2024
2024-05-25,DE,178.3194,72.07,2024
2024-05-26,DE,178.7843,72.25,2024
2024-05-27,DE,179.1062,72.38,2024
2024-05-28,DE,179.3461,72.48,2024
2024-05-29,DE,179.5664,72.57,2024
2024-05-30,DE,179.7974,72.66,2024
2024-05-31,DE,180.2395,72.84,2024
2024-06-01,DE,180.3047,72.87,2024
2024-06-02,DE,180.9119,73.11,2024
2024-06-03,DE,181.0962,73.19,2024
2024-06-04,DE,181.4858,73.35,2024
2024-06-05,DE,181.9127,73.52,2024
2024-06-06,DE,182.8526,73.9,2024
2024-06-07,DE,183.42,74.13,2024
2024-06-08,DE,184.2366,74.46,2024
2024-06-09,DE,184.9982,74.77,2024
2024-06-10,DE,185.4547,75.2,2024
2024-06-11,DE,185.9298,75.39,2024
2024-06-12,DE,186.2958,75.54,2024
2024-06-13,DE,186.7669,75.73,2024
2024-06-14,DE,187.5845,76.06,2024
2024-06-15,DE,188.4699,76.17,2024
2024-06-16,DE,187.1538,75.64,2024
2024-06-17,DE,189.9835,76.78,2024
2024-06-18,DE,190.5281,77.0,2024
2024-06-19,DE,191.2826,77.31,2024
2024-06-20,DE,191.9881,77.59,2024
2024-06-21,DE,192.6858,77.88,2024
2024-06-22,DE,193.8415,78.34,2024
2024-06-23,DE,194.9288,78.78,2024
2024-06-24,DE,195.6175,79.06,2024
2024-06-25,DE,196.3971,79.38,2024
2024-06-26,DE,197.2586,79.72,2024
2024-06-27,DE,198.1163,80.07,2024
2024-06-28,DE,199.0779,80.47,2024
2024-06-29,DE,200.1279,80.89,2024
2024-06-30,DE,201.1689,81.31,2024
2024-07-01,DE,201.8279,81.58,2024
2024-07-02,DE,202.5578,81.87,2024
2024-07-03,DE,203.2697,82.16,2024
2024-07-04,DE,204.0139,82.46,2024
2024-07-05,DE,204.862,82.8,2024
2024-07-06,DE,205.6212,83.11,2024
2024-07-07,DE,206.3711,83.41,2024
2024-07-08,DE,207.1781,83.74,2024
2024-07-09,DE,208.0291,84.08,2024
2024-07-10,DE,208.7755,84.34,2024
2024-07-11,DE,209.3406,84.57,2024
2024-07-12,DE,209.8356,84.77,2024
2024-07-13,DE,210.453,85.02,2024
2024-07-14,DE,211.1468,85.3,2024
2024-07-15,DE,211.7465,85.54,2024
2024-07-16,DE,212.5168,85.85,2024
2024-07-17,DE,213.1793,86.12,2024
2024-07-18,DE,213.7606,86.36,2024
2024-07-19,DE,214.5234,86.67,2024
2024-07-20,DE,215.4808,87.05,2024
2024-07-21,DE,216.3575,87.41,2024
2024-07-22,DE,216.9934,87.66,2024
2024-07-23,DE,217.5316,87.88,2024
2024-07-24,DE,218.0241,88.08,2024
2024-07-25,DE,218.4581,88.25,2024
2024-07-26,DE,218.8626,88.42,2024
2024-07-27,DE,219.4108,88.64,2024
2024-07-28,DE,219.9647,88.86,2024
2024-07-29,DE,220.3742,89.03,2024
2024-07-30,DE,220.7813,89.19,2024
2024-07-31,DE,221.1985,89.36,2024
2024-08-01,DE,221.5525,89.41,2024
2024-08-02,DE,222.0531,89.62,2024
2024-08-03,DE,222.7254,89.89,2024
2024-08-04,DE,223.4077,90.16,2024
2024-08-05,DE,224.0732,90.43,2024
2024-08-06,DE,224.5208,90.48,2024
2024-08-07,DE,225.053,90.7,2024
2024-08-08,DE,225.6038,90.92,2024
2024-08-09,DE,226.222,91.17,2024
2024-08-10,DE,226.9166,91.45,2024
2024-08-11,DE,227.5358,91.7,2024
2024-08-12,DE,228.1242,91.94,2024
2024-08-13,DE,228.7916,92.17,2024
2024-08-14,DE,229.3439,92.25,2024
2024-08-15,DE,229.9425,92.45,2024
2024-08-16,DE,230.5121,92.68,2024
2024-08-17,DE,231.2714,92.98,2024
2024-08-18,DE,232.0581,93.3,2024
2024-08-19,DE,232.5081,93.44,2024
2024-08-20,DE,232.9356,93.61,2024
2024-08-21,DE,233.4261,93.81,2024
2024-08-22,DE,233.9234,94.01,2024
2024-08-23,DE,234.4594,94.22,2024
2024-08-24,DE,235.1961,94.21,2024
2024-08-25,DE,235.9386,94.51,2024
2024-08-26,DE,236.3622,94.68,2024
2024-08-27,DE,236.6617,94.8,2024
2024-08-28,DE,237.0688,94.96,2024
2024-08-29,DE,237.1841,94.94,2024
2024-08-30,DE,237.461,95.05,2024
2024-08-31,DE,237.8993,95.23,2024
2024-09-01,DE,238.4016,94.95,2024
2024-09-02,DE,238.6172,95.03,2024
2024-09-03,DE,238.6778,95.06,2024
2024-09-04,DE,238.6823,95.06,2024
2024-09-05,DE,238.9204,95.15,2024
2024-09-06,DE,239.2648,95.28,2024
2024-09-07,DE,239.5663,95.4,2024
2024-09-08,DE,239.8876,95.52,2024
2024-09-09,DE,240.0093,95.57,2024
2024-09-10,DE,240.3585,95.71,2024
2024-09-11,DE,240.4498,95.75,2024
2024-09-12,DE,240.2416,95.66,2024
2024-09-13,DE,240.1075,95.61,2024
2024-09-14,DE,240.0019,95.57,2024
2024-09-15,DE,240.1118,95.61,2024
2024-09-16,DE,239.946,95.55,2024
2024-09-17,DE,239.9321,95.54,2024
2024-09-18,DE,240.1225,95.62,2024
2024-09-19,DE,240.2361,95.66,2024
2024-09-20,DE,240.1842,95.64,2024
2024-09-21,DE,240.3957,95.72,2024
2024-09-22,DE,240.5033,95.76,2024
2024-09-23,DE,240.4637,95.75,2024
2024-09-24,DE,240.5732,95.79,2024
2024-09-25,DE,240.7519,95.86,2024
2024-09-26,DE,240.9776,95.91,2024
2024-09-27,DE,241.1557,95.98,2024
2024-09-28,DE,241.2927,96.04,2024
2024-09-29,DE,241.3725,96.07,2024
2024-09-30,DE,241.194,96.0,2024
2024-10-01,DE,241.3191,96.09,2025
2024-10-02,DE,241.1102,96.01,2025
2024-10-03,DE,241.2738,96.07,2025
2024-10-04,DE,241.3241,96.09,2025
2024-10-05,DE,241.5019,96.16,2025
2024-10-06,DE,241.7343,96.26,2025
2024-10-07,DE,242.0031,96.36,2025
2024-10-08,DE,242.4812,96.55,2025
2024-10-09,DE,243.0233,96.77,2025
2024-10-10,DE,243.4229,96.93,2025
2024-10-11,DE,243.4738,96.95,2025
2024-10-12,DE,243.8222,97.08,2025
2024-10-13,DE,244.1249,97.2,2025
2024-10-14,DE,243.915,97.08,2025
2024-10-15,DE,243.9001,97.07,2025
2024-10-16,DE,244.1226,97.16,2025
2024-10-17,DE,244.3471,97.25,2025
2024-10-18,DE,244.5476,97.32,2025
2024-10-19,DE,245.0631,97.52,2025
2024-10-20,DE,245.5856,97.73,2025
2024-10-21,DE,245.6938,97.77,2025
2024-10-22,DE,245.7159,97.78,2025
2024-10-23,DE,245.6632,97.76,2025
2024-10-24,DE,245.6932,97.77,2025
2024-10-25,DE,245.8228,97.82,2025
2024-10-26,DE,246.075,97.92,2025
2024-10-27,DE,246.3367,98.03,2025
2024-10-28,DE,246.4137,98.04,2025
2024-10-29,DE,246.4358,98.04,2025
2024-10-30,DE,246.4666,98.04,2025
2024-10-31,DE,246.5177,98.06,2025
2024-11-01,DE,246.8286,98.19,2025
2024-11-02,DE,247.0247,98.27,2025
2024-11-03,DE,247.1427,98.31,2025
2024-11-04,DE,246.734,98.15,2025
2024-11-05,DE,246.1715,97.93,2025
2024-11-06,DE,245.4823,97.65,2025
2024-11-07,DE,244.5461,97.28,2025
2024-11-08,DE,243.8323,97.0,2025
2024-11-09,DE,243.4915,96.86,2025
2024-11-10,DE,243.2077,96.75,2025
2024-11-11,DE,242.628,96.52,2025
2024-11-12,DE,241.7588,96.17,2025
2024-11-13,DE,240.6343,95.72,2025
2024-11-14,DE,239.9139,95.44,2025
2024-11-15,DE,239.3574,95.22,2025
2024-11-16,DE,239.2209,95.16,2025
2024-11-17,DE,239.1,95.11,2025
2024-11-18,DE,238.2268,94.77,2025
2024-11-19,DE,237.3505,94.42,2025
2024-11-20,DE,236.3452,93.97,2025
2024-11-21,DE,234.9692,93.43,2025
2024-11-22,DE,233.505,92.84,2025
2024-11-23,DE,232.6266,92.49,2025
2024-11-24,DE,232.564,92.47,2025
2024-11-25,DE,232.3785,92.4,2025
2024-11-26,DE,231.9422,92.22,2025
2024-11-27,DE,231.3015,91.97,2025
2024-11-28,DE,230.6715,91.72,2025
2024-11-29,DE,229.4786,91.24,2025
2024-11-30,DE,228.6504,90.91,2025
2024-12-01,DE,227.9519,90.64,2025
2024-12-02,DE,227.0077,90.26,2025
2024-12-03,DE,225.8407,89.8,2025
2024-12-04,DE,224.4885,89.28,2025
2024-12-05,DE,223.4364,88.86,2025
2024-12-06,DE,222.7869,88.6,2025
2024-12-07,DE,222.4295,88.46,2025
2024-12-08,DE,222.0232,88.3,2025
2024-12-09,DE,220.9403,87.87,2025
2024-12-10,DE,218.9952,87.1,2025
2024-12-11,DE,216.9942,86.27,2025
2024-12-12,DE,214.8298,85.41,2025
2024-12-13,DE,212.9255,84.66,2025
2024-12-14,DE,211.8074,84.21,2025
2024-12-15,DE,211.0374,83.91,2025
2024-12-16,DE,210.3604,83.64,2025
2024-12-17,DE,209.7357,83.39,2025
2024-12-18,DE,209.2371,83.19,2025
2024-12-19,DE,208.8835,83.05,2025
2024-12-20,DE,208.2174,82.79,2025
2024-12-21,DE,207.9481,82.68,2025
2024-12-22,DE,207.7459,82.6,2025
2024-12-23,DE,207.2882,82.42,2025
2024-12-24,DE,206.8971,82.26,2025
2024-12-25,DE,206.7146,82.19,2025
2024-12-26,DE,206.3033,82.02,2025
2024-12-27,DE,205.2508,81.61,2025
2024-12-28,DE,204.0262,81.12,2025
2024-12-29,DE,202.7517,80.61,2025
2024-12-30,DE,201.4987,80.11,2025
2024-12-31,DE,200.6099,79.76,2025
2025-01-01,DE,199.8702,79.47,2025
2025-01-02,DE,198.7062,79.0,2025
2025-01-03,DE,196.9925,78.32,2025
2025-01-04,DE,195.4474,77.71,2025
2025-01-05,DE,194.1161,77.18,2025
2025-01-06,DE,193.2497,76.83,2025
2025-01-07,DE,191.9037,76.3,2025
2025-01-08,DE,189.958,75.53,2025
2025-01-09,DE,187.8467,74.69,2025
2025-01-10,DE,185.5776,73.78,2025
2025-01-11,DE,183.391,72.91,2025
2025-01-12,DE,181.2865,72.08,2025
2025-01-13,DE,178.2742,70.88,2025
2025-01-14,DE,175.146,69.64,2025
2025-01-15,DE,172.2368,68.48,2025
2025-01-16,DE,169.4152,67.36,2025
2025-01-17,DE,166.1178,66.05,2025
2025-01-18,DE,163.3704,64.95,2025
2025-01-19,DE,160.5896,63.85,2025
2025-01-20,DE,157.22,62.51,2025
2025-01-21,DE,153.5583,61.05,2025
2025-01-22,DE,150.5856,59.87,2025
2025-01-23,DE,148.9337,59.21,2025
2025-01-24,DE,147.7353,58.74,2025
2025-01-25,DE,146.98,58.44,2025
2025-01-26,DE,146.1566,58.11,2025
2025-01-27,DE,145.2521,57.75,2025
2025-01-28,DE,144.3611,57.4,2025
2025-01-29,DE,143.412,57.02,2025
2025-01-30,DE,141.9359,56.43,2025
2025-01-31,DE,140.447,55.84,2025
2025-02-01,DE,138.7991,55.16,2025
2025-02-02,DE,136.9634,54.43,2025
2025-02-03,DE,134.2676,53.36,2025
2025-02-04,DE,131.8079,52.38,2025
2025-02-05,DE,129.3157,51.39,2025
2025-02-06,DE,127.154,50.53,2025
2025-02-07,DE,125.2432,49.77,2025
2025-02-08,DE,123.8567,49.22,2025
2025-02-09,DE,122.4374,48.66,2025
2025-02-10,DE,120.3318,47.82,2025
2025-02-11,DE,118.176,46.97,2025
2025-02-12,DE,115.6937,45.98,2025
2025-02-13,DE,113.0149,44.91,2025
2025-02-14,DE,110.156,43.78,2025
2025-02-15,DE,107.796,42.84,2025
2025-02-16,DE,105.5765,41.96,2025
2025-02-17,DE,102.2776,40.65,2025
2025-02-18,DE,98.9848,39.34,2025
2025-02-19,DE,96.2785,38.23,2025
2025-02-20,DE,94.3437,37.46,2025
2025-02-21,DE,93.4109,37.09,2025
2025-02-22,DE,92.8997,36.89,2025
2025-02-23,DE,92.5397,36.78,2025
2025-02-24,DE,91.8557,36.51,2025
2025-02-25,DE,90.9077,36.13,2025
2025-02-26,DE,89.7261,35.66,2025
2025-02-27,DE,88.4934,35.17,2025
2025-02-28,DE,85.178,33.85,2025
2025-03-01,DE,84.2532,33.61,2025
2025-03-02,DE,83.4623,33.29,2025
2025-03-03,DE,82.3268,32.84,2025
2025-03-04,DE,81.4456,32.49,2025
2025-03-05,DE,80.8709,32.26,2025
2025-03-06,DE,80.4475,32.09,2025
2025-03-07,DE,80.1874,31.99,2025
2025-03-08,DE,80.3617,32.06,2025
2025-03-09,DE,80.4097,32.08,2025
2025-03-10,DE,79.7998,31.83,2025
2025-03-11,DE,78.8284,31.45,2025
2025-03-12,DE,77.6123,30.96,2025
2025-03-13,DE,76.3469,30.46,2025
2025-03-14,DE,75.277,30.03,2025
2025-03-15,DE,74.6542,29.78,2025
2025-03-16,DE,74.1461,29.58,2025
2025-03-17,DE,73.1663,29.19,2025
2025-03-18,DE,72.4675,28.91,2025
2025-03-19,DE,72.0356,28.74,2025
2025-03-20,DE,71.9981,28.72,2025
2025-03-21,DE,72.1556,28.78,2025
2025-03-22,DE,72.6222,28.97,2025
2025-03-23,DE,72.9071,29.08,2025
2025-03-24,DE,72.7687,29.03,2025
2025-03-25,DE,72.5852,28.95,2025
2025-03-26,DE,72.2491,28.82,2025
2025-03-27,DE,72.023,28.73,2025
2025-03-28,DE,72.0281,28.73,2025
2025-03-29,DE,72.1661,28.79,2025
2025-03-30,DE,72.2276,28.81,2025
2025-03-31,DE,71.9173,28.69,2025
2025-04-01,DE,72.0222,29.14,2025
2025-04-02,DE,72.0403,29.21,2025
2025-04-03,DE,72.1549,29.26,2025
2025-04-04,DE,72.4026,29.36,2025
2025-04-05,DE,72.8137,29.53,2025
2025-04-06,DE,72.9455,29.58,2025
2025-04-07,DE,72.4982,29.4,2025
2025-04-08,DE,72.2303,29.29,2025
2025-04-09,DE,72.0293,29.21,2025
2025-04-10,DE,71.8576,29.14,2025
2025-04-11,DE,71.8817,29.15,2025
2025-04-12,DE,72.4241,29.37,2025
2025-04-13,DE,73.0489,29.62,2025
2025-04-14,DE,73.4206,29.77,2025
2025-04-15,DE,74.0006,30.01,2025
2025-04-16,DE,74.3138,30.14,2025
2025-04-17,DE,74.5088,30.22,2025
2025-04-18,DE,75.0044,30.42,2025
2025-04-19,DE,75.6904,30.69,2025
2025-04-20,DE,76.4863,31.02,2025
2025-04-21,DE,77.1401,31.28,2025
2025-04-22,DE,77.3529,31.37,2025
2025-04-23,DE,77.5732,31.46,2025
2025-04-24,DE,77.7045,31.51,2025
2025-04-25,DE,78.0078,31.63,2025
2025-04-26,DE,78.5919,31.87,2025
2025-04-27,DE,79.2687,32.15,2025
2025-04-28,DE,79.827,32.38,2025
2025-04-29,DE,80.4348,32.64,2025
2025-04-30,DE,81.2538,32.98,2025
2025-05-01,DE,82.291,33.4,2025
2025-05-02,DE,83.312,33.81,2025
2025-05-03,DE,84.3448,34.23,2025
2025-05-04,DE,85.2411,34.6,2025
2025-05-05,DE,85.6328,34.75,2025
2025-05-06,DE,85.8938,34.73,2025
2025-05-07,DE,86.2159,34.86,2025
2025-05-08,DE,86.4176,35.07,2025
2025-05-09,DE,86.7031,35.19,2025
2025-05-10,DE,87.4778,35.37,2025
2025-05-11,DE,88.3242,35.71,2025
2025-05-12,DE,89.0393,36.01,2025
2025-05-13,DE,89.4934,36.19,2025
2025-05-14,DE,90.1748,36.47,2025
2025-05-15,DE,90.7017,36.68,2025
2025-05-16,DE,91.1739,36.87,2025
2025-05-17,DE,91.9836,37.2,2025
2025-05-18,DE,92.6586,37.47,2025
2025-05-19,DE,93.078,37.64,2025
2025-05-20,DE,93.5199,37.82,2025
2025-05-21,DE,93.308,37.73,2025
2025-05-22,DE,93.6268,37.86,2025
2025-05-23,DE,93.7907,37.93,2025
2025-05-24,DE,94.2632,38.12,2025
2025-05-25,DE,95.0725,38.45,2025
2025-05-26,DE,95.5799,38.65,2025
2025-05-27,DE,96.0277,38.83,2025
2025-05-28,DE,96.5497,39.04,2025
2025-05-29,DE,97.3378,39.36,2025
2025-05-30,DE,98.2974,39.75,2025
2025-05-31,DE,99.5504,40.26,2025
2025-06-01,DE,101.7025,41.12,2025
2025-06-02,DE,102.3512,41.38,2025
2025-06-03,DE,102.9232,41.61,2025
2025-06-04,DE,103.7107,41.93,2025
2025-06-05,DE,104.0763,42.08,2025
2025-06-06,DE,104.9758,42.44,2025
2025-06-07,DE,106.133,42.91,2025
2025-06-08,DE,107.2085,43.34,2025
2025-06-09,DE,108.1419,43.72,2025
2025-06-10,DE,108.9713,44.06,2025
2025-06-11,DE,109.6807,44.34,2025
2025-06-12,DE,110.3668,44.62,2025
2025-06-13,DE,111.049,44.9,2025
2025-06-14,DE,112.185,45.36,2025
2025-06-15,DE,113.2796,45.8,2025
2025-06-16,DE,113.9349,46.06,2025
2025-06-17,DE,114.5381,46.31,2025
2025-06-18,DE,115.2356,46.59,2025
2025-06-19,DE,116.0464,46.92,2025
2025-06-20,DE,116.8073,47.23,2025
2025-06-21,DE,117.993,47.7,2025
2025-06-22,DE,119.1683,48.18,2025
2025-06-23,DE,119.9722,48.5,2025
2025-06-24,DE,120.7569,48.82,2025
2025-06-25,DE,121.1504,48.98,2025
2025-06-26,DE,121.288,49.04,2025
2025-06-27,DE,122.3229,49.46,2025
2025-06-28,DE,123.3441,49.87,2025
2025-06-29,DE,124.5088,50.34,2025
2025-06-30,DE,125.3109,50.66,2025
2025-07-01,DE,125.9974,50.94,2025
2025-07-02,DE,126.8856,51.3,2025
2025-07-03,DE,127.5356,51.56,2025
2025-07-04,DE,128.2912,51.87,2025
2025-07-05,DE,129.3591,52.3,2025
2025-07-06,DE,130.3086,52.68,2025
2025-07-07,DE,130.9218,52.93,2025
2025-07-08,DE,135.4935,54.78,2025
2025-07-09,DE,132.4268,53.54,2025
2025-07-10,DE,133.5212,54.02,2025
2025-07-11,DE,134.4262,54.37,2025
2025-07-12,DE,135.8089,54.93,2025
2025-07-13,DE,136.8975,55.37,2025
2025-07-14,DE,137.4921,55.61,2025
2025-07-15,DE,138.0543,55.84,2025
2025-07-16,DE,138.6904,56.1,2025
2025-07-17,DE,139.1755,56.29,2025
2025-07-18,DE,139.8247,56.55,2025
2025-07-19,DE,140.9293,57.0,2025
2025-07-20,DE,142.0248,57.44,2025
2025-07-21,DE,142.6596,57.7,2025
2025-07-22,DE,143.2904,57.95,2025
2025-07-23,DE,143.9156,58.2,2025
2025-07-24,DE,144.3055,58.36,2025
2025-07-25,DE,144.9117,58.6,2025
2025-07-26,DE,145.899,59.0,2025
2025-07-27,DE,147.0039,59.45,2025
2025-07-28,DE,147.9933,59.85,2025
2025-07-29,DE,148.8225,60.18,2025
2025-07-30,DE,149.7583,60.56,2025
2025-07-31,DE,150.3971,60.8,2025
2025-08-01,DE,151.1612,61.02,2025
2025-08-02,DE,152.5849,61.6,2025
2025-08-03,DE,153.7645,62.07,2025
2025-08-04,DE,154.7213,62.46,2025
2025-08-05,DE,155.8115,62.9,2025
2025-08-06,DE,156.7114,63.26,2025
2025-08-07,DE,157.5353,63.59,2025
2025-08-08,DE,158.3778,63.93,2025
2025-08-09,DE,159.413,64.22,2025
2025-08-10,DE,160.5504,64.68,2025
2025-08-11,DE,161.4407,65.04,2025
2025-08-12,DE,162.1392,65.18,2025
2025-08-13,DE,162.763,65.43,2025
2025-08-14,DE,163.5007,65.73,2025
2025-08-15,DE,164.4735,66.12,2025
2025-08-16,DE,165.3805,66.47,2025
2025-08-17,DE,166.3086,66.85,2025
2025-08-18,DE,166.9644,67.11,2025
2025-08-19,DE,167.7072,67.41,2025
2025-08-20,DE,168.3259,67.66,2025
2025-08-21,DE,169.0267,67.94,2025
2025-08-22,DE,169.6457,68.19,2025
2025-08-23,DE,170.5564,68.56,2025
2025-08-24,DE,171.4373,68.91,2025
2025-08-25,DE,172.083,69.17,2025
2025-08-26,DE,172.7102,69.42,2025
2025-08-27,DE,173.1505,69.6,2025
2025-08-28,DE,173.8767,69.92,2025
2025-08-29,DE,174.7041,70.26,2025
2025-08-30,DE,175.6844,70.65,2025
2025-08-31,DE,176.6675,71.05,2025
2025-09-01,DE,180.3845,72.54,2025
2025-09-02,DE,180.6084,72.54,2025
2025-09-03,DE,181.2279,72.74,2025
2025-09-04,DE,182.0805,73.08,2025
2025-09-05,DE,182.6921,73.33,2025
2025-09-06,DE,183.5947,73.69,2025
2025-09-07,DE,184.553,74.08,2025
2025-09-08,DE,184.9099,74.22,2025
2025-09-09,DE,185.1596,74.23,2025
2025-09-10,DE,185.5896,74.41,2025
2025-09-11,DE,186.0495,74.59,2025
2025-09-12,DE,186.6666,74.84,2025
2025-09-13,DE,187.3813,75.13,2025
2025-09-14,DE,188.0571,75.4,2025
2025-09-15,DE,188.6193,75.62,2025
2025-09-16,DE,188.9555,75.76,2025
2025-09-17,DE,189.2121,75.86,2025
2025-09-18,DE,189.5304,75.99,2025
2025-09-19,DE,189.866,76.12,2025
2025-09-20,DE,190.498,76.38,2025
2025-09-21,DE,191.1308,76.63,2025
2025-09-22,DE,191.1885,76.65,2025
2025-09-23,DE,191.1177,76.45,2025
2025-09-24,DE,191.0942,76.44,2025
2025-09-25,DE,191.1453,76.46,2025
2025-09-26,DE,191.2342,76.5,2025
2025-09-27,DE,191.5459,76.62,2025
2025-09-28,DE,191.8201,76.73,2025
2025-09-29,DE,191.8158,76.73,2025
2025-09-30,DE,191.6921,76.68,2025
2025-10-01,DE,191.4178,76.31,2026
2025-10-02,DE,191.1469,76.21,2026
2025-10-03,DE,191.1414,76.2,2026
2025-10-04,DE,191.4762,76.34,2026
2025-10-05,DE,191.6228,76.4,2026
2025-10-06,DE,191.1466,76.19,2026
2025-10-07,DE,190.8762,76.08,2026
2025-10-08,DE,190.7023,76.01,2026
2025-10-09,DE,190.703,76.01,2026
2025-10-10,DE,190.7396,76.03,2026
2025-10-11,DE,190.865,76.08,2026
2025-10-12,DE,190.9141,76.1,2026
2025-10-13,DE,190.4641,75.92,2026
2025-10-14,DE,190.2227,75.82,2026
2025-10-15,DE,189.8502,75.67,2026
2025-10-16,DE,189.3715,75.48,2026
2025-10-17,DE,189.2445,75.43,2026
2025-10-18,DE,189.2667,75.44,2026
2025-10-19,DE,189.3327,75.47,2026
2025-10-20,DE,189.2633,75.44,2026
2025-10-21,DE,189.1924,75.41,2026
2025-10-22,DE,189.0758,75.37,2026
2025-10-23,DE,189.1277,75.39,2026
2025-10-24,DE,189.0014,75.34,2026
2025-10-25,DE,189.0073,75.34,2026
2025-10-26,DE,188.9945,75.33,2026
2025-10-27,DE,188.5358,75.15,2026
2025-10-28,DE,188.5342,75.15,2026
2025-10-29,DE,188.2818,75.05,2026
2025-10-30,DE,188.3028,74.97,2026
2025-10-31,DE,188.2252,74.94,2026
2025-11-01,DE,188.6759,75.13,2026
2025-11-02,DE,188.9352,75.23,2026
2025-11-03,DE,188.9506,75.24,2026
2025-11-04,DE,189.1247,75.31,2026
2025-11-05,DE,189.1609,75.32,2026
2025-11-06,DE,188.747,75.15,2026
2025-11-07,DE,188.2576,74.96,2026
2025-11-08,DE,188.0595,74.88,2026
2025-11-09,DE,187.9335,74.83,2026
2025-11-10,DE,187.4961,74.66,2026
2025-11-11,DE,187.5203,74.67,2026
2025-11-12,DE,187.6351,74.71,2026
2025-11-13,DE,187.6527,74.72,2026
2025-11-14,DE,187.5467,74.68,2026
2025-11-15,DE,187.5111,74.66,2026
2025-11-16,DE,187.3973,74.62,2026
2025-11-17,DE,186.5933,74.3,2026
2025-11-18,DE,185.0321,73.68,2026
2025-11-19,DE,183.7444,73.16,2026
2025-11-20,DE,182.0119,72.47,2026
2025-11-21,DE,180.0399,71.69,2026
2025-11-22,DE,178.6885,71.15,2026
2025-11-23,DE,177.4075,70.64,2026
2025-11-24,DE,175.7549,69.98,2026
2025-11-25,DE,173.9516,69.26,2026
2025-11-26,DE,171.9039,68.45,2026
2025-11-27,DE,170.326,67.82,2026
2025-11-28,DE,169.2775,67.4,2026
2025-11-29,DE,168.923,67.26,2026
2025-11-30,DE,168.6038,67.13,2026
2025-12-01,DE,167.6205,66.74,2026
2025-12-02,DE,166.5336,66.31,2026
2025-12-03,DE,164.7716,65.61,2026
2025-12-04,DE,163.3268,65.03,2026
2025-12-05,DE,162.0745,64.53,2026
2025-12-06,DE,161.6846,64.38,2026
2025-12-07,DE,161.6329,64.36,2026
2025-12-08,DE,161.6139,64.35,2026
2025-12-09,DE,161.4942,64.3,2026
2025-12-10,DE,161.2433,64.2,2026
2025-12-11,DE,160.5947,63.95,2026
2025-12-12,DE,159.493,63.51,2026
2025-12-13,DE,158.8221,63.24,2026
2025-12-14,DE,158.3657,63.06,2026
2025-12-15,DE,157.3343,62.65,2026
2025-12-16,DE,155.8745,62.07,2026
2025-12-17,DE,154.7253,61.61,2026
2025-12-18,DE,154.4399,61.49,2026
2025-12-19,DE,154.1121,61.36,2026
2025-12-20,DE,153.6632,61.19,2026
2025-12-21,DE,153.4518,61.1,2026
2025-12-22,DE,152.8778,60.87,2026
2025-12-23,DE,152.2448,60.62,2026
2025-12-24,DE,151.4402,60.3,2026
2025-12-25,DE,150.122,59.78,2026
2025-12-26,DE,148.5261,59.14,2026
2025-12-27,DE,147.4637,58.72,2026
2025-12-28,DE,146.3856,58.29,2026
2025-12-29,DE,144.8559,57.68,2026
2025-12-30,DE,143.446,57.12,2026
2025-12-31,DE,142.1116,56.59,2026
2026-01-01,DE,141.1181,56.19,2026
2026-01-02,DE,139.8108,55.67,2026
2026-01-03,DE,138.1909,55.02,2026
2026-01-04,DE,136.1138,54.2,2026
2026-01-05,DE,133.1356,53.01,2026
2026-01-06,DE,130.054,51.78,2026
2026-01-07,DE,126.7709,50.48,2026
2026-01-08,DE,123.5749,49.2,2026
2026-01-09,DE,121.2975,48.3,2026
2026-01-10,DE,118.8577,47.33,2026
2026-01-11,DE,116.3947,46.35,2026
2026-01-12,DE,113.784,45.31,2026
2026-01-13,DE,112.0725,44.62,2026
2026-01-14,DE,110.5026,44.0,2026
2026-01-15,DE,109.3779,43.55,2026
2026-01-16,DE,108.4229,43.17,2026
2026-01-17,DE,107.3905,42.76,2026
2026-01-18,DE,106.1946,42.28,2026
2026-01-19,DE,104.1152,41.46,2026
2026-01-20,DE,101.7587,40.52,2026
2026-01-21,DE,99.762,39.72,2026
2026-01-22,DE,97.5774,38.85,2026
2026-01-23,DE,95.6605,38.09,2026
2026-01-24,DE,94.1099,37.47,2026
2026-01-25,DE,92.3618,36.78,2026
2026-01-26,DE,90.286,35.95,2026
2026-01-27,DE,88.2311,35.13,2026
2026-01-28,DE,86.3668,34.39,2026
2026-01-29,DE,84.2598,33.55,2026
2026-01-30,DE,82.6123,32.89,2026
2026-01-31,DE,81.3521,32.39,2026
2026-02-01,DE,80.1531,31.92,2026
2026-02-02,DE,78.0288,31.07,2026
2026-02-03,DE,75.4575,30.05,2026
2026-02-04,DE,73.0263,29.08,2026
2026-02-05,DE,71.0558,28.29,2026
2026-02-06,DE,69.2193,27.56,2026
2026-02-07,DE,68.4615,27.26,2026
2026-02-08,DE,67.5135,26.88,2026
2026-02-09,DE,65.8323,26.21,2026
2026-02-10,DE,64.2784,25.59,2026
2026-02-11,DE,63.1811,25.16,2026
2026-02-12,DE,62.3669,24.83,2026
2016-01-01,FR,88.9127,65.43,2016
2016-01-02,FR,88.5402,65.16,2016
2016-01-03,FR,88.1669,64.88,2016
2016-01-04,FR,87.4111,64.33,2016
2016-01-05,FR,86.6733,63.78,2016
2016-01-06,FR,85.8287,63.16,2016
2016-01-07,FR,84.9648,62.52,2016
2016-01-08,FR,84.0103,61.82,2016
2016-01-09,FR,83.4197,61.39,2016
2016-01-10,FR,82.8697,60.98,2016
2016-01-11,FR,82.0284,60.36,2016
2016-01-12,FR,81.1448,59.71,2016
2016-01-13,FR,80.1619,58.99,2016
2016-01-14,FR,79.2427,58.31,2016
2016-01-15,FR,78.2329,57.57,2016
2016-01-16,FR,77.246,56.84,2016
2016-01-17,FR,76.2432,56.11,2016
2016-01-18,FR,74.8486,55.08,2016
2016-01-19,FR,73.5097,54.1,2016
2016-01-20,FR,72.2056,53.14,2016
2016-01-21,FR,70.8791,52.16,2016
2016-01-22,FR,69.672,51.27,2016
2016-01-23,FR,68.8688,50.68,2016
2016-01-24,FR,68.2931,50.26,2016
2016-01-25,FR,67.6134,49.76,2016
2016-01-26,FR,66.9042,49.23,2016
2016-01-27,FR,66.2933,48.78,2016
2016-01-28,FR,65.5851,48.26,2016
2016-01-29,FR,64.9003,47.76,2016
2016-01-30,FR,64.2506,47.28,2016
2016-01-31,FR,63.7063,46.88,2016
2016-02-01,FR,63.3134,46.59,2016
2016-02-02,FR,62.7554,46.18,2016
2016-02-03,FR,61.9269,47.17,2016
2016-02-04,FR,61.1006,46.54,2016
2016-02-05,FR,60.4253,46.02,2016
2016-02-06,FR,60.0073,45.71,2016
2016-02-07,FR,59.5961,45.39,2016
2016-02-08,FR,58.904,44.87,2016
2016-02-09,FR,58.0662,44.23,2016
2016-02-10,FR,57.0702,43.47,2016
2016-02-11,FR,56.1737,42.79,2016
2016-02-12,FR,55.4569,42.24,2016
2016-02-13,FR,54.9319,41.84,2016
2016-02-14,FR,54.325,41.38,2016
2016-02-15,FR,53.3741,40.65,2016
2016-02-16,FR,52.1824,39.75,2016
2016-02-17,FR,51.0198,38.86,2016
2016-02-18,FR,49.8607,37.98,2016
2016-02-19,FR,48.9518,37.29,2016
2016-02-20,FR,48.4661,36.92,2016
2016-02-21,FR,48.1864,36.7,2016
2016-02-22,FR,47.8573,36.45,2016
2016-02-23,FR,47.2172,35.96,2016
2016-02-24,FR,46.4723,35.4,2016
2016-02-25,FR,45.7197,34.82,2016
2016-02-26,FR,44.9363,34.23,2016
2016-02-27,FR,44.3999,33.82,2016
2016-02-28,FR,43.8308,33.38,2016
2016-02-29,FR,42.8395,32.63,2016
2016-03-01,FR,42.0057,31.99,2016
2016-03-02,FR,41.4624,31.58,2016
2016-03-03,FR,40.5938,30.92,2016
2016-03-04,FR,39.8278,30.34,2016
2016-03-05,FR,39.2547,29.9,2016
2016-03-06,FR,38.7999,29.55,2016
2016-03-07,FR,37.9232,28.89,2016
2016-03-08,FR,37.1046,28.26,2016
2016-03-09,FR,36.4322,27.75,2016
2016-03-10,FR,35.704,27.19,2016
2016-03-11,FR,35.1238,26.75,2016
2016-03-12,FR,34.7458,26.47,2016
2016-03-13,FR,34.391,26.19,2016
2016-03-14,FR,33.8618,25.79,2016
2016-03-15,FR,33.4416,25.47,2016
2016-03-16,FR,32.8614,25.03,2016
2016-03-17,FR,32.1778,24.51,2016
2016-03-18,FR,31.7254,24.16,2016
2016-03-19,FR,31.4627,23.96,2016
2016-03-20,FR,31.2114,23.77,2016
2016-03-21,FR,30.5699,23.28,2016
2016-03-22,FR,30.2728,23.06,2016
2016-03-23,FR,29.8821,22.76,2016
2016-03-24,FR,29.509,22.48,2016
2016-03-25,FR,29.2218,22.26,2016
2016-03-26,FR,29.1567,22.21,2016
2016-03-27,FR,29.1363,22.19,2016
2016-03-28,FR,29.0937,22.16,2016
2016-03-29,FR,28.8878,22.0,2016
2016-03-30,FR,28.6025,21.79,2016
2016-03-31,FR,28.0915,21.4,2016
2016-04-01,FR,28.1938,21.03,2016
2016-04-02,FR,28.3576,21.15,2016
2016-04-03,FR,28.6885,21.4,2016
2016-04-04,FR,28.9942,21.62,2016
2016-04-05,FR,29.2478,21.81,2016
2016-04-06,FR,29.5281,22.02,2016
2016-04-07,FR,29.7246,22.17,2016
2016-04-08,FR,29.8273,22.25,2016
2016-04-09,FR,30.0341,22.4,2016
2016-04-10,FR,30.4324,22.7,2016
2016-04-11,FR,30.6575,22.87,2016
2016-04-12,FR,30.946,23.08,2016
2016-04-13,FR,31.2239,23.29,2016
2016-04-14,FR,31.5035,23.5,2016
2016-04-15,FR,31.864,23.77,2016
2016-04-16,FR,32.2473,24.05,2016
2016-04-17,FR,32.5353,24.27,2016
2016-04-18,FR,32.5963,24.31,2016
2016-04-19,FR,32.8134,24.47,2016
2016-04-20,FR,33.0859,24.68,2016
2016-04-21,FR,33.4114,24.92,2016
2016-04-22,FR,33.7728,25.19,2016
2016-04-23,FR,34.1589,25.48,2016
2016-04-24,FR,34.3686,25.63,2016
2016-04-25,FR,34.444,25.69,2016
2016-04-26,FR,34.3434,25.61,2016
2016-04-27,FR,34.1994,25.51,2016
2016-04-28,FR,34.1192,25.45,2016
2016-04-29,FR,34.0684,25.41,2016
2016-04-30,FR,34.2716,25.56,2016
2016-05-01,FR,34.5905,25.8,2016
2016-05-02,FR,34.7427,25.91,2016
2016-05-03,FR,35.214,26.26,2016
2016-05-04,FR,35.8752,26.76,2016
2016-05-05,FR,36.728,27.39,2016
2016-05-06,FR,37.5704,28.02,2016
2016-05-07,FR,38.3937,28.64,2016
2016-05-08,FR,39.1931,29.23,2016
2016-05-09,FR,39.9476,29.79,2016
2016-05-10,FR,40.6899,30.35,2016
2016-05-11,FR,41.3958,30.87,2016
2016-05-12,FR,42.0352,31.26,2016
2016-05-13,FR,42.7377,31.78,2016
2016-05-14,FR,43.4405,32.31,2016
2016-05-15,FR,44.0937,32.79,2016
2016-05-16,FR,44.8756,33.37,2016
2016-05-17,FR,45.4017,33.76,2016
2016-05-18,FR,46.0549,34.25,2016
2016-05-19,FR,46.6402,34.69,2016
2016-05-20,FR,47.2631,35.15,2016
2016-05-21,FR,47.878,35.61,2016
2016-05-22,FR,48.5592,36.11,2016
2016-05-23,FR,49.1121,36.52,2016
2016-05-24,FR,49.4423,36.77,2016
2016-05-25,FR,49.8371,37.06,2016
2016-05-26,FR,50.3192,37.42,2016
2016-05-27,FR,50.7539,37.74,2016
2016-05-28,FR,51.3818,38.21,2016
2016-05-29,FR,51.9443,38.63,2016
2016-05-30,FR,52.0684,38.72,2016
2016-05-31,FR,51.9722,38.65,2016
2016-06-01,FR,51.9005,38.6,2016
2016-06-02,FR,51.9738,38.65,2016
2016-06-03,FR,52.2214,38.84,2016
2016-06-04,FR,52.6276,39.14,2016
2016-06-05,FR,53.1488,39.53,2016
2016-06-06,FR,53.6295,39.88,2016
2016-06-07,FR,54.0497,40.2,2016
2016-06-08,FR,54.5344,40.56,2016
2016-06-09,FR,54.8195,40.77,2016
2016-06-10,FR,55.3569,41.17,2016
2016-06-11,FR,55.9711,41.62,2016
2016-06-12,FR,56.6358,42.12,2016
2016-06-13,FR,57.0821,42.45,2016
2016-06-14,FR,57.4162,42.7,2016
2016-06-15,FR,57.8927,43.05,2016
2016-06-16,FR,58.4205,43.45,2016
2016-06-17,FR,58.9864,43.87,2016
2016-06-18,FR,59.5727,44.3,2016
2016-06-19,FR,60.1383,44.72,2016
2016-06-20,FR,60.5413,45.02,2016
2016-06-21,FR,60.8666,45.27,2016
2016-06-22,FR,61.2912,45.58,2016
2016-06-23,FR,61.7481,45.92,2016
2016-06-24,FR,62.3242,46.35,2016
2016-06-25,FR,63.0548,46.89,2016
2016-06-26,FR,63.7552,47.41,2016
2016-06-27,FR,64.4253,47.91,2016
2016-06-28,FR,65.1685,48.46,2016
2016-06-29,FR,65.912,49.02,2016
2016-06-30,FR,66.6303,49.55,2016
2016-07-01,FR,67.3557,50.09,2016
2016-07-02,FR,68.2387,50.75,2016
2016-07-03,FR,69.128,51.41,2016
2016-07-04,FR,69.5982,51.76,2016
2016-07-05,FR,70.1469,52.17,2016
2016-07-06,FR,70.4881,52.42,2016
2016-07-07,FR,70.9389,52.76,2016
2016-07-08,FR,71.7163,53.33,2016
2016-07-09,FR,72.561,53.96,2016
2016-07-10,FR,73.3546,54.55,2016
2016-07-11,FR,74.0501,55.07,2016
2016-07-12,FR,74.6849,55.54,2016
2016-07-13,FR,75.3573,56.04,2016
2016-07-14,FR,76.0448,56.55,2016
2016-07-15,FR,76.7714,57.09,2016
2016-07-16,FR,77.5347,57.66,2016
2016-07-17,FR,78.3072,58.24,2016
2016-07-18,FR,78.9285,58.7,2016
2016-07-19,FR,79.6448,59.23,2016
2016-07-20,FR,80.3568,59.76,2016
2016-07-21,FR,81.1143,60.32,2016
2016-07-22,FR,81.9112,60.92,2016
2016-07-23,FR,82.697,61.5,2016
2016-07-24,FR,83.5204,62.11,2016
2016-07-25,FR,83.9712,62.45,2016
2016-07-26,FR,84.4349,62.79,2016
2016-07-27,FR,84.8144,63.08,2016
2016-07-28,FR,85.3186,63.45,2016
2016-07-29,FR,86.0377,63.99,2016
2016-07-30,FR,86.8394,64.58,2016
2016-07-31,FR,87.6197,65.16,2016
2016-08-01,FR,88.3374,65.7,2016
2016-08-02,FR,89.0479,66.22,2016
2016-08-03,FR,89.7637,66.76,2016
2016-08-04,FR,90.4906,67.3,2016
2016-08-05,FR,91.2203,67.84,2016
2016-08-06,FR,91.9551,68.39,2016
2016-08-07,FR,92.7564,68.98,2016
2016-08-08,FR,93.4929,69.53,2016
2016-08-09,FR,94.1751,70.04,2016
2016-08-10,FR,94.8575,70.54,2016
2016-08-11,FR,95.6159,71.11,2016
2016-08-12,FR,96.4482,71.73,2016
2016-08-13,FR,97.2,72.29,2016
2016-08-14,FR,97.9581,72.85,2016
2016-08-15,FR,98.7135,73.41,2016
2016-08-16,FR,99.4053,73.93,2016
2016-08-17,FR,100.1281,74.46,2016
2016-08-18,FR,100.84,74.99,2016
2016-08-19,FR,101.5758,75.54,2016
2016-08-20,FR,102.3808,76.14,2016
2016-08-21,FR,102.9014,76.53,2016
2016-08-22,FR,103.41,76.9,2016
2016-08-23,FR,104.3246,77.58,2016
2016-08-24,FR,104.8722,77.99,2016
2016-08-25,FR,105.3345,78.34,2016
2016-08-26,FR,105.8706,78.73,2016
2016-08-27,FR,106.336,79.08,2016
2016-08-28,FR,106.9045,79.5,2016
2016-08-29,FR,107.2074,79.73,2016
2016-08-30,FR,107.5275,79.97,2016
2016-08-31,FR,107.8502,80.21,2016
2016-09-01,FR,108.3373,80.57,2016
2016-09-02,FR,108.7143,80.85,2016
2016-09-03,FR,109.3091,81.29,2016
2016-09-04,FR,109.9591,81.78,2016
2016-09-05,FR,110.2977,82.03,2016
2016-09-06,FR,110.4729,82.16,2016
2016-09-07,FR,110.8056,82.4,2016
2016-09-08,FR,111.1773,82.68,2016
2016-09-09,FR,111.5175,82.93,2016
2016-09-10,FR,111.9705,83.27,2016
2016-09-11,FR,112.4174,83.6,2016
2016-09-12,FR,112.7187,83.83,2016
2016-09-13,FR,113.0242,84.05,2016
2016-09-14,FR,113.387,84.32,2016
2016-09-15,FR,113.7995,84.63,2016
2016-09-16,FR,114.1599,84.9,2016
2016-09-17,FR,114.6505,85.26,2016
2016-09-18,FR,115.177,85.66,2016
2016-09-19,FR,115.3579,85.79,2016
2016-09-20,FR,115.5406,85.93,2016
2016-09-21,FR,115.8472,86.15,2016
2016-09-22,FR,116.1209,86.36,2016
2016-09-23,FR,116.4395,86.59,2016
2016-09-24,FR,116.877,86.92,2016
2016-09-25,FR,117.2921,87.23,2016
2016-09-26,FR,117.5732,87.44,2016
2016-09-27,FR,117.9081,87.69,2016
2016-09-28,FR,118.2282,87.92,2016
2016-09-29,FR,118.52,88.14,2016
2016-09-30,FR,118.9241,88.44,2016
2016-10-01,FR,119.2962,88.72,2017
2016-10-02,FR,119.7034,89.02,2017
2016-10-03,FR,119.9759,89.22,2017
2016-10-04,FR,120.2761,89.45,2017
2016-10-05,FR,120.5274,89.63,2017
2016-10-06,FR,120.6755,89.74,2017
2016-10-07,FR,120.6722,89.74,2017
2016-10-08,FR,120.8244,89.86,2017
2016-10-09,FR,120.9791,89.97,2017
2016-10-10,FR,121.1039,90.06,2017
2016-10-11,FR,121.1649,90.11,2017
2016-10-12,FR,121.1569,90.1,2017
2016-10-13,FR,121.2579,90.18,2017
2016-10-14,FR,121.3616,90.25,2017
2016-10-15,FR,121.5247,90.38,2017
2016-10-16,FR,121.7952,90.58,2017
2016-10-17,FR,121.9298,90.68,2017
2016-10-18,FR,122.1453,90.84,2017
2016-10-19,FR,122.1745,90.86,2017
2016-10-20,FR,122.2677,90.93,2017
2016-10-21,FR,122.2933,90.95,2017
2016-10-22,FR,122.3547,90.99,2017
2016-10-23,FR,122.4842,91.09,2017
2016-10-24,FR,122.4548,91.07,2017
2016-10-25,FR,122.4792,91.09,2017
2016-10-26,FR,122.5306,91.12,2017
2016-10-27,FR,122.428,91.05,2017
2016-10-28,FR,122.3778,91.01,2017
2016-10-29,FR,122.4444,91.06,2017
2016-10-30,FR,122.5471,91.14,2017
2016-10-31,FR,122.5434,91.13,2017
2016-11-01,FR,122.4704,91.08,2017
2016-11-02,FR,122.2006,90.88,2017
2016-11-03,FR,121.6637,90.48,2017
2016-11-04,FR,121.3564,90.25,2017
2016-11-05,FR,121.1383,90.09,2017
2016-11-06,FR,120.8361,89.86,2017
2016-11-07,FR,120.2606,89.44,2017
2016-11-08,FR,119.6025,88.95,2017
2016-11-09,FR,118.9296,88.45,2017
2016-11-10,FR,118.2945,87.97,2017
2016-11-11,FR,117.7247,87.55,2017
2016-11-12,FR,117.3339,87.26,2017
2016-11-13,FR,116.9996,87.01,2017
2016-11-14,FR,116.4711,86.62,2017
2016-11-15,FR,116.0833,86.33,2017
2016-11-16,FR,115.6826,86.03,2017
2016-11-17,FR,115.2618,85.72,2017
2016-11-18,FR,114.8815,85.44,2017
2016-11-19,FR,114.4961,85.15,2017
2016-11-20,FR,114.2707,84.98,2017
2016-11-21,FR,114.0587,84.82,2017
2016-11-22,FR,113.7676,84.61,2017
2016-11-23,FR,113.3215,84.28,2017
2016-11-24,FR,112.8252,83.91,2017
2016-11-25,FR,112.2238,83.46,2017
2016-11-26,FR,111.7378,83.1,2017
2016-11-27,FR,111.2231,82.72,2017
2016-11-28,FR,110.3652,82.08,2017
2016-11-29,FR,109.3418,81.32,2017
2016-11-30,FR,108.3363,80.57,2017
2016-12-01,FR,107.273,79.78,2017
2016-12-02,FR,106.3094,79.06,2017
2016-12-03,FR,105.4469,78.42,2017
2016-12-04,FR,104.593,77.78,2017
2016-12-05,FR,103.675,77.1,2017
2016-12-06,FR,102.8729,76.51,2017
2016-12-07,FR,102.0961,75.93,2017
2016-12-08,FR,101.2304,75.28,2017
2016-12-09,FR,100.4816,74.73,2017
2016-12-10,FR,99.8435,74.25,2017
2016-12-11,FR,99.1641,73.75,2017
2016-12-12,FR,98.147,72.99,2017
2016-12-13,FR,97.2293,72.31,2017
2016-12-14,FR,96.2825,71.6,2017
2016-12-15,FR,95.4441,70.98,2017
2016-12-16,FR,94.6718,70.41,2017
2016-12-17,FR,93.957,69.87,2017
2016-12-18,FR,93.1754,69.29,2017
2016-12-19,FR,92.1312,68.52,2017
2016-12-20,FR,91.1589,67.79,2017
2016-12-21,FR,90.3086,67.16,2017
2016-12-22,FR,89.4268,66.51,2017
2016-12-23,FR,88.7378,65.99,2017
2016-12-24,FR,88.3501,65.7,2017
2016-12-25,FR,88.1,65.52,2017
2016-12-26,FR,87.7034,65.22,2017
2016-12-27,FR,86.968,64.68,2017
2016-12-28,FR,86.1019,64.03,2017
2016-12-29,FR,85.2671,63.41,2017
2016-12-30,FR,84.4242,62.79,2017
2016-12-31,FR,83.5509,62.14,2017
2017-01-01,FR,82.5385,61.38,2017
2017-01-02,FR,81.4333,60.56,2017
2017-01-03,FR,80.1343,59.59,2017
2017-01-04,FR,78.9722,58.73,2017
2017-01-05,FR,77.6728,57.76,2017
2017-01-06,FR,76.3127,56.75,2017
2017-01-07,FR,75.1017,55.85,2017
2017-01-08,FR,74.1148,55.12,2017
2017-01-09,FR,72.9947,54.29,2017
2017-01-10,FR,71.8751,53.45,2017
2017-01-11,FR,70.7515,52.62,2017
2017-01-12,FR,69.7709,51.89,2017
2017-01-13,FR,68.7787,51.15,2017
2017-01-14,FR,67.8039,50.42,2017
2017-01-15,FR,66.8003,49.68,2017
2017-01-16,FR,65.5357,48.74,2017
2017-01-17,FR,64.1504,47.71,2017
2017-01-18,FR,62.7575,46.67,2017
2017-01-19,FR,61.3833,45.65,2017
2017-01-20,FR,60.0239,44.64,2017
2017-01-21,FR,58.8044,43.73,2017
2017-01-22,FR,57.6543,42.88,2017
2017-01-23,FR,56.3919,41.94,2017
2017-01-24,FR,55.1101,40.98,2017
2017-01-25,FR,53.8489,40.05,2017
2017-01-26,FR,52.5109,39.05,2017
2017-01-27,FR,51.4867,38.29,2017
2017-01-28,FR,50.861,37.82,2017
2017-01-29,FR,50.2719,37.39,2017
2017-01-30,FR,49.4983,36.81,2017
2017-01-31,FR,48.7065,36.22,2017
2017-02-01,FR,48.0878,35.76,2017
2017-02-02,FR,47.6456,35.43,2017
2017-02-03,FR,47.2226,35.12,2017
2017-02-04,FR,46.8273,34.82,2017
2017-02-05,FR,46.3366,34.46,2017
2017-02-06,FR,45.4879,33.83,2017
2017-02-07,FR,44.7606,33.29,2017
2017-02-08,FR,43.9343,32.67,2017
2017-02-09,FR,43.0552,32.02,2017
2017-02-10,FR,42.0957,31.31,2017
2017-02-11,FR,41.4009,30.79,2017
2017-02-12,FR,40.9873,30.48,2017
2017-02-13,FR,40.3934,30.04,2017
2017-02-14,FR,39.9021,29.67,2017
2017-02-15,FR,39.4498,29.34,2017
2017-02-16,FR,39.0475,29.04,2017
2017-02-17,FR,38.581,28.69,2017
2017-02-18,FR,38.2106,28.42,2017
2017-02-19,FR,37.8014,28.11,2017
2017-02-20,FR,37.3871,27.8,2017
2017-02-21,FR,37.0705,27.57,2017
2017-02-22,FR,36.795,27.36,2017
2017-02-23,FR,36.367,27.05,2017
2017-02-24,FR,35.8348,26.65,2017
2017-02-25,FR,35.3692,26.3,2017
2017-02-26,FR,35.1028,26.11,2017
2017-02-27,FR,34.8399,25.91,2017
2017-02-28,FR,34.2934,25.5,2017
2017-03-01,FR,33.8116,25.15,2017
2017-03-02,FR,33.4881,24.9,2017
2017-03-03,FR,33.2114,24.7,2017
2017-03-04,FR,32.9703,24.52,2017
2017-03-05,FR,32.6785,24.3,2017
2017-03-06,FR,32.1162,23.88,2017
2017-03-07,FR,31.5961,23.5,2017
2017-03-08,FR,31.3055,23.28,2017
2017-03-09,FR,31.0644,23.1,2017
2017-03-10,FR,30.9375,23.01,2017
2017-03-11,FR,30.8861,22.97,2017
2017-03-12,FR,30.8545,22.95,2017
2017-03-13,FR,30.515,22.69,2017
2017-03-14,FR,30.1847,22.45,2017
2017-03-15,FR,29.9815,22.3,2017
2017-03-16,FR,29.8134,22.17,2017
2017-03-17,FR,29.6528,22.05,2017
2017-03-18,FR,29.5787,22.0,2017
2017-03-19,FR,29.4773,21.92,2017
2017-03-20,FR,29.2638,21.76,2017
2017-03-21,FR,28.8909,21.49,2017
2017-03-22,FR,28.4773,21.18,2017
2017-03-23,FR,28.1322,20.92,2017
2017-03-24,FR,27.8417,20.71,2017
2017-03-25,FR,27.6868,20.59,2017
2017-03-26,FR,27.5941,20.52,2017
2017-03-27,FR,27.3117,20.31,2017
2017-03-28,FR,27.0779,20.14,2017
2017-03-29,FR,26.9546,20.05,2017
2017-03-30,FR,26.869,19.98,2017
2017-03-31,FR,26.7244,19.87,2017
2017-04-01,FR,27.0935,20.07,2017
2017-04-02,FR,27.4168,20.31,2017
2017-04-03,FR,27.6994,20.52,2017
2017-04-04,FR,28.0113,20.75,2017
2017-04-05,FR,28.2633,20.94,2017
2017-04-06,FR,28.502,21.12,2017
2017-04-07,FR,28.8415,21.37,2017
2017-04-08,FR,29.2948,21.71,2017
2017-04-09,FR,29.8851,22.14,2017
2017-04-10,FR,30.3118,22.46,2017
2017-04-11,FR,30.7153,22.76,2017
2017-04-12,FR,31.1886,23.11,2017
2017-04-13,FR,31.5995,23.41,2017
2017-04-14,FR,31.8887,23.63,2017
2017-04-15,FR,32.1803,23.84,2017
2017-04-16,FR,32.2984,23.93,2017
2017-04-17,FR,32.5715,24.13,2017
2017-04-18,FR,33.3302,24.7,2017
2017-04-19,FR,33.3365,24.7,2017
2017-04-20,FR,33.2812,24.66,2017
2017-04-21,FR,33.4057,24.75,2017
2017-04-22,FR,33.8007,25.04,2017
2017-04-23,FR,34.108,25.27,2017
2017-04-24,FR,34.3286,25.44,2017
2017-04-25,FR,34.5326,25.59,2017
2017-04-26,FR,34.4768,25.55,2017
2017-04-27,FR,34.3325,25.44,2017
2017-04-28,FR,34.3438,25.45,2017
2017-04-29,FR,34.6512,25.67,2017
2017-04-30,FR,34.9796,25.92,2017
2017-05-01,FR,35.343,26.19,2017
2017-05-02,FR,35.4754,26.29,2017
2017-05-03,FR,35.7162,26.46,2017
2017-05-04,FR,35.9497,26.64,2017
2017-05-05,FR,36.2503,26.86,2017
2017-05-06,FR,36.5749,27.1,2017
2017-05-07,FR,36.8759,27.32,2017
2017-05-08,FR,37.0678,27.46,2017
2017-05-09,FR,37.263,27.61,2017
2017-05-10,FR,37.5524,27.82,2017
2017-05-11,FR,37.8984,28.08,2017
2017-05-12,FR,38.336,28.4,2017
2017-05-13,FR,38.7848,28.74,2017
2017-05-14,FR,39.2662,29.09,2017
2017-05-15,FR,39.6337,29.37,2017
2017-05-16,FR,40.0344,29.66,2017
2017-05-17,FR,40.4952,30.0,2017
2017-05-18,FR,40.8982,30.3,2017
2017-05-19,FR,41.3757,30.66,2017
2017-05-20,FR,41.9796,31.1,2017
2017-05-21,FR,42.628,31.58,2017
2017-05-22,FR,43.1588,31.98,2017
2017-05-23,FR,43.7066,32.38,2017
2017-05-24,FR,44.3076,32.83,2017
2017-05-25,FR,44.9703,33.32,2017
2017-05-26,FR,45.6209,33.8,2017
2017-05-27,FR,46.2431,34.26,2017
2017-05-28,FR,46.8432,34.71,2017
2017-05-29,FR,47.2641,35.02,2017
2017-05-30,FR,47.655,35.31,2017
2017-05-31,FR,48.1236,35.66,2017
2017-06-01,FR,48.6075,36.02,2017
2017-06-02,FR,49.1876,36.44,2017
2017-06-03,FR,49.7266,36.84,2017
2017-06-04,FR,50.2487,37.23,2017
2017-06-05,FR,50.778,37.62,2017
2017-06-06,FR,51.2877,38.0,2017
2017-06-07,FR,51.7115,38.32,2017
2017-06-08,FR,52.1662,38.65,2017
2017-06-09,FR,52.6363,39.0,2017
2017-06-10,FR,53.0868,39.33,2017
2017-06-11,FR,53.5898,39.71,2017
2017-06-12,FR,53.9836,40.0,2017
2017-06-13,FR,54.3351,40.26,2017
2017-06-14,FR,54.4896,40.37,2017
2017-06-15,FR,54.7476,40.56,2017
2017-06-16,FR,55.1391,40.85,2017
2017-06-17,FR,55.5559,41.16,2017
2017-06-18,FR,55.9735,41.47,2017
2017-06-19,FR,56.0845,41.56,2017
2017-06-20,FR,56.1464,41.6,2017
2017-06-21,FR,56.1785,41.62,2017
2017-06-22,FR,56.2646,41.69,2017
2017-06-23,FR,56.4588,41.83,2017
2017-06-24,FR,56.8917,42.15,2017
2017-06-25,FR,57.2958,42.45,2017
2017-06-26,FR,57.4906,42.6,2017
2017-06-27,FR,57.7335,42.78,2017
2017-06-28,FR,57.9625,42.95,2017
2017-06-29,FR,58.2757,43.18,2017
2017-06-30,FR,58.6334,43.44,2017
2017-07-01,FR,59.176,43.85,2017
2017-07-02,FR,59.7246,44.25,2017
2017-07-03,FR,60.1833,44.59,2017
2017-07-04,FR,60.5758,44.88,2017
2017-07-05,FR,61.0445,45.23,2017
2017-07-06,FR,61.4429,45.53,2017
2017-07-07,FR,61.8461,45.82,2017
2017-07-08,FR,62.377,46.22,2017
2017-07-09,FR,62.8891,46.6,2017
2017-07-10,FR,63.3512,46.94,2017
2017-07-11,FR,63.9153,47.36,2017
2017-07-12,FR,64.4932,47.79,2017
2017-07-13,FR,65.0316,48.18,2017
2017-07-14,FR,65.6359,48.63,2017
2017-07-15,FR,66.2324,49.07,2017
2017-07-16,FR,66.8667,49.54,2017
2017-07-17,FR,67.1504,49.75,2017
2017-07-18,FR,67.4502,49.98,2017
2017-07-19,FR,67.4528,49.98,2017
2017-07-20,FR,68.9826,51.11,2017
2017-07-21,FR,69.5877,51.56,2017
2017-07-22,FR,70.245,52.05,2017
2017-07-23,FR,70.9089,52.54,2017
2017-07-24,FR,71.4263,52.92,2017
2017-07-25,FR,72.0244,53.37,2017
2017-07-26,FR,72.5754,53.77,2017
2017-07-27,FR,73.121,54.18,2017
2017-07-28,FR,73.7916,54.67,2017
2017-07-29,FR,74.4704,55.18,2017
2017-07-30,FR,75.1938,55.71,2017
2017-07-31,FR,75.8284,56.18,2017
2017-08-01,FR,76.3553,56.57,2017
2017-08-02,FR,76.8567,56.95,2017
2017-08-03,FR,77.4778,57.41,2017
2017-08-04,FR,78.0503,57.83,2017
2017-08-05,FR,78.6759,58.29,2017
2017-08-06,FR,79.3071,58.76,2017
2017-08-07,FR,79.8915,59.19,2017
2017-08-08,FR,80.3597,59.54,2017
2017-08-09,FR,80.8974,59.94,2017
2017-08-10,FR,81.307,60.24,2017
2017-08-11,FR,81.9287,60.7,2017
2017-08-12,FR,82.5367,61.15,2017
2017-08-13,FR,83.1483,61.61,2017
2017-08-14,FR,83.6984,62.02,2017
2017-08-15,FR,84.28,62.45,2017
2017-08-16,FR,84.8095,62.84,2017
2017-08-17,FR,85.4494,63.31,2017
2017-08-18,FR,86.0408,63.75,2017
2017-08-19,FR,86.6231,64.18,2017
2017-08-20,FR,87.1861,64.6,2017
2017-08-21,FR,87.7132,64.99,2017
2017-08-22,FR,88.2877,65.42,2017
2017-08-23,FR,88.8623,65.84,2017
2017-08-24,FR,89.4142,66.25,2017
2017-08-25,FR,90.0208,66.7,2017
2017-08-26,FR,90.6331,67.15,2017
2017-08-27,FR,91.2566,67.62,2017
2017-08-28,FR,91.7559,67.99,2017
2017-08-29,FR,92.301,68.39,2017
2017-08-30,FR,92.8735,68.81,2017
2017-08-31,FR,93.4353,69.23,2017
2017-09-01,FR,93.7033,69.43,2017
2017-09-02,FR,94.0897,69.71,2017
2017-09-03,FR,94.5046,70.02,2017
2017-09-04,FR,94.7297,70.19,2017
2017-09-05,FR,94.8058,70.25,2017
2017-09-06,FR,95.0682,70.44,2017
2017-09-07,FR,95.4563,70.73,2017
2017-09-08,FR,95.7217,70.92,2017
2017-09-09,FR,95.9457,71.09,2017
2017-09-10,FR,96.2064,71.28,2017
2017-09-11,FR,96.3077,71.36,2017
2017-09-12,FR,96.4359,71.45,2017
2017-09-13,FR,96.6202,71.59,2017
2017-09-14,FR,96.6739,71.63,2017
2017-09-15,FR,96.6278,71.6,2017
2017-09-16,FR,96.7993,71.72,2017
2017-09-17,FR,96.9403,71.83,2017
2017-09-18,FR,96.8586,71.77,2017
2017-09-19,FR,96.8881,71.79,2017
2017-09-20,FR,96.9722,71.85,2017
2017-09-21,FR,97.0424,71.9,2017
2017-09-22,FR,97.0731,71.93,2017
2017-09-23,FR,97.2797,72.08,2017
2017-09-24,FR,97.5325,72.27,2017
2017-09-25,FR,97.4958,72.24,2017
2017-09-26,FR,97.5897,72.31,2017
2017-09-27,FR,97.7348,72.42,2017
2017-09-28,FR,97.9134,72.55,2017
2017-09-29,FR,98.1797,72.75,2017
2017-09-30,FR,98.5678,73.03,2017
2017-10-01,FR,98.8286,73.23,2018
2017-10-02,FR,99.0297,73.37,2018
2017-10-03,FR,99.248,73.54,2018
2017-10-04,FR,99.4198,73.66,2018
2017-10-05,FR,99.5022,73.72,2018
2017-10-06,FR,99.702,73.87,2018
2017-10-07,FR,99.9583,74.06,2018
2017-10-08,FR,100.2466,74.28,2018
2017-10-09,FR,100.2548,74.28,2018
2017-10-10,FR,100.2612,74.29,2018
2017-10-11,FR,100.3486,74.35,2018
2017-10-12,FR,100.3279,74.34,2018
2017-10-13,FR,100.2526,74.28,2018
2017-10-14,FR,100.4509,74.43,2018
2017-10-15,FR,100.6969,74.61,2018
2017-10-16,FR,100.8563,74.73,2018
2017-10-17,FR,101.0111,74.84,2018
2017-10-18,FR,101.0333,74.86,2018
2017-10-19,FR,101.0253,74.85,2018
2017-10-20,FR,101.1419,74.94,2018
2017-10-21,FR,101.2923,75.05,2018
2017-10-22,FR,101.371,75.11,2018
2017-10-23,FR,101.267,75.03,2018
2017-10-24,FR,101.2487,75.02,2018
2017-10-25,FR,101.332,75.08,2018
2017-10-26,FR,101.307,75.06,2018
2017-10-27,FR,101.3377,75.08,2018
2017-10-28,FR,101.3945,75.13,2018
2017-10-29,FR,101.4854,75.19,2018
2017-10-30,FR,101.3424,75.09,2018
2017-10-31,FR,101.1077,74.91,2018
2017-11-01,FR,101.006,74.84,2018
2017-11-02,FR,100.8412,74.72,2018
2017-11-03,FR,100.7739,74.67,2018
2017-11-04,FR,100.7366,74.64,2018
2017-11-05,FR,100.5963,74.54,2018
2017-11-06,FR,100.3102,74.32,2018
2017-11-07,FR,99.8418,73.98,2018
2017-11-08,FR,99.4356,73.68,2018
2017-11-09,FR,99.0801,73.41,2018
2017-11-10,FR,98.738,73.16,2018
2017-11-11,FR,98.5577,73.03,2018
2017-11-12,FR,98.3367,72.86,2018
2017-11-13,FR,97.822,72.48,2018
2017-11-14,FR,97.1658,71.99,2018
2017-11-15,FR,96.54,71.53,2018
2017-11-16,FR,95.9668,71.11,2018
2017-11-17,FR,95.4298,70.71,2018
2017-11-18,FR,95.0132,70.4,2018
2017-11-19,FR,94.5506,70.06,2018
2017-11-20,FR,94.0195,69.66,2018
2017-11-21,FR,93.5877,69.34,2018
2017-11-22,FR,93.2581,69.1,2018
2017-11-23,FR,92.9656,68.88,2018
2017-11-24,FR,92.6692,68.66,2018
2017-11-25,FR,92.4,68.46,2018
2017-11-26,FR,91.9803,68.15,2018
2017-11-27,FR,91.2446,67.61,2018
2017-11-28,FR,90.5471,67.09,2018
2017-11-29,FR,89.7343,66.49,2018
2017-11-30,FR,88.8866,65.86,2018
2017-12-01,FR,88.0233,65.22,2018
2017-12-02,FR,87.2053,64.61,2018
2017-12-03,FR,86.3975,64.02,2018
2017-12-04,FR,85.5037,63.35,2018
2017-12-05,FR,84.7503,62.79,2018
2017-12-06,FR,83.8888,62.16,2018
2017-12-07,FR,82.9977,61.5,2018
2017-12-08,FR,82.2775,60.96,2018
2017-12-09,FR,81.4757,60.37,2018
2017-12-10,FR,80.927,59.96,2018
2017-12-11,FR,80.225,59.44,2018
2017-12-12,FR,79.294,58.75,2018
2017-12-13,FR,78.4754,58.15,2018
2017-12-14,FR,77.8289,57.67,2018
2017-12-15,FR,77.0897,57.12,2018
2017-12-16,FR,76.6033,56.76,2018
2017-12-17,FR,76.0899,56.38,2018
2017-12-18,FR,75.3554,55.83,2018
2017-12-19,FR,74.5586,55.24,2018
2017-12-20,FR,73.8635,54.73,2018
2017-12-21,FR,73.2804,54.3,2018
2017-12-22,FR,72.8091,53.95,2018
2017-12-23,FR,72.548,53.75,2018
2017-12-24,FR,72.258,53.54,2018
2017-12-25,FR,71.9178,53.29,2018
2017-12-26,FR,71.4723,52.96,2018
2017-12-27,FR,71.0074,52.61,2018
2017-12-28,FR,70.3242,52.11,2018
2017-12-29,FR,69.7706,51.7,2018
2017-12-30,FR,69.608,51.58,2018
2017-12-31,FR,69.444,51.45,2018
2018-01-01,FR,69.1873,51.26,2018
2018-01-02,FR,68.7352,50.93,2018
2018-01-03,FR,68.2465,50.57,2018
2018-01-04,FR,67.8239,50.25,2018
2018-01-05,FR,67.3495,49.9,2018
2018-01-06,FR,66.9065,49.57,2018
2018-01-07,FR,66.3521,49.16,2018
2018-01-08,FR,65.4919,48.53,2018
2018-01-09,FR,64.6107,47.87,2018
2018-01-10,FR,63.8013,47.27,2018
2018-01-11,FR,63.0182,46.69,2018
2018-01-12,FR,62.1495,46.05,2018
2018-01-13,FR,61.3496,45.46,2018
2018-01-14,FR,60.6423,44.93,2018
2018-01-15,FR,59.8183,44.32,2018
2018-01-16,FR,58.9942,43.71,2018
2018-01-17,FR,58.0661,43.02,2018
2018-01-18,FR,57.1759,42.36,2018
2018-01-19,FR,56.2563,41.68,2018
2018-01-20,FR,55.5172,41.13,2018
2018-01-21,FR,54.7706,40.58,2018
2018-01-22,FR,53.8974,39.93,2018
2018-01-23,FR,53.0818,39.33,2018
2018-01-24,FR,52.3818,38.81,2018
2018-01-25,FR,51.5168,38.17,2018
2018-01-26,FR,50.5858,37.48,2018
2018-01-27,FR,49.8134,36.91,2018
2018-01-28,FR,49.1344,36.41,2018
2018-01-29,FR,48.2959,35.78,2018
2018-01-30,FR,47.4959,35.19,2018
2018-01-31,FR,46.6736,34.58,2018
2018-02-01,FR,45.6642,33.83,2018
2018-02-02,FR,44.5849,33.03,2018
2018-02-03,FR,43.612,32.31,2018
2018-02-04,FR,42.6734,31.62,2018
2018-02-05,FR,41.5248,30.77,2018
2018-02-06,FR,40.3772,29.92,2018
2018-02-07,FR,39.2867,29.11,2018
2018-02-08,FR,38.0701,28.21,2018
2018-02-09,FR,37.0981,27.49,2018
2018-02-10,FR,36.3595,26.94,2018
2018-02-11,FR,35.7129,26.46,2018
2018-02-12,FR,34.7669,25.76,2018
2018-02-13,FR,33.6973,24.97,2018
2018-02-14,FR,32.7814,24.29,2018
2018-02-15,FR,31.9904,23.7,2018
2018-02-16,FR,31.331,23.21,2018
2018-02-17,FR,30.6405,22.7,2018
2018-02-18,FR,29.9234,22.17,2018
2018-02-19,FR,28.8969,21.41,2018
2018-02-20,FR,28.16,20.86,2018
2018-02-21,FR,27.2766,20.21,2018
2018-02-22,FR,26.2598,19.46,2018
2018-02-23,FR,25.0743,18.58,2018
2018-02-24,FR,24.2143,17.94,2018
2018-02-25,FR,23.3109,17.27,2018
2018-02-26,FR,22.0699,16.35,2018
2018-02-27,FR,20.8114,15.42,2018
2018-02-28,FR,19.5085,14.45,2018
2018-03-01,FR,18.2439,13.52,2018
2018-03-02,FR,17.0868,12.66,2018
2018-03-03,FR,16.3194,12.09,2018
2018-03-04,FR,15.6686,11.61,2018
2018-03-05,FR,14.9264,11.06,2018
2018-03-06,FR,14.1873,10.51,2018
2018-03-07,FR,13.4484,9.96,2018
2018-03-08,FR,12.7491,9.45,2018
2018-03-09,FR,12.3778,9.17,2018
2018-03-10,FR,12.1999,9.04,2018
2018-03-11,FR,12.059,8.93,2018
2018-03-12,FR,11.6904,8.66,2018
2018-03-13,FR,11.2874,8.36,2018
2018-03-14,FR,10.7883,7.99,2018
2018-03-15,FR,10.3236,7.65,2018
2018-03-16,FR,9.8102,7.27,2018
2018-03-17,FR,9.385,6.95,2018
2018-03-18,FR,8.7773,6.5,2018
2018-03-19,FR,7.9641,5.9,2018
2018-03-20,FR,7.1426,5.29,2018
2018-03-21,FR,6.4404,4.77,2018
2018-03-22,FR,5.8164,4.31,2018
2018-03-23,FR,5.237,3.88,2018
2018-03-24,FR,5.061,3.75,2018
2018-03-25,FR,4.9965,3.7,2018
2018-03-26,FR,4.7511,3.52,2018
2018-03-27,FR,4.485,3.32,2018
2018-03-28,FR,4.2621,3.16,2018
2018-03-29,FR,4.0997,3.04,2018
2018-03-30,FR,4.0058,2.97,2018
2018-03-31,FR,3.9198,2.9,2018
2018-04-01,FR,3.8412,2.85,2018
2018-04-02,FR,3.8038,2.82,2018
2018-04-03,FR,3.8018,2.82,2018
2018-04-04,FR,3.8337,2.88,2018
2018-04-05,FR,3.7927,2.85,2018
2018-04-06,FR,3.925,2.95,2018
2018-04-07,FR,4.1483,3.12,2018
2018-04-08,FR,4.4058,3.31,2018
2018-04-09,FR,4.3665,3.28,2018
2018-04-10,FR,4.3549,3.27,2018
2018-04-11,FR,4.4008,3.31,2018
2018-04-12,FR,4.4068,3.31,2018
2018-04-13,FR,4.4868,3.37,2018
2018-04-14,FR,4.5915,3.45,2018
2018-04-15,FR,5.0516,3.8,2018
2018-04-16,FR,5.307,3.99,2018
2018-04-17,FR,5.7493,4.32,2018
2018-04-18,FR,6.2718,4.72,2018
2018-04-19,FR,6.8649,5.16,2018
2018-04-20,FR,7.4693,5.62,2018
2018-04-21,FR,8.1416,6.12,2018
2018-04-22,FR,8.8209,6.63,2018
2018-04-23,FR,9.3801,7.05,2018
2018-04-24,FR,9.999,7.52,2018
2018-04-25,FR,10.6069,7.97,2018
2018-04-26,FR,11.2137,8.43,2018
2018-04-27,FR,11.8465,8.91,2018
2018-04-28,FR,12.5,9.4,2018
2018-04-29,FR,13.1056,9.85,2018
2018-04-30,FR,13.4951,10.15,2018
2018-05-01,FR,14.0366,10.55,2018
2018-05-02,FR,14.5478,10.94,2018
2018-05-03,FR,15.0436,11.31,2018
2018-05-04,FR,15.6271,11.75,2018
2018-05-05,FR,16.3725,12.31,2018
2018-05-06,FR,17.1526,12.9,2018
2018-05-07,FR,17.9013,13.46,2018
2018-05-08,FR,18.593,13.98,2018
2018-05-09,FR,19.194,14.43,2018
2018-05-10,FR,19.957,15.0,2018
2018-05-11,FR,20.6973,15.56,2018
2018-05-12,FR,21.5056,16.17,2018
2018-05-13,FR,22.175,16.67,2018
2018-05-14,FR,22.7147,17.08,2018
2018-05-15,FR,23.283,17.5,2018
2018-05-16,FR,23.907,17.97,2018
2018-05-17,FR,24.5526,18.46,2018
2018-05-18,FR,25.2038,18.95,2018
2018-05-19,FR,26.07,19.6,2018
2018-05-20,FR,27.0226,20.32,2018
2018-05-21,FR,27.9505,21.01,2018
2018-05-22,FR,28.6474,21.54,2018
2018-05-23,FR,29.1608,21.92,2018
2018-05-24,FR,29.5694,22.23,2018
2018-05-25,FR,30.2499,22.74,2018
2018-05-26,FR,31.0415,23.34,2018
2018-05-27,FR,31.8161,23.92,2018
2018-05-28,FR,32.3861,24.35,2018
2018-05-29,FR,33.0295,24.83,2018
2018-05-30,FR,33.5769,25.24,2018
2018-05-31,FR,34.1503,25.67,2018
2018-06-01,FR,34.7744,26.14,2018
2018-06-02,FR,35.6769,26.82,2018
2018-06-03,FR,36.5529,27.48,2018
2018-06-04,FR,37.2343,27.99,2018
2018-06-05,FR,37.9108,28.5,2018
2018-06-06,FR,38.5443,28.98,2018
2018-06-07,FR,39.2048,29.47,2018
2018-06-08,FR,39.8758,29.98,2018
2018-06-09,FR,40.7131,30.61,2018
2018-06-10,FR,41.5944,31.27,2018
2018-06-11,FR,42.2248,31.74,2018
2018-06-12,FR,42.9429,32.28,2018
2018-06-13,FR,43.6612,32.82,2018
2018-06-14,FR,44.3835,33.37,2018
2018-06-15,FR,44.8238,33.7,2018
2018-06-16,FR,45.5709,34.26,2018
2018-06-17,FR,46.3432,34.84,2018
2018-06-18,FR,46.8829,35.25,2018
2018-06-19,FR,47.4862,35.7,2018
2018-06-20,FR,48.1463,36.2,2018
2018-06-21,FR,48.8149,36.7,2018
2018-06-22,FR,49.4809,37.2,2018
2018-06-23,FR,50.1924,37.73,2018
2018-06-24,FR,50.9055,38.27,2018
2018-06-25,FR,51.4301,38.67,2018
2018-06-26,FR,51.9257,39.04,2018
2018-06-27,FR,52.4154,39.41,2018
2018-06-28,FR,52.9713,39.82,2018
2018-06-29,FR,53.5092,40.23,2018
2018-06-30,FR,54.1442,40.71,2018
2018-07-01,FR,54.711,41.13,2018
2018-07-02,FR,55.1738,41.48,2018
2018-07-03,FR,55.6534,41.84,2018
2018-07-04,FR,56.139,42.21,2018
2018-07-05,FR,56.6082,42.56,2018
2018-07-06,FR,57.1446,42.96,2018
2018-07-07,FR,58.0008,43.6,2018
2018-07-08,FR,58.8575,44.25,2018
2018-07-09,FR,59.6224,44.82,2018
2018-07-10,FR,60.3961,45.41,2018
2018-07-11,FR,61.1816,46.0,2018
2018-07-12,FR,62.0447,46.65,2018
2018-07-13,FR,62.9238,47.31,2018
2018-07-14,FR,63.8647,48.01,2018
2018-07-15,FR,64.7803,48.7,2018
2018-07-16,FR,65.5814,49.3,2018
2018-07-17,FR,66.4256,49.94,2018
2018-07-18,FR,67.3072,50.6,2018
2018-07-19,FR,68.0274,51.14,2018
2018-07-20,FR,68.8111,51.73,2018
2018-07-21,FR,69.7804,52.46,2018
2018-07-22,FR,70.737,53.18,2018
2018-07-23,FR,71.5757,53.81,2018
2018-07-24,FR,72.4189,54.44,2018
2018-07-25,FR,73.3016,55.11,2018
2018-07-26,FR,74.1666,55.76,2018
2018-07-27,FR,75.0523,56.42,2018
2018-07-28,FR,75.9907,57.13,2018
2018-07-29,FR,76.9777,57.87,2018
2018-07-30,FR,77.8547,58.53,2018
2018-07-31,FR,78.7081,59.17,2018
2018-08-01,FR,79.5476,59.8,2018
2018-08-02,FR,80.4164,60.46,2018
2018-08-03,FR,81.1777,61.03,2018
2018-08-04,FR,82.0655,61.7,2018
2018-08-05,FR,82.9575,62.37,2018
2018-08-06,FR,83.7452,62.96,2018
2018-08-07,FR,84.4912,63.52,2018
2018-08-08,FR,85.2803,64.11,2018
2018-08-09,FR,86.0904,64.72,2018
2018-08-10,FR,86.8972,65.33,2018
2018-08-11,FR,87.7005,65.93,2018
2018-08-12,FR,88.5022,66.54,2018
2018-08-13,FR,89.2241,67.08,2018
2018-08-14,FR,90.016,67.67,2018
2018-08-15,FR,90.8208,68.28,2018
2018-08-16,FR,91.569,68.84,2018
2018-08-17,FR,92.3497,69.43,2018
2018-08-18,FR,93.1651,70.04,2018
2018-08-19,FR,94.005,70.67,2018
2018-08-20,FR,94.6163,71.13,2018
2018-08-21,FR,95.2671,71.62,2018
2018-08-22,FR,95.8437,72.06,2018
2018-08-23,FR,96.4295,72.5,2018
2018-08-24,FR,97.0596,72.97,2018
2018-08-25,FR,97.7177,73.46,2018
2018-08-26,FR,98.3811,73.96,2018
2018-08-27,FR,98.7193,74.22,2018
2018-08-28,FR,99.0955,74.5,2018
2018-08-29,FR,99.7142,74.97,2018
2018-08-30,FR,100.2954,75.4,2018
2018-08-31,FR,100.9221,75.87,2018
2018-09-01,FR,101.6069,76.39,2018
2018-09-02,FR,102.2776,76.89,2018
2018-09-03,FR,102.8121,77.29,2018
2018-09-04,FR,103.3486,77.7,2018
2018-09-05,FR,103.8572,78.08,2018
2018-09-06,FR,104.3906,78.48,2018
2018-09-07,FR,105.0017,78.94,2018
2018-09-08,FR,105.6824,79.45,2018
2018-09-09,FR,106.3618,79.96,2018
2018-09-10,FR,106.9567,80.41,2018
2018-09-11,FR,107.4487,80.78,2018
2018-09-12,FR,107.7168,80.98,2018
2018-09-13,FR,107.2076,80.6,2018
2018-09-14,FR,108.7914,81.79,2018
2018-09-15,FR,109.5389,82.35,2018
2018-09-16,FR,110.2582,82.89,2018
2018-09-17,FR,110.7404,83.25,2018
2018-09-18,FR,111.2909,83.67,2018
2018-09-19,FR,111.8569,84.09,2018
2018-09-20,FR,112.1508,84.31,2018
2018-09-21,FR,112.9376,84.91,2018
2018-09-22,FR,113.5385,85.36,2018
2018-09-23,FR,114.174,85.84,2018
2018-09-24,FR,114.596,86.15,2018
2018-09-25,FR,115.0268,86.48,2018
2018-09-26,FR,115.416,86.77,2018
2018-09-27,FR,115.82,87.07,2018
2018-09-28,FR,116.2818,87.42,2018
2018-09-29,FR,116.8579,87.85,2018
2018-09-30,FR,117.4294,88.28,2018
2018-10-01,FR,117.7886,88.55,2019
2018-10-02,FR,118.0998,88.79,2019
2018-10-03,FR,118.4305,89.04,2019
2018-10-04,FR,118.7411,89.27,2019
2018-10-05,FR,119.156,89.58,2019
2018-10-06,FR,119.7328,90.02,2019
2018-10-07,FR,120.2495,90.4,2019
2018-10-08,FR,120.6209,90.68,2019
2018-10-09,FR,120.9467,90.93,2019
2018-10-10,FR,121.3803,91.25,2019
2018-10-11,FR,121.7354,91.52,2019
2018-10-12,FR,122.0729,91.77,2019
2018-10-13,FR,122.5373,92.12,2019
2018-10-14,FR,123.0618,92.52,2019
2018-10-15,FR,123.3674,92.75,2019
2018-10-16,FR,123.6364,92.95,2019
2018-10-17,FR,123.8818,93.13,2019
2018-10-18,FR,124.0306,93.25,2019
2018-10-19,FR,124.158,93.34,2019
2018-10-20,FR,124.554,93.64,2019
2018-10-21,FR,124.9204,93.92,2019
2018-10-22,FR,125.0532,94.01,2019
2018-10-23,FR,125.2784,94.18,2019
2018-10-24,FR,125.3289,94.22,2019
2018-10-25,FR,125.4322,94.3,2019
2018-10-26,FR,125.4785,94.33,2019
2018-10-27,FR,125.5097,94.36,2019
2018-10-28,FR,125.3827,94.26,2019
2018-10-29,FR,124.7683,93.8,2019
2018-10-30,FR,124.2599,93.42,2019
2018-10-31,FR,123.8662,93.12,2019
2018-11-01,FR,123.8046,93.08,2019
2018-11-02,FR,123.7474,93.03,2019
2018-11-03,FR,123.6848,92.99,2019
2018-11-04,FR,123.7259,93.02,2019
2018-11-05,FR,123.791,93.07,2019
2018-11-06,FR,124.0788,93.28,2019
2018-11-07,FR,124.0311,93.25,2019
2018-11-08,FR,123.5122,92.86,2019
2018-11-09,FR,123.5052,92.85,2019
2018-11-10,FR,123.7418,93.03,2019
2018-11-11,FR,124.0113,93.23,2019
2018-11-12,FR,123.905,93.15,2019
2018-11-13,FR,123.8286,93.09,2019
2018-11-14,FR,123.7032,93.0,2019
2018-11-15,FR,123.411,92.78,2019
2018-11-16,FR,123.0438,92.5,2019
2018-11-17,FR,122.8819,92.38,2019
2018-11-18,FR,122.6474,92.21,2019
2018-11-19,FR,121.9328,91.67,2019
2018-11-20,FR,120.8267,90.84,2019
2018-11-21,FR,119.755,90.03,2019
2018-11-22,FR,118.5709,89.14,2019
2018-11-23,FR,117.5283,88.36,2019
2018-11-24,FR,116.9902,87.95,2019
2018-11-25,FR,116.415,87.52,2019
2018-11-26,FR,115.5255,86.85,2019
2018-11-27,FR,114.6492,86.19,2019
2018-11-28,FR,113.9446,85.66,2019
2018-11-29,FR,113.4982,85.33,2019
2018-11-30,FR,112.9753,84.93,2019
2018-12-01,FR,112.7695,84.78,2019
2018-12-02,FR,112.8364,84.83,2019
2018-12-03,FR,112.6537,84.69,2019
2018-12-04,FR,112.3999,84.5,2019
2018-12-05,FR,112.0165,84.21,2019
2018-12-06,FR,111.6048,83.9,2019
2018-12-07,FR,111.192,83.59,2019
2018-12-08,FR,110.887,83.36,2019
2018-12-09,FR,110.4784,83.06,2019
2018-12-10,FR,109.3816,82.23,2019
2018-12-11,FR,108.3091,81.43,2019
2018-12-12,FR,107.0168,80.46,2019
2018-12-13,FR,105.7313,79.49,2019
2018-12-14,FR,104.2363,78.36,2019
2018-12-15,FR,103.2757,77.64,2019
2018-12-16,FR,102.513,77.07,2019
2018-12-17,FR,101.5958,76.38,2019
2018-12-18,FR,100.4462,75.52,2019
2018-12-19,FR,99.4222,74.75,2019
2018-12-20,FR,98.4803,74.04,2019
2018-12-21,FR,97.9756,73.66,2019
2018-12-22,FR,97.8488,73.56,2019
2018-12-23,FR,97.729,73.47,2019
2018-12-24,FR,97.3813,73.21,2019
2018-12-25,FR,97.1707,73.05,2019
2018-12-26,FR,96.5966,72.62,2019
2018-12-27,FR,95.7781,72.01,2019
2018-12-28,FR,95.1033,71.5,2019
2018-12-29,FR,94.6265,71.14,2019
2018-12-30,FR,94.4013,70.97,2019
2018-12-31,FR,94.094,70.74,2019
2019-01-01,FR,93.603,70.37,2019
2019-01-02,FR,92.4982,69.54,2019
2019-01-03,FR,91.077,68.47,2019
2019-01-04,FR,89.6357,67.39,2019
2019-01-05,FR,88.4893,66.53,2019
2019-01-06,FR,87.3941,65.7,2019
2019-01-07,FR,86.3477,64.92,2019
2019-01-08,FR,85.3805,64.19,2019
2019-01-09,FR,84.1334,63.25,2019
2019-01-10,FR,82.7177,62.19,2019
2019-01-11,FR,81.5372,61.3,2019
2019-01-12,FR,80.7462,60.7,2019
2019-01-13,FR,80.1779,60.28,2019
2019-01-14,FR,79.2586,59.59,2019
2019-01-15,FR,78.1612,58.76,2019
2019-01-16,FR,77.1382,57.99,2019
2019-01-17,FR,75.955,57.1,2019
2019-01-18,FR,74.7358,56.19,2019
2019-01-19,FR,73.6441,55.37,2019
2019-01-20,FR,72.5679,54.56,2019
2019-01-21,FR,71.0925,53.45,2019
2019-01-22,FR,69.5969,52.32,2019
2019-01-23,FR,68.1731,51.25,2019
2019-01-24,FR,66.7166,50.16,2019
2019-01-25,FR,65.3705,49.15,2019
2019-01-26,FR,64.2732,48.32,2019
2019-01-27,FR,63.4027,47.67,2019
2019-01-28,FR,62.0272,46.63,2019
2019-01-29,FR,60.6252,45.58,2019
2019-01-30,FR,59.1652,44.48,2019
2019-01-31,FR,57.8627,43.5,2019
2019-02-01,FR,56.6557,42.59,2019
2019-02-02,FR,55.7806,41.94,2019
2019-02-03,FR,54.7745,41.18,2019
2019-02-04,FR,53.3278,40.09,2019
2019-02-05,FR,51.7721,38.92,2019
2019-02-06,FR,50.5964,38.04,2019
2019-02-07,FR,49.4004,37.14,2019
2019-02-08,FR,48.3363,36.34,2019
2019-02-09,FR,47.5496,35.75,2019
2019-02-10,FR,46.6797,35.09,2019
2019-02-11,FR,45.3776,34.11,2019
2019-02-12,FR,44.2604,33.27,2019
2019-02-13,FR,43.2722,32.53,2019
2019-02-14,FR,42.4548,31.92,2019
2019-02-15,FR,41.6812,31.34,2019
2019-02-16,FR,41.2812,31.04,2019
2019-02-17,FR,40.974,30.8,2019
2019-02-18,FR,40.4274,30.39,2019
2019-02-19,FR,39.9097,30.0,2019
2019-02-20,FR,39.2043,29.47,2019
2019-02-21,FR,38.678,29.08,2019
2019-02-22,FR,38.2328,28.74,2019
2019-02-23,FR,38.1793,28.7,2019
2019-02-24,FR,38.1231,28.66,2019
2019-02-25,FR,37.6967,28.34,2019
2019-02-26,FR,37.3492,28.08,2019
2019-02-27,FR,37.2089,27.97,2019
2019-02-28,FR,36.9896,27.81,2019
2019-03-01,FR,37.0967,27.89,2019
2019-03-02,FR,37.4928,28.19,2019
2019-03-03,FR,37.9702,28.55,2019
2019-03-04,FR,38.0514,28.61,2019
2019-03-05,FR,37.8265,28.44,2019
2019-03-06,FR,38.0252,28.59,2019
2019-03-07,FR,38.0779,28.63,2019
2019-03-08,FR,38.0873,28.63,2019
2019-03-09,FR,38.2095,28.73,2019
2019-03-10,FR,38.2941,28.79,2019
2019-03-11,FR,37.9136,28.5,2019
2019-03-12,FR,37.4968,28.19,2019
2019-03-13,FR,36.9812,27.8,2019
2019-03-14,FR,36.7267,27.61,2019
2019-03-15,FR,36.709,27.6,2019
2019-03-16,FR,36.7778,27.65,2019
2019-03-17,FR,36.7552,27.63,2019
2019-03-18,FR,36.3371,27.32,2019
2019-03-19,FR,35.8099,26.92,2019
2019-03-20,FR,35.4182,26.63,2019
2019-03-21,FR,35.1943,26.46,2019
2019-03-22,FR,35.1759,26.45,2019
2019-03-23,FR,35.6535,26.8,2019
2019-03-24,FR,36.1836,27.2,2019
2019-03-25,FR,36.3567,27.33,2019
2019-03-26,FR,36.4723,27.42,2019
2019-03-27,FR,36.4608,27.41,2019
2019-03-28,FR,36.5244,27.46,2019
2019-03-29,FR,36.8317,28.07,2019
2019-03-30,FR,37.4485,28.54,2019
2019-03-31,FR,21.097,24.79,2019
2019-04-01,FR,22.2571,26.15,2019
2019-04-02,FR,39.32,30.57,2019
2019-04-03,FR,39.4327,30.66,2019
2019-04-04,FR,39.4603,30.68,2019
2019-04-05,FR,39.6437,30.82,2019
2019-04-06,FR,40.3151,31.35,2019
2019-04-07,FR,41.0835,31.94,2019
2019-04-08,FR,41.4714,32.24,2019
2019-04-09,FR,41.8058,32.5,2019
2019-04-10,FR,42.0955,32.73,2019
2019-04-11,FR,42.3099,32.9,2019
2019-04-12,FR,42.541,33.08,2019
2019-04-13,FR,42.9616,33.4,2019
2019-04-14,FR,43.2506,33.63,2019
2019-04-15,FR,43.7184,33.99,2019
2019-04-16,FR,44.3503,34.48,2019
2019-04-17,FR,45.108,35.07,2019
2019-04-18,FR,46.111,35.85,2019
2019-04-19,FR,47.135,36.65,2019
2019-04-20,FR,48.1495,37.44,2019
2019-04-21,FR,49.1767,38.24,2019
2019-04-22,FR,50.2065,39.04,2019
2019-04-23,FR,51.1537,39.77,2019
2019-04-24,FR,51.9115,40.36,2019
2019-04-25,FR,52.5076,40.83,2019
2019-04-26,FR,52.9163,41.14,2019
2019-04-27,FR,53.483,41.58,2019
2019-04-28,FR,53.8917,41.9,2019
2019-04-29,FR,54.1189,42.08,2019
2019-04-30,FR,54.4843,42.36,2019
2019-05-01,FR,55.4177,43.09,2019
2019-05-02,FR,56.1976,43.69,2019
2019-05-03,FR,56.9203,44.26,2019
2019-05-04,FR,57.6396,44.82,2019
2019-05-05,FR,58.201,45.25,2019
2019-05-06,FR,58.5083,45.49,2019
2019-05-07,FR,59.0445,45.91,2019
2019-05-08,FR,59.7726,46.47,2019
2019-05-09,FR,60.0995,46.73,2019
2019-05-10,FR,60.5531,47.08,2019
2019-05-11,FR,61.0239,47.45,2019
2019-05-12,FR,61.4826,47.8,2019
2019-05-13,FR,61.601,47.9,2019
2019-05-14,FR,61.7584,48.02,2019
2019-05-15,FR,61.7971,48.05,2019
2019-05-16,FR,61.9415,48.16,2019
2019-05-17,FR,62.2222,48.38,2019
2019-05-18,FR,62.8039,48.83,2019
2019-05-19,FR,63.473,49.35,2019
2019-05-20,FR,63.9764,49.74,2019
2019-05-21,FR,64.531,50.17,2019
2019-05-22,FR,65.0343,50.57,2019
2019-05-23,FR,65.7319,51.11,2019
2019-05-24,FR,66.4187,51.64,2019
2019-05-25,FR,67.0918,52.17,2019
2019-05-26,FR,67.784,52.7,2019
2019-05-27,FR,68.2414,53.06,2019
2019-05-28,FR,68.5996,53.34,2019
2019-05-29,FR,69.068,53.7,2019
2019-05-30,FR,69.6875,54.18,2019
2019-05-31,FR,70.2907,54.65,2019
2019-06-01,FR,71.0146,55.22,2019
2019-06-02,FR,71.7578,55.79,2019
2019-06-03,FR,72.2584,56.18,2019
2019-06-04,FR,72.787,56.59,2019
2019-06-05,FR,73.0979,56.84,2019
2019-06-06,FR,73.8246,57.4,2019
2019-06-07,FR,74.4527,57.89,2019
2019-06-08,FR,75.1097,58.4,2019
2019-06-09,FR,75.7737,58.92,2019
2019-06-10,FR,76.4412,59.43,2019
2019-06-11,FR,76.872,59.77,2019
2019-06-12,FR,77.409,60.19,2019
2019-06-13,FR,78.013,60.66,2019
2019-06-14,FR,78.6426,61.15,2019
2019-06-15,FR,79.3997,61.73,2019
2019-06-16,FR,80.1463,62.32,2019
2019-06-17,FR,80.7211,62.76,2019
2019-06-18,FR,81.3406,63.24,2019
2019-06-19,FR,81.8594,63.65,2019
2019-06-20,FR,82.4466,64.1,2019
2019-06-21,FR,83.0762,64.59,2019
2019-06-22,FR,83.7815,65.14,2019
2019-06-23,FR,84.5044,65.7,2019
2019-06-24,FR,85.0939,66.16,2019
2019-06-25,FR,85.5558,66.52,2019
2019-06-26,FR,86.1109,66.95,2019
2019-06-27,FR,86.6766,67.39,2019
2019-06-28,FR,87.2881,67.87,2019
2019-06-29,FR,88.0992,68.5,2019
2019-06-30,FR,88.9309,69.15,2019
2019-07-01,FR,89.5236,69.61,2019
2019-07-02,FR,90.1196,70.07,2019
2019-07-03,FR,90.7048,70.52,2019
2019-07-04,FR,91.3503,71.03,2019
2019-07-05,FR,91.9943,71.53,2019
2019-07-06,FR,92.6909,72.07,2019
2019-07-07,FR,93.4092,72.63,2019
2019-07-08,FR,93.9646,73.06,2019
2019-07-09,FR,94.5217,73.49,2019
2019-07-10,FR,95.0668,73.92,2019
2019-07-11,FR,95.5313,74.28,2019
2019-07-12,FR,96.1057,74.72,2019
2019-07-13,FR,96.7684,75.24,2019
2019-07-14,FR,97.3816,75.72,2019
2019-07-15,FR,97.8984,76.12,2019
2019-07-16,FR,98.296,76.43,2019
2019-07-17,FR,98.5825,76.65,2019
2019-07-18,FR,99.0629,77.02,2019
2019-07-19,FR,99.5563,77.41,2019
2019-07-20,FR,100.176,77.89,2019
2019-07-21,FR,100.774,78.35,2019
2019-07-22,FR,101.1905,78.68,2019
2019-07-23,FR,101.8255,79.17,2019
2019-07-24,FR,102.4095,79.63,2019
2019-07-25,FR,102.9574,80.05,2019
2019-07-26,FR,103.473,80.45,2019
2019-07-27,FR,103.9844,80.85,2019
2019-07-28,FR,104.5824,81.31,2019
2019-07-29,FR,105.0423,81.67,2019
2019-07-30,FR,105.5856,82.09,2019
2019-07-31,FR,106.0561,82.46,2019
2019-08-01,FR,106.4505,82.77,2019
2019-08-02,FR,106.9739,83.17,2019
2019-08-03,FR,107.5862,83.65,2019
2019-08-04,FR,108.2516,84.17,2019
2019-08-05,FR,108.7957,84.59,2019
2019-08-06,FR,109.3967,85.06,2019
2019-08-07,FR,109.9918,85.52,2019
2019-08-08,FR,110.6562,86.04,2019
2019-08-09,FR,111.7111,86.86,2019
2019-08-10,FR,112.1143,87.17,2019
2019-08-11,FR,112.8368,87.73,2019
2019-08-12,FR,113.4939,88.24,2019
2019-08-13,FR,114.1633,88.76,2019
2019-08-14,FR,114.8828,89.32,2019
2019-08-15,FR,115.6685,89.93,2019
2019-08-16,FR,116.3745,90.48,2019
2019-08-17,FR,117.1364,91.08,2019
2019-08-18,FR,117.9233,91.69,2019
2019-08-19,FR,118.6109,92.22,2019
2019-08-20,FR,119.306,92.76,2019
2019-08-21,FR,120.0069,93.31,2019
2019-08-22,FR,120.7417,93.88,2019
2019-08-23,FR,119.9703,93.28,2019
2019-08-24,FR,120.5974,93.77,2019
2019-08-25,FR,121.2174,94.25,2019
2019-08-26,FR,121.7217,93.41,2019
2019-08-27,FR,122.0467,93.66,2019
2019-08-28,FR,122.2785,93.83,2019
2019-08-29,FR,122.4469,93.96,2019
2019-08-30,FR,122.7684,94.21,2019
2019-08-31,FR,123.2744,94.6,2019
2019-09-01,FR,123.7977,95.0,2019
2019-09-02,FR,124.0462,95.19,2019
2019-09-03,FR,124.2303,95.33,2019
2019-09-04,FR,124.3396,95.42,2019
2019-09-05,FR,124.4543,95.5,2019
2019-09-06,FR,124.4537,95.5,2019
2019-09-07,FR,124.5777,95.6,2019
2019-09-08,FR,124.7031,95.69,2019
2019-09-09,FR,124.8037,95.77,2019
2019-09-10,FR,125.012,95.93,2019
2019-09-11,FR,125.342,96.18,2019
2019-09-12,FR,125.7312,96.48,2019
2019-09-13,FR,126.011,96.7,2019
2019-09-14,FR,126.3574,96.96,2019
2019-09-15,FR,126.7945,97.3,2019
2019-09-16,FR,127.0013,97.46,2019
2019-09-17,FR,127.2569,97.65,2019
2019-09-18,FR,127.4323,97.79,2019
2019-09-19,FR,127.4207,97.78,2019
2019-09-20,FR,127.4415,97.8,2019
2019-09-21,FR,127.7382,98.02,2019
2019-09-22,FR,128.0439,98.26,2019
2019-09-23,FR,128.071,98.28,2019
2019-09-24,FR,128.0758,98.28,2019
2019-09-25,FR,127.7282,98.02,2019
2019-09-26,FR,127.6089,97.92,2019
2019-09-27,FR,127.6782,97.98,2019
2019-09-28,FR,127.9689,98.2,2019
2019-09-29,FR,128.3084,98.46,2019
2019-09-30,FR,128.5318,98.63,2019
2019-10-01,FR,128.8068,98.09,2020
2019-10-02,FR,129.0887,98.31,2020
2019-10-03,FR,129.1761,98.37,2020
2019-10-04,FR,129.2977,98.46,2020
2019-10-05,FR,129.5944,98.69,2020
2019-10-06,FR,130.0053,99.0,2020
2019-10-07,FR,129.9705,98.98,2020
2019-10-08,FR,129.7268,98.79,2020
2019-10-09,FR,129.4329,98.57,2020
2019-10-10,FR,129.2646,98.44,2020
2019-10-11,FR,129.3019,98.47,2020
2019-10-12,FR,129.7713,98.83,2020
2019-10-13,FR,130.3929,99.3,2020
2019-10-14,FR,130.6157,99.47,2020
2019-10-15,FR,130.7918,99.6,2020
2019-10-16,FR,130.8764,99.67,2020
2019-10-17,FR,130.8944,99.68,2020
2019-10-18,FR,130.8498,99.65,2020
2019-10-19,FR,130.9482,99.72,2020
2019-10-20,FR,129.6135,98.7,2020
2019-10-21,FR,129.529,98.64,2020
2019-10-22,FR,129.4236,98.56,2020
2019-10-23,FR,129.4209,98.56,2020
2019-10-24,FR,129.4168,98.56,2020
2019-10-25,FR,129.4763,98.6,2020
2019-10-26,FR,129.8115,98.86,2020
2019-10-27,FR,130.0432,99.03,2020
2019-10-28,FR,129.9185,98.94,2020
2019-10-29,FR,129.6334,98.72,2020
2019-10-30,FR,129.4667,98.59,2020
2019-10-31,FR,128.7097,98.02,2020
2019-11-01,FR,129.2818,98.45,2020
2019-11-02,FR,129.5891,98.69,2020
2019-11-03,FR,129.8465,98.88,2020
2019-11-04,FR,129.9459,98.96,2020
2019-11-05,FR,129.8493,98.88,2020
2019-11-06,FR,129.7798,98.83,2020
2019-11-07,FR,129.6655,98.74,2020
2019-11-08,FR,129.489,98.61,2020
2019-11-09,FR,129.5197,98.63,2020
2019-11-10,FR,129.4835,98.61,2020
2019-11-11,FR,129.3045,98.47,2020
2019-11-12,FR,128.959,98.21,2020
2019-11-13,FR,128.6316,97.96,2020
2019-11-14,FR,128.0743,97.53,2020
2019-11-15,FR,127.4843,97.08,2020
2019-11-16,FR,126.9888,96.71,2020
2019-11-17,FR,126.5165,96.35,2020
2019-11-18,FR,125.8415,95.83,2020
2019-11-19,FR,124.9876,95.18,2020
2019-11-20,FR,123.9247,94.37,2020
2019-11-21,FR,122.8421,93.55,2020
2019-11-22,FR,122.2297,93.08,2020
2019-11-23,FR,122.3329,93.16,2020
2019-11-24,FR,122.395,93.21,2020
2019-11-25,FR,122.2326,93.08,2020
2019-11-26,FR,122.2728,93.11,2020
2019-11-27,FR,122.5326,93.31,2020
2019-11-28,FR,122.6685,93.42,2020
2019-11-29,FR,122.673,93.42,2020
2019-11-30,FR,122.7686,93.49,2020
2019-12-01,FR,122.7634,93.49,2020
2019-12-02,FR,121.9725,92.89,2020
2019-12-03,FR,120.9626,92.12,2020
2019-12-04,FR,120.0095,91.39,2020
2019-12-05,FR,119.0701,90.68,2020
2019-12-06,FR,118.5075,90.25,2020
2019-12-07,FR,118.3865,90.16,2020
2019-12-08,FR,118.5682,90.29,2020
2019-12-09,FR,118.016,89.87,2020
2019-12-10,FR,117.3318,89.35,2020
2019-12-11,FR,116.3105,88.57,2020
2019-12-12,FR,115.3734,87.86,2020
2019-12-13,FR,114.9293,87.52,2020
2019-12-14,FR,115.1538,87.69,2020
2019-12-15,FR,115.4199,87.9,2020
2019-12-16,FR,115.2495,87.77,2020
2019-12-17,FR,115.0862,87.64,2020
2019-12-18,FR,114.9123,87.51,2020
2019-12-19,FR,114.8937,87.5,2020
2019-12-20,FR,114.899,87.5,2020
2019-12-21,FR,115.0288,87.6,2020
2019-12-22,FR,115.2227,87.75,2020
2019-12-23,FR,115.0947,87.65,2020
2019-12-24,FR,115.1512,87.69,2020
2019-12-25,FR,115.2012,87.73,2020
2019-12-26,FR,115.1392,87.68,2020
2019-12-27,FR,114.9413,87.53,2020
2019-12-28,FR,114.7329,87.37,2020
2019-12-29,FR,114.1759,86.95,2020
2019-12-30,FR,113.329,86.3,2020
2019-12-31,FR,112.5998,85.75,2020
2020-01-01,FR,111.7466,85.1,2020
2020-01-02,FR,110.6502,84.26,2020
2020-01-03,FR,109.8541,83.66,2020
2020-01-04,FR,109.0702,83.06,2020
2020-01-05,FR,108.2069,82.4,2020
2020-01-06,FR,106.9631,81.46,2020
2020-01-07,FR,105.7212,80.51,2020
2020-01-08,FR,104.7073,79.74,2020
2020-01-09,FR,103.7305,78.99,2020
2020-01-10,FR,102.8291,78.31,2020
2020-01-11,FR,101.9162,77.61,2020
2020-01-12,FR,101.191,77.06,2020
2020-01-13,FR,100.2482,76.34,2020
2020-01-14,FR,98.8201,75.25,2020
2020-01-15,FR,97.434,74.2,2020
2020-01-16,FR,96.0303,73.13,2020
2020-01-17,FR,94.6127,72.05,2020
2020-01-18,FR,93.1158,70.91,2020
2020-01-19,FR,91.5257,69.7,2020
2020-01-20,FR,89.7128,68.32,2020
2020-01-21,FR,87.7411,66.82,2020
2020-01-22,FR,85.7495,65.3,2020
2020-01-23,FR,83.7524,63.78,2020
2020-01-24,FR,81.9487,62.41,2020
2020-01-25,FR,80.5292,61.33,2020
2020-01-26,FR,79.353,60.43,2020
2020-01-27,FR,78.0737,59.46,2020
2020-01-28,FR,76.6982,58.41,2020
2020-01-29,FR,75.1988,57.27,2020
2020-01-30,FR,74.0392,56.38,2020
2020-01-31,FR,72.8539,55.48,2020
2020-02-01,FR,72.9165,55.53,2020
2020-02-02,FR,72.6162,55.3,2020
2020-02-03,FR,71.9779,54.81,2020
2020-02-04,FR,71.0526,54.11,2020
2020-02-05,FR,69.7728,53.13,2020
2020-02-06,FR,68.2766,51.99,2020
2020-02-07,FR,67.1658,51.15,2020
2020-02-08,FR,66.425,50.58,2020
2020-02-09,FR,65.956,50.23,2020
2020-02-10,FR,65.1202,49.59,2020
2020-02-11,FR,63.9759,48.72,2020
2020-02-12,FR,62.6815,47.73,2020
2020-02-13,FR,61.466,46.81,2020
2020-02-14,FR,60.3229,45.94,2020
2020-02-15,FR,59.8784,45.6,2020
2020-02-16,FR,59.583,45.37,2020
2020-02-17,FR,58.9951,44.93,2020
2020-02-18,FR,58.1564,44.29,2020
2020-02-19,FR,57.2338,43.59,2020
2020-02-20,FR,56.4437,42.98,2020
2020-02-21,FR,55.6098,42.35,2020
2020-02-22,FR,55.085,41.95,2020
2020-02-23,FR,54.7328,41.68,2020
2020-02-24,FR,54.2736,41.33,2020
2020-02-25,FR,53.4262,40.69,2020
2020-02-26,FR,52.1158,39.69,2020
2020-02-27,FR,50.8437,38.72,2020
2020-02-28,FR,49.7057,37.85,2020
2020-02-29,FR,49.2599,37.51,2020
2020-03-01,FR,48.9094,36.99,2020
2020-03-02,FR,48.0823,36.37,2020
2020-03-03,FR,47.0588,35.59,2020
2020-03-04,FR,45.9644,35.0,2020
2020-03-05,FR,45.0572,34.31,2020
2020-03-06,FR,44.0375,33.54,2020
2020-03-07,FR,43.5065,33.13,2020
2020-03-08,FR,43.1982,32.9,2020
2020-03-09,FR,42.593,32.44,2020
2020-03-10,FR,42.297,32.21,2020
2020-03-11,FR,42.2067,32.14,2020
2020-03-12,FR,42.1517,32.1,2020
2020-03-13,FR,41.5591,31.65,2020
2020-03-14,FR,41.4352,31.55,2020
2020-03-15,FR,41.4764,31.59,2020
2020-03-16,FR,41.043,31.26,2020
2020-03-17,FR,41.069,31.28,2020
2020-03-18,FR,40.9758,31.2,2020
2020-03-19,FR,40.9557,31.19,2020
2020-03-20,FR,41.0466,31.26,2020
2020-03-21,FR,41.3221,31.47,2020
2020-03-22,FR,41.4147,31.54,2020
2020-03-23,FR,41.2884,31.44,2020
2020-03-24,FR,40.8563,31.11,2020
2020-03-25,FR,40.3888,30.76,2020
2020-03-26,FR,39.9271,30.41,2020
2020-03-27,FR,39.8332,30.33,2020
2020-03-28,FR,39.8084,30.32,2020
2020-03-29,FR,39.6642,30.21,2020
2020-03-30,FR,39.2064,29.86,2020
2020-03-31,FR,38.6892,29.46,2020
2020-04-01,FR,38.7548,29.74,2020
2020-04-02,FR,38.9481,29.89,2020
2020-04-03,FR,39.2731,30.14,2020
2020-04-04,FR,39.9513,30.66,2020
2020-04-05,FR,40.7815,31.29,2020
2020-04-06,FR,41.4952,32.21,2020
2020-04-07,FR,42.23,32.78,2020
2020-04-08,FR,43.191,33.53,2020
2020-04-09,FR,44.177,34.3,2020
2020-04-10,FR,45.2192,35.1,2020
2020-04-11,FR,46.2812,35.93,2020
2020-04-12,FR,47.3345,36.75,2020
2020-04-13,FR,48.3761,37.55,2020
2020-04-14,FR,49.2101,38.2,2020
2020-04-15,FR,50.0951,38.89,2020
2020-04-16,FR,51.1308,39.69,2020
2020-04-17,FR,52.1848,40.51,2020
2020-04-18,FR,53.2311,41.32,2020
2020-04-19,FR,54.2751,42.13,2020
2020-04-20,FR,55.2195,42.87,2020
2020-04-21,FR,56.1376,43.58,2020
2020-04-22,FR,57.0633,44.3,2020
2020-04-23,FR,58.0872,45.09,2020
2020-04-24,FR,59.1335,45.91,2020
2020-04-25,FR,60.1769,46.72,2020
2020-04-26,FR,61.1747,47.49,2020
2020-04-27,FR,62.1897,48.28,2020
2020-04-28,FR,63.2103,49.07,2020
2020-04-29,FR,64.239,49.87,2020
2020-04-30,FR,65.2004,50.62,2020
2020-05-01,FR,66.1638,51.36,2020
2020-05-02,FR,67.0941,52.09,2020
2020-05-03,FR,68.0657,52.84,2020
2020-05-04,FR,68.9814,53.55,2020
2020-05-05,FR,69.9298,54.29,2020
2020-05-06,FR,70.9215,55.06,2020
2020-05-07,FR,71.92,55.83,2020
2020-05-08,FR,72.9357,56.62,2020
2020-05-09,FR,73.9498,57.41,2020
2020-05-10,FR,75.0007,58.22,2020
2020-05-11,FR,75.4631,58.58,2020
2020-05-12,FR,75.7635,58.82,2020
2020-05-13,FR,76.113,59.09,2020
2020-05-14,FR,76.5295,59.41,2020
2020-05-15,FR,76.8726,59.68,2020
2020-05-16,FR,77.7627,60.37,2020
2020-05-17,FR,78.7144,61.11,2020
2020-05-18,FR,79.7022,61.87,2020
2020-05-19,FR,80.5129,62.5,2020
2020-05-20,FR,81.4182,63.21,2020
2020-05-21,FR,82.4122,63.98,2020
2020-05-22,FR,83.422,64.76,2020
2020-05-23,FR,84.4327,65.55,2020
2020-05-24,FR,85.3246,66.24,2020
2020-05-25,FR,86.1825,66.9,2020
2020-05-26,FR,87.0989,67.62,2020
2020-05-27,FR,87.8129,68.17,2020
2020-05-28,FR,88.5962,68.78,2020
2020-05-29,FR,89.4397,69.43,2020
2020-05-30,FR,90.1873,70.01,2020
2020-05-31,FR,91.1382,70.75,2020
2020-06-01,FR,92.2589,71.62,2020
2020-06-02,FR,92.6582,71.93,2020
2020-06-03,FR,93.022,72.21,2020
2020-06-04,FR,93.5513,72.63,2020
2020-06-05,FR,94.1312,73.08,2020
2020-06-06,FR,94.7688,73.57,2020
2020-06-07,FR,95.3688,74.04,2020
2020-06-08,FR,95.7082,74.3,2020
2020-06-09,FR,95.8911,74.44,2020
2020-06-10,FR,96.1211,74.62,2020
2020-06-11,FR,96.3989,74.84,2020
2020-06-12,FR,96.8074,75.15,2020
2020-06-13,FR,97.3429,75.57,2020
2020-06-14,FR,97.8671,75.98,2020
2020-06-15,FR,98.1687,76.21,2020
2020-06-16,FR,98.5036,76.47,2020
2020-06-17,FR,98.6263,76.56,2020
2020-06-18,FR,98.9243,76.8,2020
2020-06-19,FR,99.3147,77.1,2020
2020-06-20,FR,99.832,77.5,2020
2020-06-21,FR,100.3802,77.93,2020
2020-06-22,FR,100.7669,78.23,2020
2020-06-23,FR,101.0613,78.46,2020
2020-06-24,FR,101.2861,78.63,2020
2020-06-25,FR,101.5405,78.83,2020
2020-06-26,FR,101.8839,79.09,2020
2020-06-27,FR,102.4015,79.5,2020
2020-06-28,FR,102.9676,79.94,2020
2020-06-29,FR,103.3722,80.25,2020
2020-06-30,FR,103.6592,80.47,2020
2020-07-01,FR,104.0322,80.14,2020
2020-07-02,FR,104.3612,80.39,2020
2020-07-03,FR,104.7733,80.71,2020
2020-07-04,FR,105.3903,81.19,2020
2020-07-05,FR,106.028,81.68,2020
2020-07-06,FR,106.5693,82.09,2020
2020-07-07,FR,106.9126,82.36,2020
2020-07-08,FR,107.0587,82.47,2020
2020-07-09,FR,107.2499,82.62,2020
2020-07-10,FR,107.5891,82.88,2020
2020-07-11,FR,108.1793,83.33,2020
2020-07-12,FR,108.8188,83.83,2020
2020-07-13,FR,109.3294,84.22,2020
2020-07-14,FR,109.8124,84.59,2020
2020-07-15,FR,110.0744,84.79,2020
2020-07-16,FR,110.1824,84.88,2020
2020-07-17,FR,110.2641,84.94,2020
2020-07-18,FR,110.3787,85.03,2020
2020-07-19,FR,110.5363,85.15,2020
2020-07-20,FR,110.6521,85.24,2020
2020-07-21,FR,110.6091,85.21,2020
2020-07-22,FR,110.5052,85.13,2020
2020-07-23,FR,110.451,85.08,2020
2020-07-24,FR,110.5153,85.13,2020
2020-07-25,FR,110.6769,85.26,2020
2020-07-26,FR,110.9171,85.44,2020
2020-07-27,FR,111.0339,85.53,2020
2020-07-28,FR,111.7435,85.36,2020
2020-07-29,FR,111.7936,85.39,2020
2020-07-30,FR,111.9226,85.49,2020
2020-07-31,FR,109.0866,83.33,2020
2020-08-01,FR,112.5865,86.0,2020
2020-08-02,FR,113.0685,86.37,2020
2020-08-03,FR,113.4053,86.63,2020
2020-08-04,FR,113.7118,86.86,2020
2020-08-05,FR,114.1528,87.2,2020
2020-08-06,FR,114.6648,87.59,2020
2020-08-07,FR,115.2507,88.04,2020
2020-08-08,FR,115.9208,88.55,2020
2020-08-09,FR,116.632,89.09,2020
2020-08-10,FR,116.5798,89.05,2020
2020-08-11,FR,117.8162,90.0,2020
2020-08-12,FR,118.254,90.33,2020
2020-08-13,FR,118.631,90.62,2020
2020-08-14,FR,119.0087,90.91,2020
2020-08-15,FR,119.5175,91.29,2020
2020-08-16,FR,120.0316,91.69,2020
2020-08-17,FR,120.4124,91.98,2020
2020-08-18,FR,120.7898,92.27,2020
2020-08-19,FR,121.196,92.58,2020
2020-08-20,FR,121.5728,92.86,2020
2020-08-21,FR,122.0465,93.23,2020
2020-08-22,FR,122.6013,93.65,2020
2020-08-23,FR,123.1008,94.03,2020
2020-08-24,FR,123.309,94.19,2020
2020-08-25,FR,123.5319,94.36,2020
2020-08-26,FR,123.7084,94.5,2020
2020-08-27,FR,123.9048,94.65,2020
2020-08-28,FR,124.0441,94.75,2020
2020-08-29,FR,124.2654,94.92,2020
2020-08-30,FR,124.5211,95.12,2020
2020-08-31,FR,124.6135,95.19,2020
2020-09-01,FR,124.5789,95.16,2020
2020-09-02,FR,124.753,95.29,2020
2020-09-03,FR,125.013,95.49,2020
2020-09-04,FR,125.2495,95.67,2020
2020-09-05,FR,125.6317,95.96,2020
2020-09-06,FR,125.9758,96.23,2020
2020-09-07,FR,126.1383,96.35,2020
2020-09-08,FR,126.2449,96.43,2020
2020-09-09,FR,126.4153,96.56,2020
2020-09-10,FR,126.6558,96.75,2020
2020-09-11,FR,126.8743,96.91,2020
2020-09-12,FR,127.296,97.24,2020
2020-09-13,FR,127.5718,97.45,2020
2020-09-14,FR,127.5694,97.45,2020
2020-09-15,FR,127.576,97.45,2020
2020-09-16,FR,127.6289,97.49,2020
2020-09-17,FR,127.6591,97.51,2020
2020-09-18,FR,127.6528,97.51,2020
2020-09-19,FR,127.8884,97.69,2020
2020-09-20,FR,128.1703,97.9,2020
2020-09-21,FR,128.0266,97.79,2020
2020-09-22,FR,128.1691,97.9,2020
2020-09-23,FR,128.3662,98.05,2020
2020-09-24,FR,128.6015,98.23,2020
2020-09-25,FR,128.7055,98.31,2020
2020-09-26,FR,128.8691,98.44,2020
2020-09-27,FR,128.9276,98.48,2020
2020-09-28,FR,128.704,98.31,2020
2020-09-29,FR,128.4955,98.15,2020
2020-09-30,FR,128.1058,97.85,2020
2020-10-01,FR,127.9528,97.74,2021
2020-10-02,FR,127.93,97.72,2021
2020-10-03,FR,128.2372,97.96,2021
2020-10-04,FR,128.6343,98.26,2021
2020-10-05,FR,128.6276,98.25,2021
2020-10-06,FR,128.6155,98.24,2021
2020-10-07,FR,128.5591,98.2,2021
2020-10-08,FR,128.5958,98.23,2021
2020-10-09,FR,128.6923,98.3,2021
2020-10-10,FR,129.0813,98.6,2021
2020-10-11,FR,129.3978,98.84,2021
2020-10-12,FR,129.2787,98.75,2021
2020-10-13,FR,129.116,98.63,2021
2020-10-14,FR,128.8485,98.42,2021
2020-10-15,FR,128.4039,98.08,2021
2020-10-16,FR,127.8822,97.68,2021
2020-10-17,FR,127.6392,97.5,2021
2020-10-18,FR,127.5739,97.45,2021
2020-10-19,FR,127.4985,97.39,2021
2020-10-20,FR,127.4126,97.33,2021
2020-10-21,FR,127.5023,97.39,2021
2020-10-22,FR,127.4795,97.38,2021
2020-10-23,FR,127.6088,97.48,2021
2020-10-24,FR,128.2055,97.93,2021
2020-10-25,FR,128.77,98.36,2021
2020-10-26,FR,128.919,98.48,2021
2020-10-27,FR,128.943,98.49,2021
2020-10-28,FR,129.0247,98.56,2021
2020-10-29,FR,129.1165,98.63,2021
2020-10-30,FR,129.3107,98.78,2021
2020-10-31,FR,129.2567,98.73,2021
2020-11-01,FR,130.1188,101.29,2021
2020-11-02,FR,130.3043,101.43,2021
2020-11-03,FR,130.0835,101.26,2021
2020-11-04,FR,129.7123,100.97,2021
2020-11-05,FR,129.2607,100.62,2021
2020-11-06,FR,128.882,100.33,2021
2020-11-07,FR,128.9139,100.35,2021
2020-11-08,FR,129.038,100.45,2021
2020-11-09,FR,128.6749,100.16,2021
2020-11-10,FR,128.1366,99.74,2021
2020-11-11,FR,127.8757,99.54,2021
2020-11-12,FR,127.3579,99.14,2021
2020-11-13,FR,127.0311,98.88,2021
2020-11-14,FR,127.1084,98.94,2021
2020-11-15,FR,127.2524,99.06,2021
2020-11-16,FR,126.9708,98.84,2021
2020-11-17,FR,126.6116,98.56,2021
2020-11-18,FR,126.4429,98.43,2021
2020-11-19,FR,126.1152,98.17,2021
2020-11-20,FR,125.4506,97.65,2021
2020-11-21,FR,125.0423,97.34,2021
2020-11-22,FR,124.5387,96.94,2021
2020-11-23,FR,123.7287,96.31,2021
2020-11-24,FR,122.8102,95.6,2021
2020-11-25,FR,121.9256,94.91,2021
2020-11-26,FR,121.0158,94.2,2021
2020-11-27,FR,120.1736,93.55,2021
2020-11-28,FR,119.4107,92.95,2021
2020-11-29,FR,118.5297,92.27,2021
2020-11-30,FR,117.4188,91.4,2021
2020-12-01,FR,116.1287,90.4,2021
2020-12-02,FR,114.8356,89.39,2021
2020-12-03,FR,113.7262,88.53,2021
2020-12-04,FR,112.5805,87.64,2021
2020-12-05,FR,111.746,86.99,2021
2020-12-06,FR,110.9255,86.35,2021
2020-12-07,FR,109.8293,85.49,2021
2020-12-08,FR,108.7002,84.62,2021
2020-12-09,FR,107.2022,83.45,2021
2020-12-10,FR,105.9669,82.49,2021
2020-12-11,FR,104.9643,81.71,2021
2020-12-12,FR,104.1165,81.05,2021
2020-12-13,FR,103.3394,80.44,2021
2020-12-14,FR,102.4097,79.72,2021
2020-12-15,FR,101.6406,79.12,2021
2020-12-16,FR,100.9072,78.55,2021
2020-12-17,FR,100.1808,77.98,2021
2020-12-18,FR,99.5688,77.51,2021
2020-12-19,FR,99.2515,77.26,2021
2020-12-20,FR,98.8525,76.95,2021
2020-12-21,FR,98.3061,76.52,2021
2020-12-22,FR,97.8611,76.18,2021
2020-12-23,FR,97.6175,75.99,2021
2020-12-24,FR,97.1224,75.6,2021
2020-12-25,FR,96.4624,75.09,2021
2020-12-26,FR,95.6985,74.49,2021
2020-12-27,FR,94.987,73.94,2021
2020-12-28,FR,94.0471,73.21,2021
2020-12-29,FR,93.1246,72.49,2021
2020-12-30,FR,92.1323,71.72,2021
2020-12-31,FR,91.1617,70.96,2021
2021-01-01,FR,90.4219,70.39,2021
2021-01-02,FR,89.3588,69.56,2021
2021-01-03,FR,88.3527,68.78,2021
2021-01-04,FR,86.9456,67.68,2021
2021-01-05,FR,85.198,66.32,2021
2021-01-06,FR,83.4683,64.97,2021
2021-01-07,FR,81.8483,63.71,2021
2021-01-08,FR,80.1773,62.41,2021
2021-01-09,FR,78.7952,61.34,2021
2021-01-10,FR,77.3361,60.2,2021
2021-01-11,FR,75.7204,58.94,2021
2021-01-12,FR,74.2859,57.83,2021
2021-01-13,FR,73.0911,56.9,2021
2021-01-14,FR,71.7999,55.89,2021
2021-01-15,FR,70.2566,54.69,2021
2021-01-16,FR,69.0187,53.73,2021
2021-01-17,FR,67.8771,52.84,2021
2021-01-18,FR,66.4035,51.69,2021
2021-01-19,FR,65.0789,50.66,2021
2021-01-20,FR,64.1708,49.95,2021
2021-01-21,FR,63.4564,49.4,2021
2021-01-22,FR,62.5778,48.71,2021
2021-01-23,FR,61.8484,48.14,2021
2021-01-24,FR,60.9797,47.47,2021
2021-01-25,FR,59.6324,46.42,2021
2021-01-26,FR,58.4096,45.47,2021
2021-01-27,FR,57.2352,44.55,2021
2021-01-28,FR,56.4946,43.98,2021
2021-01-29,FR,56.0333,43.62,2021
2021-01-30,FR,55.5419,43.24,2021
2021-01-31,FR,54.9936,42.81,2021
2021-02-01,FR,54.092,42.11,2021
2021-02-02,FR,53.3332,41.52,2021
2021-02-03,FR,52.6108,40.95,2021
2021-02-04,FR,51.5788,40.15,2021
2021-02-05,FR,50.7589,39.51,2021
2021-02-06,FR,50.2203,39.09,2021
2021-02-07,FR,49.3963,38.45,2021
2021-02-08,FR,47.8982,37.29,2021
2021-02-09,FR,46.3547,36.08,2021
2021-02-10,FR,44.7541,34.84,2021
2021-02-11,FR,43.1301,33.57,2021
2021-02-12,FR,41.4659,32.28,2021
2021-02-13,FR,39.9029,31.06,2021
2021-02-14,FR,38.5285,29.99,2021
2021-02-15,FR,37.1711,28.94,2021
2021-02-16,FR,36.0505,28.06,2021
2021-02-17,FR,35.1442,27.36,2021
2021-02-18,FR,34.2422,26.66,2021
2021-02-19,FR,33.4292,26.02,2021
2021-02-20,FR,33.2459,25.88,2021
2021-02-21,FR,33.1251,25.79,2021
2021-02-22,FR,32.677,25.44,2021
2021-02-23,FR,32.5651,25.35,2021
2021-02-24,FR,32.6661,25.43,2021
2021-02-25,FR,32.3249,25.16,2021
2021-02-26,FR,31.7036,24.68,2021
2021-02-27,FR,31.2084,24.29,2021
2021-02-28,FR,30.6693,23.87,2021
2021-03-01,FR,30.2134,23.52,2021
2021-03-02,FR,29.8318,23.22,2021
2021-03-03,FR,29.3574,22.85,2021
2021-03-04,FR,28.5636,22.23,2021
2021-03-05,FR,27.7217,21.58,2021
2021-03-06,FR,27.1816,21.16,2021
2021-03-07,FR,26.6301,20.73,2021
2021-03-08,FR,25.9566,20.21,2021
2021-03-09,FR,25.1723,19.59,2021
2021-03-10,FR,24.8136,19.32,2021
2021-03-11,FR,24.8989,19.38,2021
2021-03-12,FR,24.9196,19.4,2021
2021-03-13,FR,24.8157,19.32,2021
2021-03-14,FR,24.6508,19.19,2021
2021-03-15,FR,24.3742,18.97,2021
2021-03-16,FR,23.9854,18.67,2021
2021-03-17,FR,23.5213,18.31,2021
2021-03-18,FR,23.0277,17.93,2021
2021-03-19,FR,22.6168,17.61,2021
2021-03-20,FR,22.7558,17.71,2021
2021-03-21,FR,22.9444,17.86,2021
2021-03-22,FR,22.7144,17.68,2021
2021-03-23,FR,22.7063,17.68,2021
2021-03-24,FR,22.9152,17.84,2021
2021-03-25,FR,23.1433,18.02,2021
2021-03-26,FR,23.5731,18.35,2021
2021-03-27,FR,23.9588,18.65,2021
2021-03-28,FR,24.4169,19.01,2021
2021-03-29,FR,24.8642,19.35,2021
2021-03-30,FR,25.4419,19.8,2021
2021-03-31,FR,25.2369,19.65,2021
2021-04-01,FR,28.5152,22.2,2021
2021-04-02,FR,29.2412,22.76,2021
2021-04-03,FR,29.8754,23.26,2021
2021-04-04,FR,30.5671,23.79,2021
2021-04-05,FR,31.0268,24.15,2021
2021-04-06,FR,30.7777,23.96,2021
2021-04-07,FR,30.1222,23.45,2021
2021-04-08,FR,29.6041,23.04,2021
2021-04-09,FR,29.2158,22.74,2021
2021-04-10,FR,29.2137,22.74,2021
2021-04-11,FR,29.1344,22.68,2021
2021-04-12,FR,28.5195,22.2,2021
2021-04-13,FR,27.9313,21.74,2021
2021-04-14,FR,27.475,21.39,2021
2021-04-15,FR,26.9034,20.94,2021
2021-04-16,FR,26.4424,20.58,2021
2021-04-17,FR,26.2689,20.45,2021
2021-04-18,FR,26.2157,20.41,2021
2021-04-19,FR,25.9357,20.19,2021
2021-04-20,FR,25.9546,20.2,2021
2021-04-21,FR,26.0918,20.31,2021
2021-04-22,FR,26.4825,20.61,2021
2021-04-23,FR,26.8711,20.92,2021
2021-04-24,FR,27.8325,21.67,2021
2021-04-25,FR,28.7616,22.39,2021
2021-04-26,FR,28.9392,22.53,2021
2021-04-27,FR,29.0203,22.59,2021
2021-04-28,FR,29.1561,22.7,2021
2021-04-29,FR,29.3513,22.85,2021
2021-04-30,FR,29.3574,22.85,2021
2021-05-01,FR,29.7104,23.13,2021
2021-05-02,FR,30.0233,23.37,2021
2021-05-03,FR,30.202,23.51,2021
2021-05-04,FR,30.2559,23.55,2021
2021-05-05,FR,30.0554,23.4,2021
2021-05-06,FR,29.8759,23.26,2021
2021-05-07,FR,29.851,23.24,2021
2021-05-08,FR,30.7279,23.92,2021
2021-05-09,FR,31.6627,24.65,2021
2021-05-10,FR,32.5679,25.35,2021
2021-05-11,FR,33.2902,25.91,2021
2021-05-12,FR,33.9637,26.44,2021
2021-05-13,FR,34.8663,27.14,2021
2021-05-14,FR,35.6557,27.76,2021
2021-05-15,FR,36.4137,28.35,2021
2021-05-16,FR,37.1752,28.94,2021
2021-05-17,FR,37.7017,29.35,2021
2021-05-18,FR,37.737,29.38,2021
2021-05-19,FR,38.1731,29.71,2021
2021-05-20,FR,38.8391,30.23,2021
2021-05-21,FR,39.6547,30.87,2021
2021-05-22,FR,40.5241,31.55,2021
2021-05-23,FR,41.4778,32.29,2021
2021-05-24,FR,42.2676,32.9,2021
2021-05-25,FR,42.9168,33.41,2021
2021-05-26,FR,43.3288,33.73,2021
2021-05-27,FR,43.8445,34.13,2021
2021-05-28,FR,44.5594,34.69,2021
2021-05-29,FR,45.6198,35.51,2021
2021-05-30,FR,46.6867,36.34,2021
2021-05-31,FR,47.5492,37.01,2021
2021-06-01,FR,48.3643,37.65,2021
2021-06-02,FR,49.1955,38.3,2021
2021-06-03,FR,49.9714,38.9,2021
2021-06-04,FR,50.739,39.5,2021
2021-06-05,FR,51.5156,40.1,2021
2021-06-06,FR,52.3178,40.73,2021
2021-06-07,FR,52.8154,41.11,2021
2021-06-08,FR,53.2617,41.46,2021
2021-06-09,FR,53.4179,41.58,2021
2021-06-10,FR,53.6674,41.78,2021
2021-06-11,FR,54.023,42.05,2021
2021-06-12,FR,54.8243,42.68,2021
2021-06-13,FR,55.6315,43.31,2021
2021-06-14,FR,56.1019,43.67,2021
2021-06-15,FR,56.489,43.97,2021
2021-06-16,FR,56.8273,44.24,2021
2021-06-17,FR,56.9327,44.32,2021
2021-06-18,FR,57.4612,44.73,2021
2021-06-19,FR,57.9602,45.12,2021
2021-06-20,FR,58.466,45.51,2021
2021-06-21,FR,58.8559,45.82,2021
2021-06-22,FR,59.1107,46.01,2021
2021-06-23,FR,59.3908,46.23,2021
2021-06-24,FR,59.7012,46.47,2021
2021-06-25,FR,60.1543,46.83,2021
2021-06-26,FR,60.7998,47.33,2021
2021-06-27,FR,61.5133,47.88,2021
2021-06-28,FR,62.1396,48.37,2021
2021-06-29,FR,62.7319,48.83,2021
2021-06-30,FR,63.2391,49.23,2021
2021-07-01,FR,63.5814,49.49,2021
2021-07-02,FR,64.0005,49.82,2021
2021-07-03,FR,64.8602,50.49,2021
2021-07-04,FR,65.8266,51.24,2021
2021-07-05,FR,66.6351,51.87,2021
2021-07-06,FR,67.3894,52.46,2021
2021-07-07,FR,68.0191,52.95,2021
2021-07-08,FR,68.5983,53.4,2021
2021-07-09,FR,69.1775,53.85,2021
2021-07-10,FR,69.9311,54.44,2021
2021-07-11,FR,70.7443,55.07,2021
2021-07-12,FR,71.3507,55.54,2021
2021-07-13,FR,71.7804,55.88,2021
2021-07-14,FR,72.3611,56.33,2021
2021-07-15,FR,72.9597,56.79,2021
2021-07-16,FR,73.503,57.22,2021
2021-07-17,FR,74.2456,57.79,2021
2021-07-18,FR,75.0199,58.4,2021
2021-07-19,FR,75.567,58.82,2021
2021-07-20,FR,76.0392,59.19,2021
2021-07-21,FR,76.5566,59.59,2021
2021-07-22,FR,77.1447,60.05,2021
2021-07-23,FR,77.844,60.6,2021
2021-07-24,FR,78.5123,61.12,2021
2021-07-25,FR,79.2669,61.7,2021
2021-07-26,FR,79.8621,62.17,2021
2021-07-27,FR,80.5302,62.69,2021
2021-07-28,FR,81.2035,63.21,2021
2021-07-29,FR,81.9425,63.79,2021
2021-07-30,FR,82.7052,64.38,2021
2021-07-31,FR,83.5572,65.04,2021
2021-08-01,FR,84.3665,65.67,2021
2021-08-02,FR,85.0192,66.18,2021
2021-08-03,FR,85.7584,66.76,2021
2021-08-04,FR,86.4198,67.27,2021
2021-08-05,FR,87.2019,67.88,2021
2021-08-06,FR,88.0755,68.56,2021
2021-08-07,FR,88.9736,69.26,2021
2021-08-08,FR,89.8509,69.94,2021
2021-08-09,FR,90.63,70.55,2021
2021-08-10,FR,91.4469,71.18,2021
2021-08-11,FR,92.1729,71.75,2021
2021-08-12,FR,92.9498,72.35,2021
2021-08-13,FR,93.7572,72.98,2021
2021-08-14,FR,94.6415,73.67,2021
2021-08-15,FR,95.5199,74.36,2021
2021-08-16,FR,96.3237,74.98,2021
2021-08-17,FR,97.0665,75.56,2021
2021-08-18,FR,97.7983,76.13,2021
2021-08-19,FR,98.5236,76.69,2021
2021-08-20,FR,99.221,77.24,2021
2021-08-21,FR,100.0411,77.87,2021
2021-08-22,FR,100.8747,78.52,2021
2021-08-23,FR,101.5543,79.05,2021
2021-08-24,FR,102.3056,79.64,2021
2021-08-25,FR,103.0282,80.2,2021
2021-08-26,FR,103.7721,80.78,2021
2021-08-27,FR,104.521,81.36,2021
2021-08-28,FR,105.2134,81.9,2021
2021-08-29,FR,105.9196,82.45,2021
2021-08-30,FR,106.4807,82.89,2021
2021-08-31,FR,106.98,83.28,2021
2021-09-01,FR,107.498,83.68,2021
2021-09-02,FR,108.0028,84.07,2021
2021-09-03,FR,108.4604,84.43,2021
2021-09-04,FR,109.0105,84.86,2021
2021-09-05,FR,109.6062,85.32,2021
2021-09-06,FR,109.9674,85.6,2021
2021-09-07,FR,110.3152,85.87,2021
2021-09-08,FR,110.694,86.17,2021
2021-09-09,FR,111.1088,86.49,2021
2021-09-10,FR,111.4938,86.79,2021
2021-09-11,FR,111.9457,87.14,2021
2021-09-12,FR,112.4529,87.54,2021
2021-09-13,FR,112.6437,87.68,2021
2021-09-14,FR,112.808,87.81,2021
2021-09-15,FR,112.8938,87.88,2021
2021-09-16,FR,113.1042,88.04,2021
2021-09-17,FR,113.3934,88.27,2021
2021-09-18,FR,113.9257,88.68,2021
2021-09-19,FR,114.4761,89.11,2021
2021-09-20,FR,114.9944,89.51,2021
2021-09-21,FR,115.3247,89.77,2021
2021-09-22,FR,115.6754,90.04,2021
2021-09-23,FR,116.1078,90.38,2021
2021-09-24,FR,116.5727,90.74,2021
2021-09-25,FR,117.0988,91.15,2021
2021-09-26,FR,117.5902,91.54,2021
2021-09-27,FR,117.8649,91.75,2021
2021-09-28,FR,118.0286,91.88,2021
2021-09-29,FR,118.2825,92.07,2021
2021-09-30,FR,118.3155,92.1,2021
2021-10-01,FR,118.564,92.29,2022
2021-10-02,FR,119.0425,92.67,2022
2021-10-03,FR,119.5294,93.04,2022
2021-10-04,FR,119.7628,93.23,2022
2021-10-05,FR,120.0392,93.44,2022
2021-10-06,FR,120.1905,93.56,2022
2021-10-07,FR,120.3911,93.72,2022
2021-10-08,FR,120.5913,93.87,2022
2021-10-09,FR,121.0982,94.27,2022
2021-10-10,FR,121.5893,94.65,2022
2021-10-11,FR,121.6096,94.66,2022
2021-10-12,FR,121.6859,94.72,2022
2021-10-13,FR,121.6012,94.66,2022
2021-10-14,FR,121.4679,94.55,2022
2021-10-15,FR,121.3216,94.44,2022
2021-10-16,FR,121.554,94.62,2022
2021-10-17,FR,121.8606,94.86,2022
2021-10-18,FR,121.761,94.78,2022
2021-10-19,FR,122.0482,95.01,2022
2021-10-20,FR,122.5245,95.38,2022
2021-10-21,FR,122.5741,95.41,2022
2021-10-22,FR,122.3008,95.2,2022
2021-10-23,FR,122.1675,95.1,2022
2021-10-24,FR,122.1747,95.1,2022
2021-10-25,FR,121.8948,94.89,2022
2021-10-26,FR,121.6329,94.68,2022
2021-10-27,FR,121.4413,94.53,2022
2021-10-28,FR,121.3206,94.44,2022
2021-10-29,FR,121.3329,94.45,2022
2021-10-30,FR,121.488,94.57,2022
2021-10-31,FR,121.6428,94.69,2022
2021-11-01,FR,121.4602,94.55,2022
2021-11-02,FR,120.8033,94.04,2022
2021-11-03,FR,119.9232,93.35,2022
2021-11-04,FR,119.1175,92.72,2022
2021-11-05,FR,118.2285,92.03,2022
2021-11-06,FR,117.6864,91.61,2022
2021-11-07,FR,117.2839,91.3,2022
2021-11-08,FR,116.4813,90.67,2022
2021-11-09,FR,115.6156,90.0,2022
2021-11-10,FR,114.788,89.35,2022
2021-11-11,FR,113.9464,88.7,2022
2021-11-12,FR,113.112,88.05,2022
2021-11-13,FR,112.437,87.52,2022
2021-11-14,FR,111.9181,87.12,2022
2021-11-15,FR,111.0649,86.46,2022
2021-11-16,FR,110.2957,85.86,2022
2021-11-17,FR,109.4973,85.24,2022
2021-11-18,FR,108.8048,84.7,2022
2021-11-19,FR,108.1429,84.18,2022
2021-11-20,FR,107.6057,83.76,2022
2021-11-21,FR,107.0173,83.31,2022
2021-11-22,FR,106.0788,82.57,2022
2021-11-23,FR,105.0834,81.8,2022
2021-11-24,FR,103.9259,80.9,2022
2021-11-25,FR,102.8594,80.07,2022
2021-11-26,FR,101.8566,79.29,2022
2021-11-27,FR,101.113,78.71,2022
2021-11-28,FR,100.2378,78.03,2022
2021-11-29,FR,99.0191,77.08,2022
2021-11-30,FR,97.9543,76.25,2022
2021-12-01,FR,97.1363,75.61,2022
2021-12-02,FR,95.9358,74.68,2022
2021-12-03,FR,94.846,73.83,2022
2021-12-04,FR,94.2187,73.34,2022
2021-12-05,FR,93.4658,72.76,2022
2021-12-06,FR,92.3461,71.88,2022
2021-12-07,FR,91.3415,71.1,2022
2021-12-08,FR,90.2925,70.29,2022
2021-12-09,FR,89.2365,69.46,2022
2021-12-10,FR,88.0891,68.57,2022
2021-12-11,FR,87.1142,67.81,2022
2021-12-12,FR,86.3666,67.23,2022
2021-12-13,FR,85.1965,66.32,2022
2021-12-14,FR,84.1886,65.53,2022
2021-12-15,FR,83.2022,64.77,2022
2021-12-16,FR,82.2625,64.04,2022
2021-12-17,FR,81.3553,63.33,2022
2021-12-18,FR,80.6388,62.77,2022
2021-12-19,FR,79.839,62.15,2022
2021-12-20,FR,78.626,61.2,2022
2021-12-21,FR,77.3192,60.19,2022
2021-12-22,FR,75.7867,58.99,2022
2021-12-23,FR,74.6889,58.14,2022
2021-12-24,FR,74.3517,57.88,2022
2021-12-25,FR,74.2489,57.8,2022
2021-12-26,FR,74.013,57.61,2022
2021-12-27,FR,73.8573,57.49,2022
2021-12-28,FR,73.8769,57.51,2022
2021-12-29,FR,74.0388,57.63,2022
2021-12-30,FR,74.313,57.85,2022
2021-12-31,FR,74.6536,58.11,2022
2022-01-01,FR,74.905,58.31,2022
2022-01-02,FR,75.0776,58.44,2022
2022-01-03,FR,74.8926,58.3,2022
2022-01-04,FR,74.4754,57.97,2022
2022-01-05,FR,73.6453,57.33,2022
2022-01-06,FR,72.7666,56.64,2022
2022-01-07,FR,71.7355,55.84,2022
2022-01-08,FR,71.0843,55.33,2022
2022-01-09,FR,70.3083,54.73,2022
2022-01-10,FR,68.9956,53.71,2022
2022-01-11,FR,67.6521,52.66,2022
2022-01-12,FR,66.3348,51.64,2022
2022-01-13,FR,64.9009,50.52,2022
2022-01-14,FR,63.4186,49.37,2022
2022-01-15,FR,62.2503,48.46,2022
2022-01-16,FR,61.2369,47.67,2022
2022-01-17,FR,59.885,46.62,2022
2022-01-18,FR,58.5819,45.6,2022
2022-01-19,FR,57.4946,44.76,2022
2022-01-20,FR,56.2987,43.82,2022
2022-01-21,FR,55.1088,42.9,2022
2022-01-22,FR,54.0056,42.04,2022
2022-01-23,FR,52.9567,41.22,2022
2022-01-24,FR,51.7441,40.28,2022
2022-01-25,FR,50.5173,39.32,2022
2022-01-26,FR,49.2541,38.34,2022
2022-01-27,FR,48.0452,37.4,2022
2022-01-28,FR,47.1042,36.67,2022
2022-01-29,FR,46.4769,36.18,2022
2022-01-30,FR,45.8907,35.72,2022
2022-01-31,FR,44.9406,34.98,2022
2022-02-01,FR,44.0473,34.29,2022
2022-02-02,FR,43.2377,33.66,2022
2022-02-03,FR,42.3128,32.94,2022
2022-02-04,FR,41.7413,32.49,2022
2022-02-05,FR,41.4025,32.23,2022
2022-02-06,FR,41.1486,32.03,2022
2022-02-07,FR,40.5059,31.53,2022
2022-02-08,FR,39.7813,30.97,2022
2022-02-09,FR,39.0902,30.43,2022
2022-02-10,FR,38.3471,29.85,2022
2022-02-11,FR,37.4966,29.19,2022
2022-02-12,FR,36.6345,28.52,2022
2022-02-13,FR,36.1339,28.13,2022
2022-02-14,FR,35.4419,27.59,2022
2022-02-15,FR,34.882,27.15,2022
2022-02-16,FR,34.4738,26.84,2022
2022-02-17,FR,34.0424,26.5,2022
2022-02-18,FR,33.7316,26.26,2022
2022-02-19,FR,33.2699,25.9,2022
2022-02-20,FR,32.9242,25.63,2022
2022-02-21,FR,32.2348,25.09,2022
2022-02-22,FR,31.6169,24.61,2022
2022-02-23,FR,31.1715,24.26,2022
2022-02-24,FR,30.741,23.93,2022
2022-02-25,FR,29.9867,23.34,2022
2022-02-26,FR,29.4641,22.94,2022
2022-02-27,FR,29.0401,22.61,2022
2022-02-28,FR,28.3173,22.04,2022
2022-03-01,FR,27.7971,21.64,2022
2022-03-02,FR,27.2991,21.25,2022
2022-03-03,FR,26.8565,20.91,2022
2022-03-04,FR,26.6238,20.72,2022
2022-03-05,FR,26.3651,20.52,2022
2022-03-06,FR,26.0243,20.26,2022
2022-03-07,FR,25.2507,19.66,2022
2022-03-08,FR,24.6619,19.2,2022
2022-03-09,FR,24.2272,18.86,2022
2022-03-10,FR,24.0636,18.73,2022
2022-03-11,FR,24.1069,18.77,2022
2022-03-12,FR,24.4594,19.04,2022
2022-03-13,FR,24.6147,19.16,2022
2022-03-14,FR,24.2204,18.85,2022
2022-03-15,FR,24.1107,18.77,2022
2022-03-16,FR,24.1672,18.81,2022
2022-03-17,FR,24.3575,18.96,2022
2022-03-18,FR,24.7036,19.23,2022
2022-03-19,FR,25.4158,19.78,2022
2022-03-20,FR,25.9988,20.24,2022
2022-03-21,FR,26.3446,20.51,2022
2022-03-22,FR,26.7423,20.82,2022
2022-03-23,FR,27.2049,21.18,2022
2022-03-24,FR,27.677,21.54,2022
2022-03-25,FR,28.443,22.14,2022
2022-03-26,FR,29.2976,22.81,2022
2022-03-27,FR,30.111,23.44,2022
2022-03-28,FR,30.5869,23.81,2022
2022-03-29,FR,30.9437,24.09,2022
2022-03-30,FR,30.9204,24.07,2022
2022-03-31,FR,30.396,23.66,2022
2022-04-01,FR,30.4152,23.31,2022
2022-04-02,FR,30.1013,23.07,2022
2022-04-03,FR,29.8234,22.86,2022
2022-04-04,FR,29.4523,22.58,2022
2022-04-05,FR,29.283,22.45,2022
2022-04-06,FR,29.4383,22.56,2022
2022-04-07,FR,29.7346,22.79,2022
2022-04-08,FR,29.7038,22.77,2022
2022-04-09,FR,29.8719,22.9,2022
2022-04-10,FR,30.1288,23.09,2022
2022-04-11,FR,30.5967,23.45,2022
2022-04-12,FR,31.1891,23.91,2022
2022-04-13,FR,31.8655,24.43,2022
2022-04-14,FR,32.3109,24.77,2022
2022-04-15,FR,33.1606,25.42,2022
2022-04-16,FR,34.11,26.15,2022
2022-04-17,FR,35.0913,26.9,2022
2022-04-18,FR,36.0567,27.64,2022
2022-04-19,FR,36.6884,28.12,2022
2022-04-20,FR,37.2965,28.59,2022
2022-04-21,FR,37.8869,28.79,2022
2022-04-22,FR,38.5342,29.28,2022
2022-04-23,FR,39.3198,29.88,2022
2022-04-24,FR,40.0546,30.43,2022
2022-04-25,FR,40.4678,30.75,2022
2022-04-26,FR,40.8781,31.06,2022
2022-04-27,FR,41.365,31.43,2022
2022-04-28,FR,42.0019,31.91,2022
2022-04-29,FR,42.6806,32.43,2022
2022-04-30,FR,43.5039,33.06,2022
2022-05-01,FR,44.2797,33.65,2022
2022-05-02,FR,44.9806,34.18,2022
2022-05-03,FR,45.7962,34.8,2022
2022-05-04,FR,46.5698,35.39,2022
2022-05-05,FR,47.3078,35.95,2022
2022-05-06,FR,48.1368,36.58,2022
2022-05-07,FR,49.0086,37.24,2022
2022-05-08,FR,49.9173,37.93,2022
2022-05-09,FR,50.652,38.49,2022
2022-05-10,FR,51.4573,39.1,2022
2022-05-11,FR,52.264,39.71,2022
2022-05-12,FR,53.0785,40.33,2022
2022-05-13,FR,53.8537,40.92,2022
2022-05-14,FR,54.7105,41.57,2022
2022-05-15,FR,55.5875,42.24,2022
2022-05-16,FR,56.416,42.87,2022
2022-05-17,FR,57.259,43.51,2022
2022-05-18,FR,57.7993,43.92,2022
2022-05-19,FR,58.4477,44.41,2022
2022-05-20,FR,59.2872,45.05,2022
2022-05-21,FR,60.2626,45.79,2022
2022-05-22,FR,61.3234,46.6,2022
2022-05-23,FR,62.1205,47.2,2022
2022-05-24,FR,62.9819,47.86,2022
2022-05-25,FR,63.7998,48.48,2022
2022-05-26,FR,64.758,49.21,2022
2022-05-27,FR,65.7213,49.94,2022
2022-05-28,FR,66.6181,50.62,2022
2022-05-29,FR,67.4374,51.24,2022
2022-05-30,FR,68.0003,51.67,2022
2022-05-31,FR,68.4867,52.04,2022
2022-06-01,FR,68.8817,52.34,2022
2022-06-02,FR,69.3757,52.71,2022
2022-06-03,FR,69.8701,53.09,2022
2022-06-04,FR,70.475,53.55,2022
2022-06-05,FR,71.0589,53.99,2022
2022-06-06,FR,71.5503,54.37,2022
2022-06-07,FR,71.6963,54.48,2022
2022-06-08,FR,71.6817,54.47,2022
2022-06-09,FR,71.1931,54.09,2022
2022-06-10,FR,70.3317,53.44,2022
2022-06-11,FR,71.1102,54.03,2022
2022-06-12,FR,71.9189,54.65,2022
2022-06-13,FR,73.1147,55.55,2022
2022-06-14,FR,73.5433,55.88,2022
2022-06-15,FR,74.0032,56.23,2022
2022-06-16,FR,74.4983,56.61,2022
2022-06-17,FR,74.9645,56.96,2022
2022-06-18,FR,75.5411,57.4,2022
2022-06-19,FR,76.1037,57.83,2022
2022-06-20,FR,76.5059,58.13,2022
2022-06-21,FR,77.1416,58.61,2022
2022-06-22,FR,77.6101,58.97,2022
2022-06-23,FR,78.0622,59.31,2022
2022-06-24,FR,78.7059,59.8,2022
2022-06-25,FR,79.4132,60.34,2022
2022-06-26,FR,80.1022,60.86,2022
2022-06-27,FR,80.6328,61.27,2022
2022-06-28,FR,81.1611,61.67,2022
2022-06-29,FR,81.682,62.06,2022
2022-06-30,FR,82.1438,62.42,2022
2022-07-01,FR,82.9,62.99,2022
2022-07-02,FR,83.707,63.6,2022
2022-07-03,FR,84.4948,64.2,2022
2022-07-04,FR,85.1567,64.7,2022
2022-07-05,FR,85.8067,65.2,2022
2022-07-06,FR,86.5171,65.74,2022
2022-07-07,FR,87.3231,66.35,2022
2022-07-08,FR,87.9869,66.86,2022
2022-07-09,FR,88.8825,67.54,2022
2022-07-10,FR,89.7103,68.16,2022
2022-07-11,FR,89.9778,68.37,2022
2022-07-12,FR,90.4663,68.74,2022
2022-07-13,FR,91.0061,69.15,2022
2022-07-14,FR,91.7236,69.69,2022
2022-07-15,FR,92.4774,70.27,2022
2022-07-16,FR,93.4152,70.98,2022
2022-07-17,FR,94.2344,71.6,2022
2022-07-18,FR,95.0428,72.22,2022
2022-07-19,FR,95.4668,72.54,2022
2022-07-20,FR,96.0616,72.99,2022
2022-07-21,FR,96.6935,73.47,2022
2022-07-22,FR,97.4656,74.06,2022
2022-07-23,FR,98.3641,74.74,2022
2022-07-24,FR,99.3161,75.46,2022
2022-07-25,FR,100.1694,76.11,2022
2022-07-26,FR,100.858,76.64,2022
2022-07-27,FR,101.5899,77.19,2022
2022-07-28,FR,102.1348,77.61,2022
2022-07-29,FR,102.7855,78.1,2022
2022-07-30,FR,103.6498,78.76,2022
2022-07-31,FR,104.4344,79.35,2022
2022-08-01,FR,105.2165,79.95,2022
2022-08-02,FR,105.8788,80.45,2022
2022-08-03,FR,106.4499,80.88,2022
2022-08-04,FR,107.0143,81.31,2022
2022-08-05,FR,107.6321,81.78,2022
2022-08-06,FR,108.4466,82.4,2022
2022-08-07,FR,109.2532,83.01,2022
2022-08-08,FR,109.9181,83.52,2022
2022-08-09,FR,110.5922,84.03,2022
2022-08-10,FR,111.2606,84.54,2022
2022-08-11,FR,111.8431,84.98,2022
2022-08-12,FR,112.4155,85.42,2022
2022-08-13,FR,112.9903,85.85,2022
2022-08-14,FR,113.5006,86.24,2022
2022-08-15,FR,113.9773,86.6,2022
2022-08-16,FR,114.5272,87.02,2022
2022-08-17,FR,115.1068,87.46,2022
2022-08-18,FR,115.7129,87.92,2022
2022-08-19,FR,116.3374,88.4,2022
2022-08-20,FR,117.0875,88.97,2022
2022-08-21,FR,117.8062,89.51,2022
2022-08-22,FR,118.2022,89.81,2022
2022-08-23,FR,118.5196,90.06,2022
2022-08-24,FR,118.8916,90.34,2022
2022-08-25,FR,119.2108,90.58,2022
2022-08-26,FR,119.5086,90.81,2022
2022-08-27,FR,119.9495,91.14,2022
2022-08-28,FR,120.3882,91.47,2022
2022-08-29,FR,120.4776,91.54,2022
2022-08-30,FR,120.6599,91.68,2022
2022-08-31,FR,120.9329,91.89,2022
2022-09-01,FR,121.2669,91.45,2022
2022-09-02,FR,121.6826,91.76,2022
2022-09-03,FR,122.209,92.16,2022
2022-09-04,FR,122.7366,92.56,2022
2022-09-05,FR,123.0884,92.82,2022
2022-09-06,FR,123.3397,93.01,2022
2022-09-07,FR,123.655,93.25,2022
2022-09-08,FR,124.0434,93.54,2022
2022-09-09,FR,124.1402,93.62,2022
2022-09-10,FR,124.3939,93.81,2022
2022-09-11,FR,124.7023,94.04,2022
2022-09-12,FR,124.9204,94.2,2022
2022-09-13,FR,125.1708,94.39,2022
2022-09-14,FR,125.4083,94.57,2022
2022-09-15,FR,125.6658,94.77,2022
2022-09-16,FR,126.0701,95.07,2022
2022-09-17,FR,126.3392,95.27,2022
2022-09-18,FR,126.7245,95.57,2022
2022-09-19,FR,126.8554,95.66,2022
2022-09-20,FR,127.0434,95.81,2022
2022-09-21,FR,127.1674,95.9,2022
2022-09-22,FR,127.2799,95.98,2022
2022-09-23,FR,127.4825,96.14,2022
2022-09-24,FR,127.7718,96.36,2022
2022-09-25,FR,128.0969,96.6,2022
2022-09-26,FR,128.3034,96.76,2022
2022-09-27,FR,128.4015,96.83,2022
2022-09-28,FR,128.2058,96.68,2022
2022-09-29,FR,128.5763,96.96,2022
2022-09-30,FR,128.6825,97.04,2022
2022-10-01,FR,129.1065,97.36,2023
2022-10-02,FR,129.3712,97.56,2023
2022-10-03,FR,129.2954,97.5,2023
2022-10-04,FR,129.3006,97.51,2023
2022-10-05,FR,129.3194,97.52,2023
2022-10-06,FR,129.3651,97.56,2023
2022-10-07,FR,129.5488,97.7,2023
2022-10-08,FR,129.7938,97.88,2023
2022-10-09,FR,130.0365,98.06,2023
2022-10-10,FR,130.2431,98.22,2023
2022-10-11,FR,130.417,98.35,2023
2022-10-12,FR,130.5185,98.43,2023
2022-10-13,FR,130.5661,98.46,2023
2022-10-14,FR,130.6674,98.54,2023
2022-10-15,FR,130.9367,98.74,2023
2022-10-16,FR,131.2635,98.99,2023
2022-10-17,FR,131.5094,99.17,2023
2022-10-18,FR,131.7187,99.33,2023
2022-10-19,FR,131.8684,99.44,2023
2022-10-20,FR,131.8637,99.44,2023
2022-10-21,FR,131.9455,99.5,2023
2022-10-22,FR,132.0504,99.58,2023
2022-10-23,FR,132.2961,99.77,2023
2022-10-24,FR,132.4031,99.85,2023
2022-10-25,FR,132.3968,99.84,2023
2022-10-26,FR,132.297,99.77,2023
2022-10-27,FR,132.2958,99.77,2023
2022-10-28,FR,132.2357,99.72,2023
2022-10-29,FR,132.4317,99.87,2023
2022-10-30,FR,132.4744,99.9,2023
2022-10-31,FR,132.6554,100.04,2023
2022-11-01,FR,132.7621,100.12,2023
2022-11-02,FR,132.7407,100.1,2023
2022-11-03,FR,132.6234,100.01,2023
2022-11-04,FR,132.6555,100.04,2023
2022-11-05,FR,132.611,99.26,2023
2022-11-06,FR,132.6523,99.29,2023
2022-11-07,FR,132.5968,99.25,2023
2022-11-08,FR,132.694,99.32,2023
2022-11-09,FR,132.7015,99.33,2023
2022-11-10,FR,132.5635,99.22,2023
2022-11-11,FR,132.5678,99.23,2023
2022-11-12,FR,132.6148,99.26,2023
2022-11-13,FR,132.6474,99.29,2023
2022-11-14,FR,132.6143,99.26,2023
2022-11-15,FR,132.4698,99.15,2023
2022-11-16,FR,132.5008,99.18,2023
2022-11-17,FR,132.537,99.2,2023
2022-11-18,FR,132.3865,99.09,2023
2022-11-19,FR,132.3736,99.08,2023
2022-11-20,FR,132.3118,99.03,2023
2022-11-21,FR,132.2116,98.96,2023
2022-11-22,FR,131.6406,98.53,2023
2022-11-23,FR,131.4978,98.42,2023
2022-11-24,FR,131.3455,98.31,2023
2022-11-25,FR,131.1467,98.16,2023
2022-11-26,FR,131.0694,98.1,2023
2022-11-27,FR,131.1654,98.18,2023
2022-11-28,FR,130.9504,98.01,2023
2022-11-29,FR,130.2758,97.51,2023
2022-11-30,FR,129.5492,96.97,2023
2022-12-01,FR,128.3411,96.06,2023
2022-12-02,FR,127.4949,95.43,2023
2022-12-03,FR,126.8508,94.95,2023
2022-12-04,FR,126.1951,94.46,2023
2022-12-05,FR,125.3741,93.84,2023
2022-12-06,FR,124.3922,93.11,2023
2022-12-07,FR,123.2333,92.24,2023
2022-12-08,FR,122.1048,91.39,2023
2022-12-09,FR,121.0058,90.57,2023
2022-12-10,FR,120.0652,89.87,2023
2022-12-11,FR,119.0144,89.08,2023
2022-12-12,FR,117.8125,88.18,2023
2022-12-13,FR,116.4157,87.14,2023
2022-12-14,FR,115.5642,86.5,2023
2022-12-15,FR,114.6262,85.8,2023
2022-12-16,FR,113.6771,85.09,2023
2022-12-17,FR,112.8357,84.46,2023
2022-12-18,FR,112.2502,84.02,2023
2022-12-19,FR,111.8237,83.7,2023
2022-12-20,FR,111.5215,83.47,2023
2022-12-21,FR,111.4535,83.42,2023
2022-12-22,FR,111.4233,83.4,2023
2022-12-23,FR,111.4299,83.4,2023
2022-12-24,FR,111.8413,83.71,2023
2022-12-25,FR,112.1559,83.95,2023
2022-12-26,FR,112.2906,84.05,2023
2022-12-27,FR,112.2478,84.02,2023
2022-12-28,FR,112.3269,84.08,2023
2022-12-29,FR,112.381,84.12,2023
2022-12-30,FR,112.4152,84.14,2023
2022-12-31,FR,112.5609,84.25,2023
2023-01-01,FR,112.6249,84.3,2023
2023-01-02,FR,112.6043,84.28,2023
2023-01-03,FR,112.1106,83.91,2023
2023-01-04,FR,111.8051,83.68,2023
2023-01-05,FR,111.3245,83.33,2023
2023-01-06,FR,110.939,83.04,2023
2023-01-07,FR,110.587,82.77,2023
2023-01-08,FR,110.0971,82.41,2023
2023-01-09,FR,109.4871,81.95,2023
2023-01-10,FR,108.7832,81.42,2023
2023-01-11,FR,108.1587,80.96,2023
2023-01-12,FR,107.6016,80.54,2023
2023-01-13,FR,106.9976,80.09,2023
2023-01-14,FR,106.5206,79.73,2023
2023-01-15,FR,105.8913,79.26,2023
2023-01-16,FR,104.8916,78.51,2023
2023-01-17,FR,103.7312,77.64,2023
2023-01-18,FR,102.4016,76.65,2023
2023-01-19,FR,101.0642,75.65,2023
2023-01-20,FR,99.5942,74.55,2023
2023-01-21,FR,98.3778,73.63,2023
2023-01-22,FR,97.0815,72.66,2023
2023-01-23,FR,95.7297,71.65,2023
2023-01-24,FR,94.4957,70.73,2023
2023-01-25,FR,93.2399,69.79,2023
2023-01-26,FR,91.9087,68.79,2023
2023-01-27,FR,90.5378,67.77,2023
2023-01-28,FR,89.3168,66.85,2023
2023-01-29,FR,88.1577,65.98,2023
2023-01-30,FR,86.8516,65.01,2023
2023-01-31,FR,85.9627,64.34,2023
2023-02-01,FR,84.9372,63.57,2023
2023-02-02,FR,83.7321,62.67,2023
2023-02-03,FR,82.6047,61.83,2023
2023-02-04,FR,81.7273,61.17,2023
2023-02-05,FR,80.8764,60.54,2023
2023-02-06,FR,79.4165,59.44,2023
2023-02-07,FR,78.1477,58.49,2023
2023-02-08,FR,76.7284,57.43,2023
2023-02-09,FR,75.2001,56.29,2023
2023-02-10,FR,73.7142,55.17,2023
2023-02-11,FR,72.5324,54.29,2023
2023-02-12,FR,71.4345,53.47,2023
2023-02-13,FR,70.1318,52.49,2023
2023-02-14,FR,68.7823,51.48,2023
2023-02-15,FR,67.4128,50.46,2023
2023-02-16,FR,66.5417,49.81,2023
2023-02-17,FR,65.7456,49.21,2023
2023-02-18,FR,65.1634,48.77,2023
2023-02-19,FR,64.5689,48.33,2023
2023-02-20,FR,63.586,47.59,2023
2023-02-21,FR,62.5307,46.8,2023
2023-02-22,FR,61.6081,46.11,2023
2023-02-23,FR,60.5015,45.28,2023
2023-02-24,FR,59.408,44.47,2023
2023-02-25,FR,58.7059,43.94,2023
2023-02-26,FR,57.8616,43.31,2023
2023-02-27,FR,56.6098,42.37,2023
2023-02-28,FR,55.529,41.56,2023
2023-03-01,FR,54.3509,40.68,2023
2023-03-02,FR,53.2409,39.85,2023
2023-03-03,FR,52.0238,38.94,2023
2023-03-04,FR,51.1339,38.27,2023
2023-03-05,FR,50.2129,37.58,2023
2023-03-06,FR,48.7591,36.5,2023
2023-03-07,FR,47.4541,35.52,2023
2023-03-08,FR,46.3981,34.73,2023
2023-03-09,FR,45.4121,33.99,2023
2023-03-10,FR,44.3914,33.23,2023
2023-03-11,FR,43.446,32.52,2023
2023-03-12,FR,42.8217,32.05,2023
2023-03-13,FR,42.2733,31.64,2023
2023-03-14,FR,41.3786,30.97,2023
2023-03-15,FR,40.2384,30.12,2023
2023-03-16,FR,39.5027,29.57,2023
2023-03-17,FR,39.1091,29.27,2023
2023-03-18,FR,38.9978,29.19,2023
2023-03-19,FR,38.7891,29.03,2023
2023-03-20,FR,38.2469,28.63,2023
2023-03-21,FR,38.0244,28.46,2023
2023-03-22,FR,37.9014,28.37,2023
2023-03-23,FR,37.7289,28.24,2023
2023-03-24,FR,37.9867,28.43,2023
2023-03-25,FR,38.1932,28.59,2023
2023-03-26,FR,38.236,28.62,2023
2023-03-27,FR,37.7451,28.25,2023
2023-03-28,FR,36.8983,27.62,2023
2023-03-29,FR,36.698,27.47,2023
2023-03-30,FR,36.815,27.56,2023
2023-03-31,FR,36.9595,27.66,2023
2023-04-01,FR,37.357,28.33,2023
2023-04-02,FR,37.5887,28.51,2023
2023-04-03,FR,37.4067,28.37,2023
2023-04-04,FR,37.1308,28.16,2023
2023-04-05,FR,36.929,28.01,2023
2023-04-06,FR,36.6753,27.81,2023
2023-04-07,FR,36.7462,27.87,2023
2023-04-08,FR,36.9467,28.02,2023
2023-04-09,FR,37.3573,28.33,2023
2023-04-10,FR,37.8086,28.67,2023
2023-04-11,FR,38.021,28.83,2023
2023-04-12,FR,38.1346,28.92,2023
2023-04-13,FR,37.9607,28.79,2023
2023-04-14,FR,38.1301,28.92,2023
2023-04-15,FR,38.6423,29.31,2023
2023-04-16,FR,39.1187,29.67,2023
2023-04-17,FR,39.4852,29.95,2023
2023-04-18,FR,40.0106,30.34,2023
2023-04-19,FR,40.8208,30.96,2023
2023-04-20,FR,41.5815,31.54,2023
2023-04-21,FR,42.3701,32.13,2023
2023-04-22,FR,43.1868,32.75,2023
2023-04-23,FR,44.0686,33.42,2023
2023-04-24,FR,44.8448,34.01,2023
2023-04-25,FR,45.5597,34.55,2023
2023-04-26,FR,45.9766,34.87,2023
2023-04-27,FR,46.7152,35.43,2023
2023-04-28,FR,47.4628,36.0,2023
2023-04-29,FR,48.3142,36.64,2023
2023-04-30,FR,49.3258,37.41,2023
2023-05-01,FR,50.2492,38.11,2023
2023-05-02,FR,50.9449,38.64,2023
2023-05-03,FR,51.732,39.23,2023
2023-05-04,FR,52.6638,39.94,2023
2023-05-05,FR,53.3199,40.44,2023
2023-05-06,FR,54.0889,41.02,2023
2023-05-07,FR,55.0592,41.76,2023
2023-05-08,FR,55.9637,42.44,2023
2023-05-09,FR,56.7777,43.06,2023
2023-05-10,FR,57.5283,43.63,2023
2023-05-11,FR,58.3192,44.23,2023
2023-05-12,FR,59.0934,44.82,2023
2023-05-13,FR,59.9773,45.49,2023
2023-05-14,FR,60.8658,46.16,2023
2023-05-15,FR,61.5131,46.04,2023
2023-05-16,FR,61.9903,47.01,2023
2023-05-17,FR,62.6822,47.54,2023
2023-05-18,FR,63.3727,48.06,2023
2023-05-19,FR,63.9808,48.52,2023
2023-05-20,FR,64.664,49.04,2023
2023-05-21,FR,65.3367,49.55,2023
2023-05-22,FR,65.5832,49.74,2023
2023-05-23,FR,65.8918,49.97,2023
2023-05-24,FR,66.0872,50.12,2023
2023-05-25,FR,66.5265,50.45,2023
2023-05-26,FR,66.9637,50.79,2023
2023-05-27,FR,67.5538,51.23,2023
2023-05-28,FR,68.0577,51.61,2023
2023-05-29,FR,68.4545,51.92,2023
2023-05-30,FR,68.6458,52.06,2023
2023-05-31,FR,68.8821,52.24,2023
2023-06-01,FR,69.0964,52.4,2023
2023-06-02,FR,69.5249,52.73,2023
2023-06-03,FR,70.1247,53.18,2023
2023-06-04,FR,70.7612,53.67,2023
2023-06-05,FR,71.0853,53.91,2023
2023-06-06,FR,71.3674,54.12,2023
2023-06-07,FR,71.5739,54.28,2023
2023-06-08,FR,71.956,54.57,2023
2023-06-09,FR,72.5306,55.01,2023
2023-06-10,FR,73.2194,55.53,2023
2023-06-11,FR,74.025,56.14,2023
2023-06-12,FR,74.6239,56.59,2023
2023-06-13,FR,75.151,56.99,2023
2023-06-14,FR,75.7417,57.44,2023
2023-06-15,FR,76.1789,57.77,2023
2023-06-16,FR,76.6998,58.17,2023
2023-06-17,FR,77.3386,58.65,2023
2023-06-18,FR,78.0112,59.16,2023
2023-06-19,FR,78.5001,59.53,2023
2023-06-20,FR,78.7213,59.7,2023
2023-06-21,FR,78.939,59.87,2023
2023-06-22,FR,78.9063,59.84,2023
2023-06-23,FR,79.1455,60.02,2023
2023-06-24,FR,79.7216,60.46,2023
2023-06-25,FR,80.3159,60.91,2023
2023-06-26,FR,80.5999,61.13,2023
2023-06-27,FR,80.8375,61.31,2023
2023-06-28,FR,81.0342,61.46,2023
2023-06-29,FR,81.2256,61.6,2023
2023-06-30,FR,81.5635,61.86,2023
2023-07-01,FR,82.2511,61.45,2023
2023-07-02,FR,82.9462,61.97,2023
2023-07-03,FR,83.3351,62.26,2023
2023-07-04,FR,83.7651,62.58,2023
2023-07-05,FR,84.4224,63.07,2023
2023-07-06,FR,85.039,63.53,2023
2023-07-07,FR,85.7641,64.07,2023
2023-07-08,FR,86.6033,64.7,2023
2023-07-09,FR,87.4425,65.33,2023
2023-07-10,FR,88.0238,65.76,2023
2023-07-11,FR,88.5957,66.19,2023
2023-07-12,FR,89.2368,66.67,2023
2023-07-13,FR,89.7747,67.07,2023
2023-07-14,FR,90.5457,67.65,2023
2023-07-15,FR,91.5383,68.39,2023
2023-07-16,FR,92.414,69.04,2023
2023-07-17,FR,93.0728,69.53,2023
2023-07-18,FR,93.5624,69.9,2023
2023-07-19,FR,93.9739,70.21,2023
2023-07-20,FR,94.4781,70.58,2023
2023-07-21,FR,95.1535,71.09,2023
2023-07-22,FR,95.8942,71.64,2023
2023-07-23,FR,96.7082,72.25,2023
2023-07-24,FR,97.2889,72.68,2023
2023-07-25,FR,97.9098,73.15,2023
2023-07-26,FR,98.5197,73.6,2023
2023-07-27,FR,99.1394,74.07,2023
2023-07-28,FR,99.7853,74.55,2023
2023-07-29,FR,100.6197,75.17,2023
2023-07-30,FR,101.4781,75.81,2023
2023-07-31,FR,102.1794,76.34,2023
2023-08-01,FR,102.9823,75.53,2023
2023-08-02,FR,103.6811,76.04,2023
2023-08-03,FR,104.4238,76.59,2023
2023-08-04,FR,104.8938,76.93,2023
2023-08-05,FR,105.7132,77.53,2023
2023-08-06,FR,106.5054,78.11,2023
2023-08-07,FR,107.3222,78.71,2023
2023-08-08,FR,108.0913,79.28,2023
2023-08-09,FR,108.8494,79.83,2023
2023-08-10,FR,109.4747,80.29,2023
2023-08-11,FR,110.2817,80.88,2023
2023-08-12,FR,111.2076,81.56,2023
2023-08-13,FR,112.1333,82.24,2023
2023-08-14,FR,113.0151,82.89,2023
2023-08-15,FR,113.8561,83.51,2023
2023-08-16,FR,114.6076,84.06,2023
2023-08-17,FR,115.4112,84.65,2023
2023-08-18,FR,116.2081,85.23,2023
2023-08-19,FR,116.9926,85.81,2023
2023-08-20,FR,117.7564,86.37,2023
2023-08-21,FR,118.3505,86.8,2023
2023-08-22,FR,118.6624,87.03,2023
2023-08-23,FR,118.9531,87.24,2023
2023-08-24,FR,119.2399,87.45,2023
2023-08-25,FR,119.6078,87.72,2023
2023-08-26,FR,119.9732,87.99,2023
2023-08-27,FR,120.4809,88.36,2023
2023-08-28,FR,120.8697,88.65,2023
2023-08-29,FR,121.0864,88.81,2023
2023-08-30,FR,121.2719,88.94,2023
2023-08-31,FR,121.4263,89.06,2023
2023-09-01,FR,121.6155,89.2,2023
2023-09-02,FR,121.9808,89.46,2023
2023-09-03,FR,122.3928,89.77,2023
2023-09-04,FR,122.6343,89.94,2023
2023-09-05,FR,122.7487,90.03,2023
2023-09-06,FR,122.6947,89.99,2023
2023-09-07,FR,122.7473,90.03,2023
2023-09-08,FR,122.8047,90.07,2023
2023-09-09,FR,122.829,90.09,2023
2023-09-10,FR,122.8404,90.09,2023
2023-09-11,FR,122.7776,90.05,2023
2023-09-12,FR,122.4639,89.82,2023
2023-09-13,FR,122.1715,89.6,2023
2023-09-14,FR,121.9549,89.45,2023
2023-09-15,FR,121.8121,89.34,2023
2023-09-16,FR,121.7961,89.33,2023
2023-09-17,FR,121.7888,89.32,2023
2023-09-18,FR,121.7427,89.29,2023
2023-09-19,FR,121.728,89.28,2023
2023-09-20,FR,121.8379,89.36,2023
2023-09-21,FR,122.0033,89.48,2023
2023-09-22,FR,122.2944,89.69,2023
2023-09-23,FR,122.6782,89.98,2023
2023-09-24,FR,123.1653,90.33,2023
2023-09-25,FR,123.4406,90.54,2023
2023-09-26,FR,123.7647,90.77,2023
2023-09-27,FR,124.1867,91.08,2023
2023-09-28,FR,124.5937,91.38,2023
2023-09-29,FR,125.0073,91.68,2023
2023-09-30,FR,125.6442,92.15,2023
2023-10-01,FR,126.2437,93.97,2024
2023-10-02,FR,126.6659,94.28,2024
2023-10-03,FR,127.1253,94.62,2024
2023-10-04,FR,127.4454,94.86,2024
2023-10-05,FR,127.5988,94.97,2024
2023-10-06,FR,128.0186,95.29,2024
2023-10-07,FR,128.3863,95.56,2024
2023-10-08,FR,128.7307,95.82,2024
2023-10-09,FR,128.9283,95.96,2024
2023-10-10,FR,129.3441,96.27,2024
2023-10-11,FR,129.6872,96.53,2024
2023-10-12,FR,130.0485,96.8,2024
2023-10-13,FR,130.5177,97.15,2024
2023-10-14,FR,131.0079,97.51,2024
2023-10-15,FR,131.4374,97.83,2024
2023-10-16,FR,131.5675,97.93,2024
2023-10-17,FR,131.7876,98.09,2024
2023-10-18,FR,132.1131,98.33,2024
2023-10-19,FR,132.3391,98.5,2024
2023-10-20,FR,132.4791,98.61,2024
2023-10-21,FR,132.5669,98.67,2024
2023-10-22,FR,132.812,98.85,2024
2023-10-23,FR,132.9235,98.94,2024
2023-10-24,FR,132.9087,98.93,2024
2023-10-25,FR,132.872,98.9,2024
2023-10-26,FR,132.8917,98.91,2024
2023-10-27,FR,132.9746,98.98,2024
2023-10-28,FR,133.2657,99.19,2024
2023-10-29,FR,133.5755,99.42,2024
2023-10-30,FR,133.6932,99.51,2024
2023-10-31,FR,133.8533,99.63,2024
2023-11-01,FR,134.1339,99.84,2024
2023-11-02,FR,134.3132,99.97,2024
2023-11-03,FR,134.213,99.9,2024
2023-11-04,FR,134.2503,99.93,2024
2023-11-05,FR,134.3403,99.99,2024
2023-11-06,FR,134.2219,99.9,2024
2023-11-07,FR,134.0526,99.78,2024
2023-11-08,FR,134.0265,99.76,2024
2023-11-09,FR,134.0733,99.79,2024
2023-11-10,FR,134.0569,99.78,2024
2023-11-11,FR,133.9916,99.73,2024
2023-11-12,FR,133.9778,99.72,2024
2023-11-13,FR,133.961,99.71,2024
2023-11-14,FR,133.9966,99.74,2024
2023-11-15,FR,133.6809,99.5,2024
2023-11-16,FR,133.5381,99.4,2024
2023-11-17,FR,133.4927,99.36,2024
2023-11-18,FR,133.6811,99.5,2024
2023-11-19,FR,133.9999,99.74,2024
2023-11-20,FR,133.9325,99.69,2024
2023-11-21,FR,133.7803,99.58,2024
2023-11-22,FR,133.5593,99.41,2024
2023-11-23,FR,133.1833,99.13,2024
2023-11-24,FR,132.8395,98.88,2024
2023-11-25,FR,132.5923,98.69,2024
2023-11-26,FR,132.3583,98.52,2024
2023-11-27,FR,131.7623,98.07,2024
2023-11-28,FR,130.9573,97.47,2024
2023-11-29,FR,129.8705,96.67,2024
2023-11-30,FR,129.0348,96.04,2024
2023-12-01,FR,128.0813,95.33,2024
2023-12-02,FR,127.1586,94.65,2024
2023-12-03,FR,126.3282,94.03,2024
2023-12-04,FR,125.3699,93.32,2024
2023-12-05,FR,124.4205,92.61,2024
2023-12-06,FR,123.4263,91.87,2024
2023-12-07,FR,122.5013,91.18,2024
2023-12-08,FR,121.7137,90.59,2024
2023-12-09,FR,121.3278,90.31,2024
2023-12-10,FR,120.9515,90.03,2024
2023-12-11,FR,120.5198,89.71,2024
2023-12-12,FR,120.0773,89.38,2024
2023-12-13,FR,119.3518,88.84,2024
2023-12-14,FR,118.6606,88.32,2024
2023-12-15,FR,117.9511,87.79,2024
2023-12-16,FR,117.6588,87.58,2024
2023-12-17,FR,117.3174,87.32,2024
2023-12-18,FR,116.2223,86.51,2024
2023-12-19,FR,115.3331,85.84,2024
2023-12-20,FR,114.5812,85.29,2024
2023-12-21,FR,114.0092,84.86,2024
2023-12-22,FR,113.6945,84.63,2024
2023-12-23,FR,113.5737,84.54,2024
2023-12-24,FR,113.5689,84.53,2024
2023-12-25,FR,113.4978,84.48,2024
2023-12-26,FR,113.3121,84.34,2024
2023-12-27,FR,113.0453,84.14,2024
2023-12-28,FR,112.7914,83.95,2024
2023-12-29,FR,112.4869,83.73,2024
2023-12-30,FR,112.4193,83.68,2024
2023-12-31,FR,112.3399,83.62,2024
2024-01-01,FR,111.981,83.35,2024
2024-01-02,FR,111.7289,83.16,2024
2024-01-03,FR,111.2508,82.81,2024
2024-01-04,FR,110.3918,82.17,2024
2024-01-05,FR,109.3293,81.38,2024
2024-01-06,FR,108.3525,80.65,2024
2024-01-07,FR,107.1731,79.77,2024
2024-01-08,FR,105.5645,78.57,2024
2024-01-09,FR,103.9309,77.36,2024
2024-01-10,FR,102.224,76.09,2024
2024-01-11,FR,100.6185,74.89,2024
2024-01-12,FR,99.0445,73.72,2024
2024-01-13,FR,97.6117,72.65,2024
2024-01-14,FR,96.3568,71.72,2024
2024-01-15,FR,94.9002,70.64,2024
2024-01-16,FR,93.5168,69.61,2024
2024-01-17,FR,92.3414,68.73,2024
2024-01-18,FR,91.007,67.74,2024
2024-01-19,FR,89.7017,66.77,2024
2024-01-20,FR,88.3396,65.75,2024
2024-01-21,FR,87.4477,65.09,2024
2024-01-22,FR,86.5381,64.41,2024
2024-01-23,FR,85.6333,63.74,2024
2024-01-24,FR,84.9353,63.22,2024
2024-01-25,FR,84.2714,62.72,2024
2024-01-26,FR,83.631,62.25,2024
2024-01-27,FR,82.833,61.65,2024
2024-01-28,FR,82.2392,61.21,2024
2024-01-29,FR,81.3969,60.59,2024
2024-01-30,FR,80.5558,59.96,2024
2024-01-31,FR,79.7932,59.39,2024
2024-02-01,FR,78.9168,58.74,2024
2024-02-02,FR,78.2093,58.21,2024
2024-02-03,FR,77.5928,57.75,2024
2024-02-04,FR,76.7803,57.15,2024
2024-02-05,FR,75.7233,56.36,2024
2024-02-06,FR,74.7409,55.63,2024
2024-02-07,FR,73.9013,55.01,2024
2024-02-08,FR,73.3098,54.57,2024
2024-02-09,FR,72.7465,54.15,2024
2024-02-10,FR,72.1242,53.68,2024
2024-02-11,FR,71.4212,53.16,2024
2024-02-12,FR,70.3044,52.33,2024
2024-02-13,FR,69.3223,51.6,2024
2024-02-14,FR,68.5698,51.04,2024
2024-02-15,FR,67.9213,50.56,2024
2024-02-16,FR,67.318,50.11,2024
2024-02-17,FR,66.8851,49.78,2024
2024-02-18,FR,66.4315,49.45,2024
2024-02-19,FR,66.0415,49.16,2024
2024-02-20,FR,65.5446,48.79,2024
2024-02-21,FR,64.9865,48.37,2024
2024-02-22,FR,64.4279,47.96,2024
2024-02-23,FR,63.5637,47.31,2024
2024-02-24,FR,62.9906,46.89,2024
2024-02-25,FR,62.5017,46.52,2024
2024-02-26,FR,61.656,45.89,2024
2024-02-27,FR,60.7062,45.18,2024
2024-02-28,FR,59.6727,44.42,2024
2024-02-29,FR,59.0254,43.93,2024
2024-03-01,FR,58.5105,43.55,2024
2024-03-02,FR,58.2985,43.39,2024
2024-03-03,FR,57.9426,43.13,2024
2024-03-04,FR,57.3087,42.66,2024
2024-03-05,FR,56.6245,42.15,2024
2024-03-06,FR,55.7753,41.51,2024
2024-03-07,FR,55.2138,41.1,2024
2024-03-08,FR,54.8057,40.79,2024
2024-03-09,FR,54.5749,40.62,2024
2024-03-10,FR,54.2359,40.37,2024
2024-03-11,FR,53.5404,39.85,2024
2024-03-12,FR,52.925,39.39,2024
2024-03-13,FR,52.4152,39.01,2024
2024-03-14,FR,52.2215,38.87,2024
2024-03-15,FR,52.2296,38.88,2024
2024-03-16,FR,52.0955,38.78,2024
2024-03-17,FR,52.0069,38.71,2024
2024-03-18,FR,51.61,38.41,2024
2024-03-19,FR,51.2996,38.18,2024
2024-03-20,FR,51.0575,38.0,2024
2024-03-21,FR,50.8611,37.86,2024
2024-03-22,FR,50.7354,37.76,2024
2024-03-23,FR,50.7936,37.81,2024
2024-03-24,FR,50.7343,37.76,2024
2024-03-25,FR,50.4825,37.58,2024
2024-03-26,FR,50.2915,37.43,2024
2024-03-27,FR,49.9469,37.18,2024
2024-03-28,FR,49.6244,36.94,2024
2024-03-29,FR,49.781,37.05,2024
2024-03-30,FR,50.0419,37.25,2024
2024-03-31,FR,50.3658,37.49,2024
2024-04-01,FR,50.6558,39.31,2024
2024-04-02,FR,50.8185,39.44,2024
2024-04-03,FR,51.1554,39.7,2024
2024-04-04,FR,51.625,40.06,2024
2024-04-05,FR,52.2639,40.56,2024
2024-04-06,FR,53.1034,41.21,2024
2024-04-07,FR,53.9607,41.87,2024
2024-04-08,FR,54.4383,42.24,2024
2024-04-09,FR,54.8464,42.56,2024
2024-04-10,FR,55.0788,42.74,2024
2024-04-11,FR,55.4837,43.06,2024
2024-04-12,FR,56.1586,43.58,2024
2024-04-13,FR,57.0447,44.27,2024
2024-04-14,FR,57.933,44.96,2024
2024-04-15,FR,58.4557,45.36,2024
2024-04-16,FR,58.8856,45.7,2024
2024-04-17,FR,59.0899,45.85,2024
2024-04-18,FR,59.4129,46.1,2024
2024-04-19,FR,59.7356,46.36,2024
2024-04-20,FR,60.1754,46.7,2024
2024-04-21,FR,60.558,46.99,2024
2024-04-22,FR,60.7812,47.17,2024
2024-04-23,FR,60.9831,47.32,2024
2024-04-24,FR,61.0949,47.41,2024
2024-04-25,FR,61.0795,47.4,2024
2024-04-26,FR,61.2188,47.51,2024
2024-04-27,FR,61.7219,47.9,2024
2024-04-28,FR,62.2642,48.32,2024
2024-04-29,FR,62.7741,48.71,2024
2024-04-30,FR,63.3628,49.17,2024
2024-05-01,FR,63.8442,49.54,2024
2024-05-02,FR,64.114,49.75,2024
2024-05-03,FR,64.312,49.91,2024
2024-05-04,FR,64.7125,50.22,2024
2024-05-05,FR,65.1654,50.57,2024
2024-05-06,FR,65.3208,50.69,2024
2024-05-07,FR,65.6146,50.92,2024
2024-05-08,FR,65.9176,51.15,2024
2024-05-09,FR,66.4918,51.6,2024
2024-05-10,FR,67.1514,52.11,2024
2024-05-11,FR,67.9768,52.75,2024
2024-05-12,FR,68.7951,53.39,2024
2024-05-13,FR,69.3898,53.85,2024
2024-05-14,FR,69.9248,54.26,2024
2024-05-15,FR,70.3836,54.62,2024
2024-05-16,FR,70.6274,54.81,2024
2024-05-17,FR,71.0578,55.14,2024
2024-05-18,FR,71.6002,55.56,2024
2024-05-19,FR,72.1598,56.0,2024
2024-05-20,FR,72.5622,56.31,2024
2024-05-21,FR,72.6471,56.37,2024
2024-05-22,FR,72.6708,56.39,2024
2024-05-23,FR,72.9509,56.61,2024
2024-05-24,FR,73.2315,56.83,2024
2024-05-25,FR,73.7642,57.24,2024
2024-05-26,FR,74.3468,57.69,2024
2024-05-27,FR,74.709,57.97,2024
2024-05-28,FR,74.9626,58.17,2024
2024-05-29,FR,75.2134,58.37,2024
2024-05-30,FR,75.5466,58.62,2024
2024-05-31,FR,76.0157,58.99,2024
2024-06-01,FR,76.4615,59.33,2024
2024-06-02,FR,76.8506,59.64,2024
2024-06-03,FR,76.9243,59.69,2024
2024-06-04,FR,77.1352,59.86,2024
2024-06-05,FR,77.3849,60.05,2024
2024-06-06,FR,77.7283,60.32,2024
2024-06-07,FR,78.2114,60.69,2024
2024-06-08,FR,78.8009,61.15,2024
2024-06-09,FR,79.4008,61.62,2024
2024-06-10,FR,79.7048,61.85,2024
2024-06-11,FR,79.9103,62.01,2024
2024-06-12,FR,80.1268,62.18,2024
2024-06-13,FR,80.2059,62.24,2024
2024-06-14,FR,80.5466,62.5,2024
2024-06-15,FR,81.1534,62.98,2024
2024-06-16,FR,81.7778,63.46,2024
2024-06-17,FR,82.1683,63.76,2024
2024-06-18,FR,82.5425,64.05,2024
2024-06-19,FR,82.973,64.39,2024
2024-06-20,FR,83.2442,64.6,2024
2024-06-21,FR,83.5846,64.86,2024
2024-06-22,FR,84.0872,65.25,2024
2024-06-23,FR,84.5843,65.64,2024
2024-06-24,FR,84.9228,65.9,2024
2024-06-25,FR,85.2853,66.18,2024
2024-06-26,FR,85.6402,66.46,2024
2024-06-27,FR,86.117,66.83,2024
2024-06-28,FR,86.6289,67.22,2024
2024-06-29,FR,87.1402,67.62,2024
2024-06-30,FR,87.6736,68.04,2024
2024-07-01,FR,88.0256,68.31,2024
2024-07-02,FR,88.4004,68.6,2024
2024-07-03,FR,88.7905,68.9,2024
2024-07-04,FR,89.2002,69.22,2024
2024-07-05,FR,89.6362,69.56,2024
2024-07-06,FR,90.0959,69.65,2024
2024-07-07,FR,90.5501,70.0,2024
2024-07-08,FR,91.1793,70.48,2024
2024-07-09,FR,91.7556,70.93,2024
2024-07-10,FR,92.265,71.32,2024
2024-07-11,FR,92.7313,71.68,2024
2024-07-12,FR,93.3399,72.15,2024
2024-07-13,FR,93.9253,72.61,2024
2024-07-14,FR,94.5433,73.08,2024
2024-07-15,FR,95.1316,73.54,2024
2024-07-16,FR,95.4889,73.81,2024
2024-07-17,FR,95.8288,74.08,2024
2024-07-18,FR,96.1343,74.31,2024
2024-07-19,FR,96.5311,74.62,2024
2024-07-20,FR,97.0956,75.06,2024
2024-07-21,FR,97.7041,75.53,2024
2024-07-22,FR,97.9916,75.75,2024
2024-07-23,FR,98.2705,75.96,2024
2024-07-24,FR,98.579,75.68,2024
2024-07-25,FR,98.8813,75.91,2024
2024-07-26,FR,99.1623,76.13,2024
2024-07-27,FR,99.5822,76.45,2024
2024-07-28,FR,100.0699,76.82,2024
2024-07-29,FR,100.2991,77.0,2024
2024-07-30,FR,100.5437,77.19,2024
2024-07-31,FR,100.8618,77.43,2024
2024-08-01,FR,101.3004,77.77,2024
2024-08-02,FR,101.847,78.19,2024
2024-08-03,FR,102.5146,78.7,2024
2024-08-04,FR,103.1932,79.22,2024
2024-08-05,FR,103.6268,79.55,2024
2024-08-06,FR,104.1688,79.97,2024
2024-08-07,FR,104.7692,80.43,2024
2024-08-08,FR,105.2612,80.81,2024
2024-08-09,FR,105.7629,81.19,2024
2024-08-10,FR,106.3756,81.66,2024
2024-08-11,FR,106.9678,82.12,2024
2024-08-12,FR,107.5078,82.53,2024
2024-08-13,FR,108.0412,82.94,2024
2024-08-14,FR,108.5731,83.35,2024
2024-08-15,FR,109.3124,83.92,2024
2024-08-16,FR,110.0886,84.51,2024
2024-08-17,FR,110.869,85.11,2024
2024-08-18,FR,111.6756,85.73,2024
2024-08-19,FR,112.2989,86.21,2024
2024-08-20,FR,112.9184,86.69,2024
2024-08-21,FR,113.5623,87.18,2024
2024-08-22,FR,114.1978,87.67,2024
2024-08-23,FR,114.9113,88.22,2024
2024-08-24,FR,115.7348,88.85,2024
2024-08-25,FR,116.5509,89.47,2024
2024-08-26,FR,117.2338,90.0,2024
2024-08-27,FR,117.8641,90.48,2024
2024-08-28,FR,118.3713,89.0,2024
2024-08-29,FR,118.8499,89.36,2024
2024-08-30,FR,119.2715,89.67,2024
2024-08-31,FR,119.8568,90.12,2024
2024-09-01,FR,120.469,90.07,2024
2024-09-02,FR,120.7892,90.31,2024
2024-09-03,FR,121.1272,90.56,2024
2024-09-04,FR,121.453,90.8,2024
2024-09-05,FR,121.7711,91.04,2024
2024-09-06,FR,122.1234,91.31,2024
2024-09-07,FR,122.1687,91.34,2024
2024-09-08,FR,122.325,91.46,2024
2024-09-09,FR,122.6076,91.67,2024
2024-09-10,FR,122.7564,91.78,2024
2024-09-11,FR,122.6635,91.71,2024
2024-09-12,FR,122.5887,91.65,2024
2024-09-13,FR,122.5293,91.61,2024
2024-09-14,FR,122.5103,91.59,2024
2024-09-15,FR,122.5399,91.62,2024
2024-09-16,FR,122.4781,91.57,2024
2024-09-17,FR,122.3254,91.46,2024
2024-09-18,FR,122.1831,91.35,2024
2024-09-19,FR,122.1532,91.33,2024
2024-09-20,FR,122.3023,91.44,2024
2024-09-21,FR,122.5778,91.65,2024
2024-09-22,FR,122.8952,91.88,2024
2024-09-23,FR,123.0083,91.97,2024
2024-09-24,FR,122.9875,91.95,2024
2024-09-25,FR,123.1163,92.05,2024
2024-09-26,FR,123.1834,92.0,2024
2024-09-27,FR,123.1834,92.0,2024
2024-09-28,FR,123.4243,92.18,2024
2024-09-29,FR,123.6894,92.37,2024
2024-09-30,FR,123.7673,92.43,2024
2024-10-01,FR,123.9001,92.12,2025
2024-10-02,FR,123.9937,92.19,2025
2024-10-03,FR,123.9171,92.13,2025
2024-10-04,FR,124.0207,92.21,2025
2024-10-05,FR,124.331,92.44,2025
2024-10-06,FR,124.7717,92.77,2025
2024-10-07,FR,125.0056,92.94,2025
2024-10-08,FR,125.1206,93.03,2025
2024-10-09,FR,125.3257,93.18,2025
2024-10-10,FR,125.4722,93.29,2025
2024-10-11,FR,125.5712,93.36,2025
2024-10-12,FR,125.805,93.54,2025
2024-10-13,FR,125.9917,93.67,2025
2024-10-14,FR,126.0513,93.72,2025
2024-10-15,FR,126.3849,93.97,2025
2024-10-16,FR,126.7697,94.25,2025
2024-10-17,FR,126.9772,94.41,2025
2024-10-18,FR,127.1369,94.53,2025
2024-10-19,FR,127.422,94.74,2025
2024-10-20,FR,127.729,94.97,2025
2024-10-21,FR,127.9247,95.11,2025
2024-10-22,FR,128.0978,95.24,2025
2024-10-23,FR,128.0985,95.24,2025
2024-10-24,FR,128.1245,95.26,2025
2024-10-25,FR,128.225,95.33,2025
2024-10-26,FR,128.3682,95.44,2025
2024-10-27,FR,128.4039,95.47,2025
2024-10-28,FR,128.3482,95.43,2025
2024-10-29,FR,128.2276,95.34,2025
2024-10-30,FR,128.1945,95.31,2025
2024-10-31,FR,128.0589,95.21,2025
2024-11-01,FR,128.3467,95.42,2025
2024-11-02,FR,128.4001,95.46,2025
2024-11-03,FR,128.4395,95.49,2025
2024-11-04,FR,128.177,95.3,2025
2024-11-05,FR,127.6291,94.89,2025
2024-11-06,FR,127.0774,94.48,2025
2024-11-07,FR,126.5423,94.08,2025
2024-11-08,FR,126.0263,93.7,2025
2024-11-09,FR,125.6691,93.43,2025
2024-11-10,FR,125.3872,93.22,2025
2024-11-11,FR,125.0119,92.95,2025
2024-11-12,FR,124.143,92.3,2025
2024-11-13,FR,123.0981,91.52,2025
2024-11-14,FR,122.05,90.74,2025
2024-11-15,FR,121.0096,89.97,2025
2024-11-16,FR,120.1935,89.36,2025
2024-11-17,FR,119.3823,88.76,2025
2024-11-18,FR,118.3485,87.99,2025
2024-11-19,FR,117.4165,87.3,2025
2024-11-20,FR,116.1685,86.37,2025
2024-11-21,FR,114.7347,85.3,2025
2024-11-22,FR,113.3159,84.25,2025
2024-11-23,FR,112.4809,83.63,2025
2024-11-24,FR,112.0964,83.34,2025
2024-11-25,FR,111.6276,82.99,2025
2024-11-26,FR,110.6835,82.29,2025
2024-11-27,FR,109.7571,81.6,2025
2024-11-28,FR,108.6469,80.78,2025
2024-11-29,FR,107.5954,80.0,2025
2024-11-30,FR,106.7594,79.37,2025
2024-12-01,FR,106.1525,78.92,2025
2024-12-02,FR,105.3183,78.3,2025
2024-12-03,FR,104.3668,77.6,2025
2024-12-04,FR,103.3516,76.84,2025
2024-12-05,FR,102.6605,76.33,2025
2024-12-06,FR,102.1228,75.93,2025
2024-12-07,FR,101.5529,75.5,2025
2024-12-08,FR,100.8331,74.97,2025
2024-12-09,FR,99.7734,74.18,2025
2024-12-10,FR,98.5674,73.28,2025
2024-12-11,FR,97.1066,72.2,2025
2024-12-12,FR,95.6435,71.11,2025
2024-12-13,FR,94.2126,70.05,2025
2024-12-14,FR,93.1765,69.28,2025
2024-12-15,FR,92.37,68.68,2025
2024-12-16,FR,91.4706,68.01,2025
2024-12-17,FR,90.7234,67.45,2025
2024-12-18,FR,90.0271,66.93,2025
2024-12-19,FR,89.8854,66.83,2025
2024-12-20,FR,89.2272,66.34,2025
2024-12-21,FR,88.9191,66.11,2025
2024-12-22,FR,88.6415,65.9,2025
2024-12-23,FR,87.8083,65.28,2025
2024-12-24,FR,87.1756,64.81,2025
2024-12-25,FR,86.6649,64.43,2025
2024-12-26,FR,85.7506,63.75,2025
2024-12-27,FR,84.6015,62.9,2025
2024-12-28,FR,83.529,62.1,2025
2024-12-29,FR,82.535,61.36,2025
2024-12-30,FR,81.3865,60.51,2025
2024-12-31,FR,80.4551,59.82,2025
2025-01-01,FR,79.8757,59.39,2025
2025-01-02,FR,79.0222,58.75,2025
2025-01-03,FR,77.9748,57.97,2025
2025-01-04,FR,76.9251,57.19,2025
2025-01-05,FR,76.3559,56.77,2025
2025-01-06,FR,75.8377,56.38,2025
2025-01-07,FR,75.0576,55.8,2025
2025-01-08,FR,74.3399,55.27,2025
2025-01-09,FR,73.5468,54.68,2025
2025-01-10,FR,72.4781,53.89,2025
2025-01-11,FR,71.6,53.23,2025
2025-01-12,FR,70.5162,52.43,2025
2025-01-13,FR,69.1602,51.42,2025
2025-01-14,FR,67.5858,50.25,2025
2025-01-15,FR,66.2228,49.24,2025
2025-01-16,FR,64.9074,48.26,2025
2025-01-17,FR,63.4246,47.16,2025
2025-01-18,FR,61.976,46.08,2025
2025-01-19,FR,60.55,45.02,2025
2025-01-20,FR,58.9153,43.8,2025
2025-01-21,FR,57.3268,42.62,2025
2025-01-22,FR,56.1063,41.71,2025
2025-01-23,FR,55.3092,41.12,2025
2025-01-24,FR,54.5705,40.57,2025
2025-01-25,FR,53.9312,40.1,2025
2025-01-26,FR,53.2241,39.57,2025
2025-01-27,FR,52.4248,38.98,2025
2025-01-28,FR,51.4633,38.26,2025
2025-01-29,FR,50.5226,37.56,2025
2025-01-30,FR,49.586,36.87,2025
2025-01-31,FR,48.5357,36.09,2025
2025-02-01,FR,47.7449,35.5,2025
2025-02-02,FR,46.8811,34.86,2025
2025-02-03,FR,45.7596,34.02,2025
2025-02-04,FR,44.6271,33.18,2025
2025-02-05,FR,43.4405,32.3,2025
2025-02-06,FR,42.2783,31.43,2025
2025-02-07,FR,41.4325,30.8,2025
2025-02-08,FR,40.7393,30.29,2025
2025-02-09,FR,40.1433,29.85,2025
2025-02-10,FR,39.4042,29.3,2025
2025-02-11,FR,38.4405,28.58,2025
2025-02-12,FR,37.636,27.98,2025
2025-02-13,FR,36.8245,27.38,2025
2025-02-14,FR,36.0048,26.77,2025
2025-02-15,FR,35.2194,26.19,2025
2025-02-16,FR,34.4878,25.64,2025
2025-02-17,FR,33.4512,24.87,2025
2025-02-18,FR,32.6066,24.24,2025
2025-02-19,FR,31.9591,23.76,2025
2025-02-20,FR,31.6201,23.51,2025
2025-02-21,FR,31.3592,23.32,2025
2025-02-22,FR,31.4328,23.37,2025
2025-02-23,FR,31.6137,23.5,2025
2025-02-24,FR,31.6926,23.56,2025
2025-02-25,FR,31.5827,23.48,2025
2025-02-26,FR,31.2852,23.26,2025
2025-02-27,FR,30.8578,22.94,2025
2025-02-28,FR,30.4095,22.61,2025
2025-03-01,FR,30.0963,22.38,2025
2025-03-02,FR,29.832,22.18,2025
2025-03-03,FR,29.3302,21.81,2025
2025-03-04,FR,29.0572,21.6,2025
2025-03-05,FR,28.9615,21.53,2025
2025-03-06,FR,29.0842,21.62,2025
2025-03-07,FR,29.2732,21.76,2025
2025-03-08,FR,29.787,22.15,2025
2025-03-09,FR,30.2925,22.52,2025
2025-03-10,FR,30.5369,22.7,2025
2025-03-11,FR,30.5637,22.72,2025
2025-03-12,FR,30.2203,22.47,2025
2025-03-13,FR,29.7257,22.1,2025
2025-03-14,FR,29.2887,21.78,2025
2025-03-15,FR,29.0174,21.57,2025
2025-03-16,FR,28.8305,21.44,2025
2025-03-17,FR,28.5968,21.26,2025
2025-03-18,FR,28.4107,21.12,2025
2025-03-19,FR,28.3757,21.1,2025
2025-03-20,FR,28.6415,21.29,2025
2025-03-21,FR,29.2449,21.74,2025
2025-03-22,FR,29.773,22.14,2025
2025-03-23,FR,30.2159,22.47,2025
2025-03-24,FR,30.4803,22.66,2025
2025-03-25,FR,30.7475,22.86,2025
2025-03-26,FR,31.112,23.13,2025
2025-03-27,FR,31.5855,23.48,2025
2025-03-28,FR,32.0219,23.81,2025
2025-03-29,FR,32.5164,24.18,2025
2025-03-30,FR,33.0787,24.59,2025
2025-03-31,FR,33.617,24.99,2025
2025-04-01,FR,34.1446,27.28,2025
2025-04-02,FR,34.7075,27.73,2025
2025-04-03,FR,34.9836,27.95,2025
2025-04-04,FR,35.6594,28.49,2025
2025-04-05,FR,36.6299,29.26,2025
2025-04-06,FR,37.5681,30.01,2025
2025-04-07,FR,38.2437,30.55,2025
2025-04-08,FR,38.7897,30.99,2025
2025-04-09,FR,39.4772,31.54,2025
2025-04-10,FR,40.1942,32.11,2025
2025-04-11,FR,40.9306,32.7,2025
2025-04-12,FR,41.7125,33.32,2025
2025-04-13,FR,42.4945,33.95,2025
2025-04-14,FR,43.2242,34.53,2025
2025-04-15,FR,43.9445,35.11,2025
2025-04-16,FR,44.487,35.54,2025
2025-04-17,FR,45.0037,35.95,2025
2025-04-18,FR,45.5016,36.35,2025
2025-04-19,FR,46.2114,36.92,2025
2025-04-20,FR,46.9291,37.49,2025
2025-04-21,FR,47.5306,37.97,2025
2025-04-22,FR,48.1464,38.46,2025
2025-04-23,FR,48.7495,38.95,2025
2025-04-24,FR,49.299,39.38,2025
2025-04-25,FR,49.8706,39.84,2025
2025-04-26,FR,50.5993,40.42,2025
2025-04-27,FR,51.3247,41.0,2025
2025-04-28,FR,51.9747,41.52,2025
2025-04-29,FR,52.6181,42.04,2025
2025-04-30,FR,53.3752,42.64,2025
2025-05-01,FR,54.1864,43.29,2025
2025-05-02,FR,54.9993,43.94,2025
2025-05-03,FR,55.9213,44.67,2025
2025-05-04,FR,56.7869,45.37,2025
2025-05-05,FR,57.3381,45.81,2025
2025-05-06,FR,58.0298,46.36,2025
2025-05-07,FR,58.6614,46.86,2025
2025-05-08,FR,59.3318,47.4,2025
2025-05-09,FR,59.9997,47.93,2025
2025-05-10,FR,60.7336,48.52,2025
2025-05-11,FR,61.5132,49.14,2025
2025-05-12,FR,62.0838,49.6,2025
2025-05-13,FR,62.586,50.0,2025
2025-05-14,FR,62.9855,50.32,2025
2025-05-15,FR,63.2282,50.51,2025
2025-05-16,FR,63.5993,50.81,2025
2025-05-17,FR,64.0508,51.17,2025
2025-05-18,FR,64.4717,51.51,2025
2025-05-19,FR,64.6482,51.65,2025
2025-05-20,FR,64.9417,51.88,2025
2025-05-21,FR,64.759,51.73,2025
2025-05-22,FR,64.6624,51.66,2025
2025-05-23,FR,65.0512,51.97,2025
2025-05-24,FR,65.3512,51.98,2025
2025-05-25,FR,65.9528,52.46,2025
2025-05-26,FR,66.4097,52.82,2025
2025-05-27,FR,66.9308,53.24,2025
2025-05-28,FR,67.4358,53.64,2025
2025-05-29,FR,68.0206,54.1,2025
2025-05-30,FR,68.6534,54.61,2025
2025-05-31,FR,69.5192,55.3,2025
2025-06-01,FR,70.2429,55.87,2025
2025-06-02,FR,70.7735,56.29,2025
2025-06-03,FR,71.3045,56.72,2025
2025-06-04,FR,71.8063,57.11,2025
2025-06-05,FR,72.2671,57.48,2025
2025-06-06,FR,72.8669,57.96,2025
2025-06-07,FR,73.5286,58.48,2025
2025-06-08,FR,74.1457,58.98,2025
2025-06-09,FR,74.7406,59.45,2025
2025-06-10,FR,75.2682,59.87,2025
2025-06-11,FR,75.849,60.33,2025
2025-06-12,FR,76.3104,60.7,2025
2025-06-13,FR,76.2999,60.69,2025
2025-06-14,FR,76.7296,61.03,2025
2025-06-15,FR,77.1688,61.38,2025
2025-06-16,FR,77.4778,61.63,2025
2025-06-17,FR,78.0239,62.06,2025
2025-06-18,FR,78.4677,62.41,2025
2025-06-19,FR,78.7799,62.66,2025
2025-06-20,FR,79.1297,62.94,2025
2025-06-21,FR,79.6761,63.37,2025
2025-06-22,FR,80.3034,63.87,2025
2025-06-23,FR,80.8072,64.27,2025
2025-06-24,FR,81.1103,64.52,2025
2025-06-25,FR,81.3293,64.69,2025
2025-06-26,FR,81.5523,64.87,2025
2025-06-27,FR,82.0044,65.23,2025
2025-06-28,FR,82.5138,65.63,2025
2025-06-29,FR,82.9992,66.02,2025
2025-06-30,FR,83.3422,66.29,2025
2025-07-01,FR,83.5655,66.47,2025
2025-07-02,FR,83.9171,66.75,2025
2025-07-03,FR,84.2385,67.0,2025
2025-07-04,FR,84.5071,67.22,2025
2025-07-05,FR,84.99,67.6,2025
2025-07-06,FR,85.4698,67.98,2025
2025-07-07,FR,85.8949,68.32,2025
2025-07-08,FR,86.2949,68.64,2025
2025-07-09,FR,86.6664,68.93,2025
2025-07-10,FR,87.0812,69.26,2025
2025-07-11,FR,87.4508,69.56,2025
2025-07-12,FR,87.9392,69.95,2025
2025-07-13,FR,88.4186,70.33,2025
2025-07-14,FR,88.9493,70.75,2025
2025-07-15,FR,89.4627,71.16,2025
2025-07-16,FR,89.8008,71.43,2025
2025-07-17,FR,90.0019,71.59,2025
2025-07-18,FR,90.4216,71.92,2025
2025-07-19,FR,90.9673,72.36,2025
2025-07-20,FR,91.4872,72.77,2025
2025-07-21,FR,91.9271,73.12,2025
2025-07-22,FR,92.3443,73.45,2025
2025-07-23,FR,92.7132,73.74,2025
2025-07-24,FR,93.0502,74.01,2025
2025-07-25,FR,93.3817,74.28,2025
2025-07-26,FR,93.866,74.66,2025
2025-07-27,FR,94.3892,75.08,2025
2025-07-28,FR,94.8539,75.45,2025
2025-07-29,FR,95.3564,75.85,2025
2025-07-30,FR,95.8957,76.28,2025
2025-07-31,FR,96.3982,76.67,2025
2025-08-01,FR,97.0436,77.19,2025
2025-08-02,FR,97.6403,77.66,2025
2025-08-03,FR,98.2742,78.17,2025
2025-08-04,FR,98.6945,78.5,2025
2025-08-05,FR,99.0726,78.8,2025
2025-08-06,FR,99.4876,79.13,2025
2025-08-07,FR,99.8137,79.39,2025
2025-08-08,FR,100.1319,79.64,2025
2025-08-09,FR,100.6716,80.07,2025
2025-08-10,FR,101.3053,80.58,2025
2025-08-11,FR,101.5956,80.81,2025
2025-08-12,FR,101.7286,80.91,2025
2025-08-13,FR,101.8092,80.98,2025
2025-08-14,FR,101.9552,81.09,2025
2025-08-15,FR,102.1948,81.29,2025
2025-08-16,FR,102.4818,81.51,2025
2025-08-17,FR,102.7511,81.73,2025
2025-08-18,FR,103.2971,82.16,2025
2025-08-19,FR,103.8493,82.6,2025
2025-08-20,FR,104.3044,82.96,2025
2025-08-21,FR,104.7186,83.29,2025
2025-08-22,FR,105.0289,83.54,2025
2025-08-23,FR,105.4675,83.89,2025
2025-08-24,FR,106.0184,84.33,2025
2025-08-25,FR,106.5125,84.72,2025
2025-08-26,FR,106.8928,85.02,2025
2025-08-27,FR,107.2825,85.33,2025
2025-08-28,FR,107.8504,85.78,2025
2025-08-29,FR,108.4333,86.25,2025
2025-08-30,FR,108.8248,86.56,2025
2025-08-31,FR,108.7901,86.53,2025
2025-09-01,FR,109.1205,86.79,2025
2025-09-02,FR,109.7892,87.33,2025
2025-09-03,FR,110.2114,87.66,2025
2025-09-04,FR,110.6035,87.97,2025
2025-09-05,FR,110.9363,88.24,2025
2025-09-06,FR,111.389,88.6,2025
2025-09-07,FR,111.8061,88.93,2025
2025-09-08,FR,112.1523,89.21,2025
2025-09-09,FR,112.5029,89.48,2025
2025-09-10,FR,112.7809,89.71,2025
2025-09-11,FR,112.8661,89.77,2025
2025-09-12,FR,113.0164,89.89,2025
2025-09-13,FR,113.0609,89.93,2025
2025-09-14,FR,113.1094,89.97,2025
2025-09-15,FR,113.3826,90.18,2025
2025-09-16,FR,113.4407,90.23,2025
2025-09-17,FR,113.3481,90.16,2025
2025-09-18,FR,113.4439,90.23,2025
2025-09-19,FR,113.4611,90.25,2025
2025-09-20,FR,113.8675,90.57,2025
2025-09-21,FR,114.2463,90.87,2025
2025-09-22,FR,114.4858,91.06,2025
2025-09-23,FR,114.6055,91.16,2025
2025-09-24,FR,114.7172,91.25,2025
2025-09-25,FR,114.5048,91.08,2025
2025-09-26,FR,114.4903,91.07,2025
2025-09-27,FR,114.7194,91.25,2025
2025-09-28,FR,114.9728,91.45,2025
2025-09-29,FR,115.1339,91.58,2025
2025-09-30,FR,115.346,91.75,2025
2025-10-01,FR,115.1885,91.62,2026
2025-10-02,FR,115.0322,91.5,2026
2025-10-03,FR,115.2706,91.69,2026
2025-10-04,FR,115.6471,91.99,2026
2025-10-05,FR,116.0617,92.32,2026
2025-10-06,FR,116.2509,92.47,2026
2025-10-07,FR,116.1865,92.41,2026
2025-10-08,FR,116.1407,92.38,2026
2025-10-09,FR,116.1395,92.38,2026
2025-10-10,FR,116.2344,92.45,2026
2025-10-11,FR,116.6727,92.8,2026
2025-10-12,FR,116.9236,93.0,2026
2025-10-13,FR,116.7176,92.84,2026
2025-10-14,FR,116.7053,92.83,2026
2025-10-15,FR,116.5281,92.69,2026
2025-10-16,FR,116.0924,92.34,2026
2025-10-17,FR,115.9036,92.19,2026
2025-10-18,FR,116.0082,92.27,2026
2025-10-19,FR,116.2468,92.46,2026
2025-10-20,FR,116.3686,92.56,2026
2025-10-21,FR,116.5356,92.69,2026
2025-10-22,FR,116.703,92.83,2026
2025-10-23,FR,116.7082,92.83,2026
2025-10-24,FR,116.5781,92.73,2026
2025-10-25,FR,116.6474,92.78,2026
2025-10-26,FR,116.663,92.79,2026
2025-10-27,FR,116.5497,92.7,2026
2025-10-28,FR,116.462,92.63,2026
2025-10-29,FR,116.4077,92.59,2026
2025-10-30,FR,116.4408,92.62,2026
2025-10-31,FR,116.6442,92.78,2026
2025-11-01,FR,116.9849,93.05,2026
2025-11-02,FR,117.191,93.21,2026
2025-11-03,FR,117.1657,93.19,2026
2025-11-04,FR,117.284,93.29,2026
2025-11-05,FR,117.3722,93.36,2026
2025-11-06,FR,117.3036,93.3,2026
2025-11-07,FR,117.1664,93.19,2026
2025-11-08,FR,117.1429,93.18,2026
2025-11-09,FR,117.1212,93.16,2026
2025-11-10,FR,117.0746,93.12,2026
2025-11-11,FR,117.1727,93.2,2026
2025-11-12,FR,117.3319,93.33,2026
2025-11-13,FR,117.3066,93.31,2026
2025-11-14,FR,117.4308,93.4,2026
2025-11-15,FR,117.6144,93.55,2026
2025-11-16,FR,117.4951,93.46,2026
2025-11-17,FR,117.1004,93.14,2026
2025-11-18,FR,116.1559,92.39,2026
2025-11-19,FR,115.1392,91.58,2026
2025-11-20,FR,113.8129,90.53,2026
2025-11-21,FR,112.4853,89.47,2026
2025-11-22,FR,111.4428,88.64,2026
2025-11-23,FR,110.6112,87.98,2026
2025-11-24,FR,109.721,87.27,2026
2025-11-25,FR,108.6312,86.41,2026
2025-11-26,FR,107.4169,85.44,2026
2025-11-27,FR,106.405,84.63,2026
2025-11-28,FR,105.5113,83.92,2026
2025-11-29,FR,104.8336,83.38,2026
2025-11-30,FR,103.0513,81.97,2026
2025-12-01,FR,102.9146,81.86,2026
2025-12-02,FR,101.7353,80.92,2026
2025-12-03,FR,100.5028,79.94,2026
2025-12-04,FR,99.3604,79.03,2026
2025-12-05,FR,98.4378,78.3,2026
2025-12-06,FR,97.7402,77.74,2026
2025-12-07,FR,97.1998,77.31,2026
2025-12-08,FR,96.6221,76.85,2026
2025-12-09,FR,96.1681,76.49,2026
2025-12-10,FR,95.6786,76.1,2026
2025-12-11,FR,94.9025,75.49,2026
2025-12-12,FR,94.1514,74.89,2026
2025-12-13,FR,93.6129,74.46,2026
2025-12-14,FR,92.9453,73.93,2026
2025-12-15,FR,92.1645,73.31,2026
2025-12-16,FR,91.2865,72.61,2026
2025-12-17,FR,90.5193,72.0,2026
2025-12-18,FR,89.9052,71.51,2026
2025-12-19,FR,89.2728,71.01,2026
2025-12-20,FR,88.5498,70.43,2026
2025-12-21,FR,87.85,69.88,2026
2025-12-22,FR,86.9027,69.12,2026
2025-12-23,FR,86.0388,68.44,2026
2025-12-24,FR,85.1293,67.71,2026
2025-12-25,FR,83.8511,66.7,2026
2025-12-26,FR,82.4463,65.58,2026
2025-12-27,FR,81.2104,64.59,2026
2025-12-28,FR,79.9277,63.57,2026
2025-12-29,FR,78.4005,62.36,2026
2025-12-30,FR,76.8382,61.12,2026
2025-12-31,FR,75.4783,60.04,2026
2026-01-01,FR,74.3412,59.13,2026
2026-01-02,FR,73.0496,58.1,2026
2026-01-03,FR,71.681,57.02,2026
2026-01-04,FR,70.0425,55.71,2026
2026-01-05,FR,68.1469,54.2,2026
2026-01-06,FR,66.3,52.73,2026
2026-01-07,FR,64.589,51.37,2026
2026-01-08,FR,63.1532,50.23,2026
2026-01-09,FR,61.9683,49.29,2026
2026-01-10,FR,60.7033,48.28,2026
2026-01-11,FR,59.3994,47.25,2026
2026-01-12,FR,58.2711,46.35,2026
2026-01-13,FR,57.0505,45.38,2026
2026-01-14,FR,56.0007,44.54,2026
2026-01-15,FR,55.1714,43.88,2026
2026-01-16,FR,54.2553,43.15,2026
2026-01-17,FR,53.3349,42.42,2026
2026-01-18,FR,52.4852,41.75,2026
2026-01-19,FR,51.3095,40.81,2026
2026-01-20,FR,50.0737,39.83,2026
2026-01-21,FR,49.0802,39.04,2026
2026-01-22,FR,47.782,38.01,2026
2026-01-23,FR,46.6409,37.1,2026
2026-01-24,FR,45.7433,36.38,2026
2026-01-25,FR,44.7144,35.57,2026
2026-01-26,FR,43.416,34.53,2026
2026-01-27,FR,42.3268,33.67,2026
2026-01-28,FR,41.1444,32.73,2026
2026-01-29,FR,40.0874,31.89,2026
2026-01-30,FR,39.2194,31.2,2026
2026-01-31,FR,38.5594,30.67,2026
2026-02-01,FR,37.9414,30.18,2026
2026-02-02,FR,37.1095,29.52,2026
2026-02-03,FR,36.4624,29.0,2026
2026-02-04,FR,35.8252,28.5,2026
2026-02-05,FR,35.2797,28.06,2026
2026-02-06,FR,34.7835,27.67,2026
2026-02-07,FR,34.3991,27.36,2026
2026-02-08,FR,33.937,26.99,2026
2026-02-09,FR,33.2573,26.45,2026
2026-02-10,FR,32.7974,26.09,2026
2026-02-11,FR,32.364,25.74,2026
2026-02-12,FR,31.879,25.36,2026
2016-01-01,IT,139.6357,80.44,2016
2016-01-02,IT,138.7228,79.91,2016
2016-01-03,IT,137.9037,79.44,2016
2016-01-04,IT,136.9099,78.87,2016
2016-01-05,IT,135.8687,78.27,2016
2016-01-06,IT,134.8423,77.67,2016
2016-01-07,IT,133.6109,76.96,2016
2016-01-08,IT,132.4774,76.31,2016
2016-01-09,IT,131.5766,75.79,2016
2016-01-10,IT,130.886,75.39,2016
2016-01-11,IT,129.8717,74.81,2016
2016-01-12,IT,128.9052,74.25,2016
2016-01-13,IT,127.9033,73.68,2016
2016-01-14,IT,126.492,72.86,2016
2016-01-15,IT,125.2295,72.14,2016
2016-01-16,IT,124.1834,71.53,2016
2016-01-17,IT,123.2057,70.97,2016
2016-01-18,IT,121.6124,70.05,2016
2016-01-19,IT,120.0004,69.12,2016
2016-01-20,IT,118.6243,68.33,2016
2016-01-21,IT,117.2601,67.55,2016
2016-01-22,IT,115.861,66.74,2016
2016-01-23,IT,114.5573,65.99,2016
2016-01-24,IT,113.3894,65.32,2016
2016-01-25,IT,112.1623,64.61,2016
2016-01-26,IT,111.0225,63.95,2016
2016-01-27,IT,109.7575,63.22,2016
2016-01-28,IT,108.65,62.59,2016
2016-01-29,IT,107.7334,62.06,2016
2016-01-30,IT,107.0239,61.65,2016
2016-01-31,IT,106.5206,61.36,2016
2016-02-01,IT,105.7405,60.91,2016
2016-02-02,IT,104.8603,60.4,2016
2016-02-03,IT,103.9676,59.89,2016
2016-02-04,IT,103.1687,59.43,2016
2016-02-05,IT,102.4015,58.99,2016
2016-02-06,IT,101.6663,58.56,2016
2016-02-07,IT,101.096,58.23,2016
2016-02-08,IT,100.2596,57.75,2016
2016-02-09,IT,99.5396,57.34,2016
2016-02-10,IT,98.859,56.95,2016
2016-02-11,IT,97.9983,56.45,2016
2016-02-12,IT,97.1957,55.99,2016
2016-02-13,IT,96.6986,55.7,2016
2016-02-14,IT,96.2315,55.43,2016
2016-02-15,IT,95.4472,54.98,2016
2016-02-16,IT,94.6309,54.51,2016
2016-02-17,IT,93.7564,54.01,2016
2016-02-18,IT,92.8285,53.47,2016
2016-02-19,IT,92.0037,53.0,2016
2016-02-20,IT,91.2662,52.57,2016
2016-02-21,IT,90.7058,52.25,2016
2016-02-22,IT,89.9025,51.79,2016
2016-02-23,IT,89.3169,51.45,2016
2016-02-24,IT,88.7221,51.11,2016
2016-02-25,IT,87.9587,50.67,2016
2016-02-26,IT,87.0897,50.17,2016
2016-02-27,IT,86.2781,49.7,2016
2016-02-28,IT,85.5906,49.3,2016
2016-02-29,IT,84.8078,48.85,2016
2016-03-01,IT,84.1818,48.49,2016
2016-03-02,IT,83.5633,48.14,2016
2016-03-03,IT,82.8089,47.7,2016
2016-03-04,IT,81.9642,47.21,2016
2016-03-05,IT,81.1716,46.76,2016
2016-03-06,IT,80.4764,46.36,2016
2016-03-07,IT,79.6229,45.87,2016
2016-03-08,IT,78.5742,45.26,2016
2016-03-09,IT,77.6463,44.73,2016
2016-03-10,IT,77.0465,44.38,2016
2016-03-11,IT,76.2896,43.95,2016
2016-03-12,IT,75.9655,43.76,2016
2016-03-13,IT,75.7059,43.61,2016
2016-03-14,IT,75.0801,43.25,2016
2016-03-15,IT,74.1655,42.72,2016
2016-03-16,IT,73.3589,42.26,2016
2016-03-17,IT,72.73,41.9,2016
2016-03-18,IT,72.1625,41.57,2016
2016-03-19,IT,71.9177,41.43,2016
2016-03-20,IT,71.8084,41.36,2016
2016-03-21,IT,71.446,41.16,2016
2016-03-22,IT,70.9538,40.87,2016
2016-03-23,IT,70.4547,40.58,2016
2016-03-24,IT,70.0619,40.36,2016
2016-03-25,IT,69.7601,40.18,2016
2016-03-26,IT,69.5984,40.09,2016
2016-03-27,IT,69.5879,40.09,2016
2016-03-28,IT,69.4718,40.02,2016
2016-03-29,IT,69.1979,39.86,2016
2016-03-30,IT,68.9987,39.75,2016
2016-03-31,IT,70.4011,38.45,2016
2016-04-01,IT,70.4698,37.67,2016
2016-04-02,IT,70.7142,37.81,2016
2016-04-03,IT,71.0364,37.98,2016
2016-04-04,IT,71.0971,38.01,2016
2016-04-05,IT,71.1073,38.02,2016
2016-04-06,IT,71.5816,38.27,2016
2016-04-07,IT,71.9468,38.46,2016
2016-04-08,IT,72.1839,38.59,2016
2016-04-09,IT,72.5227,38.77,2016
2016-04-10,IT,73.0038,39.03,2016
2016-04-11,IT,73.4151,39.25,2016
2016-04-12,IT,73.6867,39.39,2016
2016-04-13,IT,74.1166,39.62,2016
2016-04-14,IT,74.5073,39.83,2016
2016-04-15,IT,75.002,40.1,2016
2016-04-16,IT,75.6407,40.44,2016
2016-04-17,IT,76.0711,40.67,2016
2016-04-18,IT,76.5343,40.92,2016
2016-04-19,IT,77.0666,41.2,2016
2016-04-20,IT,77.7033,41.54,2016
2016-04-21,IT,78.1913,41.8,2016
2016-04-22,IT,78.6037,42.02,2016
2016-04-23,IT,79.1425,42.31,2016
2016-04-24,IT,79.7948,42.66,2016
2016-04-25,IT,80.4261,43.0,2016
2016-04-26,IT,80.7378,43.16,2016
2016-04-27,IT,81.0816,43.35,2016
2016-04-28,IT,81.3642,43.5,2016
2016-04-29,IT,81.8508,43.76,2016
2016-04-30,IT,82.3694,44.04,2016
2016-05-01,IT,82.8862,44.31,2016
2016-05-02,IT,83.1601,44.46,2016
2016-05-03,IT,83.6787,44.74,2016
2016-05-04,IT,84.2258,45.03,2016
2016-05-05,IT,84.7559,45.31,2016
2016-05-06,IT,85.3708,45.64,2016
2016-05-07,IT,86.1686,46.07,2016
2016-05-08,IT,87.0585,46.54,2016
2016-05-09,IT,87.7894,46.93,2016
2016-05-10,IT,88.4463,47.29,2016
2016-05-11,IT,89.1135,47.64,2016
2016-05-12,IT,89.9329,48.08,2016
2016-05-13,IT,90.7612,48.52,2016
2016-05-14,IT,91.5823,48.96,2016
2016-05-15,IT,92.335,49.36,2016
2016-05-16,IT,92.9711,49.7,2016
2016-05-17,IT,93.6083,50.05,2016
2016-05-18,IT,94.2221,50.37,2016
2016-05-19,IT,94.8466,50.71,2016
2016-05-20,IT,95.6042,51.11,2016
2016-05-21,IT,96.5381,51.61,2016
2016-05-22,IT,97.3452,52.04,2016
2016-05-23,IT,98.0629,52.43,2016
2016-05-24,IT,98.9369,52.89,2016
2016-05-25,IT,99.7374,53.32,2016
2016-05-26,IT,100.4757,53.72,2016
2016-05-27,IT,101.3407,54.18,2016
2016-05-28,IT,102.2428,54.66,2016
2016-05-29,IT,103.0343,55.08,2016
2016-05-30,IT,103.8055,55.5,2016
2016-05-31,IT,104.5161,55.88,2016
2016-06-01,IT,105.1284,56.2,2016
2016-06-02,IT,106.0379,56.69,2016
2016-06-03,IT,106.8494,57.12,2016
2016-06-04,IT,107.5479,57.5,2016
2016-06-05,IT,108.3593,57.93,2016
2016-06-06,IT,108.9864,58.27,2016
2016-06-07,IT,109.6109,58.6,2016
2016-06-08,IT,110.323,58.98,2016
2016-06-09,IT,111.0733,59.38,2016
2016-06-10,IT,111.9141,59.83,2016
2016-06-11,IT,112.6606,60.23,2016
2016-06-12,IT,113.4186,60.64,2016
2016-06-13,IT,114.2004,61.05,2016
2016-06-14,IT,114.929,61.44,2016
2016-06-15,IT,115.7892,61.9,2016
2016-06-16,IT,116.4816,62.27,2016
2016-06-17,IT,117.2933,62.71,2016
2016-06-18,IT,118.1603,63.17,2016
2016-06-19,IT,118.941,63.59,2016
2016-06-20,IT,119.6914,63.99,2016
2016-06-21,IT,120.4602,64.4,2016
2016-06-22,IT,121.3008,64.85,2016
2016-06-23,IT,122.0948,65.27,2016
2016-06-24,IT,122.8437,65.68,2016
2016-06-25,IT,123.6628,66.11,2016
2016-06-26,IT,124.5142,66.57,2016
2016-06-27,IT,125.1872,66.93,2016
2016-06-28,IT,125.925,67.32,2016
2016-06-29,IT,126.6686,67.72,2016
2016-06-30,IT,127.3858,68.1,2016
2016-07-01,IT,128.1182,68.1,2016
2016-07-02,IT,128.868,68.5,2016
2016-07-03,IT,129.697,68.94,2016
2016-07-04,IT,130.4183,69.32,2016
2016-07-05,IT,131.162,69.72,2016
2016-07-06,IT,131.895,70.11,2016
2016-07-07,IT,132.5849,70.47,2016
2016-07-08,IT,133.2658,70.83,2016
2016-07-09,IT,134.1049,71.28,2016
2016-07-10,IT,134.8298,71.67,2016
2016-07-11,IT,135.4721,72.01,2016
2016-07-12,IT,136.2765,72.43,2016
2016-07-13,IT,136.9756,72.81,2016
2016-07-14,IT,137.7841,73.24,2016
2016-07-15,IT,138.5497,73.64,2016
2016-07-16,IT,139.2529,74.02,2016
2016-07-17,IT,139.9671,74.4,2016
2016-07-18,IT,140.5917,74.73,2016
2016-07-19,IT,141.2558,75.08,2016
2016-07-20,IT,141.9182,75.43,2016
2016-07-21,IT,142.5477,75.77,2016
2016-07-22,IT,143.1784,76.1,2016
2016-07-23,IT,143.867,76.47,2016
2016-07-24,IT,144.5902,76.85,2016
2016-07-25,IT,145.1342,77.14,2016
2016-07-26,IT,145.6049,77.39,2016
2016-07-27,IT,146.0428,77.63,2016
2016-07-28,IT,146.5324,77.89,2016
2016-07-29,IT,147.1061,78.19,2016
2016-07-30,IT,147.6774,78.49,2016
2016-07-31,IT,148.3748,78.87,2016
2016-08-01,IT,148.8104,78.64,2016
2016-08-02,IT,149.2914,78.89,2016
2016-08-03,IT,149.9291,79.23,2016
2016-08-04,IT,150.623,79.6,2016
2016-08-05,IT,151.2412,79.93,2016
2016-08-06,IT,151.8736,80.26,2016
2016-08-07,IT,152.6445,80.67,2016
2016-08-08,IT,153.3215,81.02,2016
2016-08-09,IT,154.0188,81.39,2016
2016-08-10,IT,154.6928,81.75,2016
2016-08-11,IT,155.4802,82.17,2016
2016-08-12,IT,156.2429,82.57,2016
2016-08-13,IT,156.9175,82.93,2016
2016-08-14,IT,157.509,83.24,2016
2016-08-15,IT,158.2036,83.6,2016
2016-08-16,IT,158.976,84.01,2016
2016-08-17,IT,159.7024,84.4,2016
2016-08-18,IT,160.3039,84.71,2016
2016-08-19,IT,160.9952,85.08,2016
2016-08-20,IT,161.5637,85.38,2016
2016-08-21,IT,162.1386,85.68,2016
2016-08-22,IT,162.7272,86.0,2016
2016-08-23,IT,163.2564,86.27,2016
2016-08-24,IT,163.8096,86.57,2016
2016-08-25,IT,164.4213,86.89,2016
2016-08-26,IT,165.0091,87.2,2016
2016-08-27,IT,165.5286,87.48,2016
2016-08-28,IT,166.1069,87.78,2016
2016-08-29,IT,166.4422,87.96,2016
2016-08-30,IT,166.7632,88.13,2016
2016-08-31,IT,167.3103,88.42,2016
2016-09-01,IT,167.9219,88.74,2016
2016-09-02,IT,168.3737,88.98,2016
2016-09-03,IT,168.887,89.25,2016
2016-09-04,IT,169.4728,89.56,2016
2016-09-05,IT,169.8806,89.78,2016
2016-09-06,IT,170.4843,90.09,2016
2016-09-07,IT,170.9403,90.34,2016
2016-09-08,IT,171.401,90.58,2016
2016-09-09,IT,171.7077,90.74,2016
2016-09-10,IT,172.0144,90.9,2016
2016-09-11,IT,172.485,91.15,2016
2016-09-12,IT,172.8505,91.35,2016
2016-09-13,IT,173.2127,91.54,2016
2016-09-14,IT,173.5859,91.73,2016
2016-09-15,IT,173.9759,91.94,2016
2016-09-16,IT,174.2946,92.11,2016
2016-09-17,IT,174.7855,92.37,2016
2016-09-18,IT,175.2403,92.61,2016
2016-09-19,IT,175.6822,92.84,2016
2016-09-20,IT,176.1757,93.1,2016
2016-09-21,IT,176.6204,93.34,2016
2016-09-22,IT,177.029,93.55,2016
2016-09-23,IT,177.4746,93.79,2016
2016-09-24,IT,177.9231,94.03,2016
2016-09-25,IT,178.4229,94.29,2016
2016-09-26,IT,178.6982,94.44,2016
2016-09-27,IT,179.0965,94.65,2016
2016-09-28,IT,179.5836,94.9,2016
2016-09-29,IT,179.8969,95.07,2016
2016-09-30,IT,180.3307,95.3,2016
2016-10-01,IT,180.676,95.48,2017
2016-10-02,IT,181.0585,95.68,2017
2016-10-03,IT,181.4207,95.87,2017
2016-10-04,IT,181.8638,96.11,2017
2016-10-05,IT,182.2509,96.31,2017
2016-10-06,IT,182.6472,96.52,2017
2016-10-07,IT,182.8902,96.65,2017
2016-10-08,IT,183.1829,96.81,2017
2016-10-09,IT,183.4338,96.94,2017
2016-10-10,IT,183.638,97.05,2017
2016-10-11,IT,183.7173,97.09,2017
2016-10-12,IT,183.7766,97.12,2017
2016-10-13,IT,183.7621,97.11,2017
2016-10-14,IT,183.7287,97.09,2017
2016-10-15,IT,183.9457,97.21,2017
2016-10-16,IT,184.2515,97.37,2017
2016-10-17,IT,184.4613,97.48,2017
2016-10-18,IT,184.6932,97.6,2017
2016-10-19,IT,184.8859,97.71,2017
2016-10-20,IT,185.021,97.78,2017
2016-10-21,IT,185.1809,97.86,2017
2016-10-22,IT,185.4481,98.0,2017
2016-10-23,IT,185.7072,98.14,2017
2016-10-24,IT,185.8109,98.19,2017
2016-10-25,IT,185.8688,98.22,2017
2016-10-26,IT,186.0175,98.3,2017
2016-10-27,IT,186.2757,98.44,2017
2016-10-28,IT,186.3898,98.5,2017
2016-10-29,IT,186.7362,98.68,2017
2016-10-30,IT,187.0442,98.85,2017
2016-10-31,IT,187.4027,99.04,2017
2016-11-01,IT,187.2869,98.97,2017
2016-11-02,IT,187.1953,98.93,2017
2016-11-03,IT,186.8897,98.76,2017
2016-11-04,IT,186.6057,98.61,2017
2016-11-05,IT,186.4418,98.53,2017
2016-11-06,IT,186.2732,98.44,2017
2016-11-07,IT,185.7709,98.17,2017
2016-11-08,IT,185.3023,97.93,2017
2016-11-09,IT,184.7259,97.62,2017
2016-11-10,IT,184.1456,97.31,2017
2016-11-11,IT,183.5829,97.02,2017
2016-11-12,IT,183.2114,96.82,2017
2016-11-13,IT,182.8428,96.63,2017
2016-11-14,IT,182.1251,96.25,2017
2016-11-15,IT,181.4148,95.87,2017
2016-11-16,IT,180.6461,95.46,2017
2016-11-17,IT,179.8804,95.06,2017
2016-11-18,IT,179.2768,94.74,2017
2016-11-19,IT,178.9761,94.58,2017
2016-11-20,IT,178.7745,94.48,2017
2016-11-21,IT,178.2883,94.22,2017
2016-11-22,IT,177.9015,94.01,2017
2016-11-23,IT,177.4933,93.8,2017
2016-11-24,IT,177.1001,93.59,2017
2016-11-25,IT,176.8034,93.43,2017
2016-11-26,IT,176.6343,93.34,2017
2016-11-27,IT,176.4579,93.25,2017
2016-11-28,IT,176.0797,93.05,2017
2016-11-29,IT,175.3193,92.65,2017
2016-11-30,IT,174.3317,92.13,2017
2016-12-01,IT,173.3197,91.59,2017
2016-12-02,IT,172.3756,91.09,2017
2016-12-03,IT,171.7348,90.76,2017
2016-12-04,IT,171.193,90.47,2017
2016-12-05,IT,170.2501,89.97,2017
2016-12-06,IT,169.2207,89.43,2017
2016-12-07,IT,168.1766,88.88,2017
2016-12-08,IT,167.3045,88.41,2017
2016-12-09,IT,166.2917,87.88,2017
2016-12-10,IT,165.2899,87.35,2017
2016-12-11,IT,164.4337,86.9,2017
2016-12-12,IT,163.3922,86.35,2017
2016-12-13,IT,162.3577,85.8,2017
2016-12-14,IT,161.3107,85.25,2017
2016-12-15,IT,160.2644,84.69,2017
2016-12-16,IT,159.1794,84.12,2017
2016-12-17,IT,158.1895,83.6,2017
2016-12-18,IT,157.2269,83.09,2017
2016-12-19,IT,156.1124,82.5,2017
2016-12-20,IT,155.0347,81.93,2017
2016-12-21,IT,154.2103,81.49,2017
2016-12-22,IT,153.3053,81.02,2017
2016-12-23,IT,152.4608,80.57,2017
2016-12-24,IT,151.7595,80.2,2017
2016-12-25,IT,151.2241,79.92,2017
2016-12-26,IT,150.6863,79.63,2017
2016-12-27,IT,149.8465,79.19,2017
2016-12-28,IT,148.9646,78.72,2017
2016-12-29,IT,148.0955,78.26,2017
2016-12-30,IT,147.1345,77.76,2017
2016-12-31,IT,146.2805,77.3,2017
2017-01-01,IT,145.0833,76.67,2017
2017-01-02,IT,143.8192,76.0,2017
2017-01-03,IT,142.5352,75.32,2017
2017-01-04,IT,141.3568,74.7,2017
2017-01-05,IT,140.1207,74.05,2017
2017-01-06,IT,138.9841,73.45,2017
2017-01-07,IT,137.7136,72.78,2017
2017-01-08,IT,136.2639,72.01,2017
2017-01-09,IT,134.7804,71.23,2017
2017-01-10,IT,133.3044,70.45,2017
2017-01-11,IT,131.9427,69.73,2017
2017-01-12,IT,130.7155,69.08,2017
2017-01-13,IT,129.5358,68.45,2017
2017-01-14,IT,128.5137,67.91,2017
2017-01-15,IT,127.4467,67.35,2017
2017-01-16,IT,126.2686,66.73,2017
2017-01-17,IT,124.7905,65.95,2017
2017-01-18,IT,123.4504,65.24,2017
2017-01-19,IT,122.039,64.49,2017
2017-01-20,IT,120.7863,63.83,2017
2017-01-21,IT,119.7512,63.28,2017
2017-01-22,IT,118.6985,62.73,2017
2017-01-23,IT,117.2878,61.98,2017
2017-01-24,IT,116.0438,61.32,2017
2017-01-25,IT,114.753,60.64,2017
2017-01-26,IT,113.401,59.93,2017
2017-01-27,IT,112.0605,59.22,2017
2017-01-28,IT,110.8971,58.61,2017
2017-01-29,IT,109.8367,58.04,2017
2017-01-30,IT,108.6635,57.42,2017
2017-01-31,IT,107.4558,56.79,2017
2017-02-01,IT,106.3526,56.2,2017
2017-02-02,IT,105.2804,55.64,2017
2017-02-03,IT,104.3051,55.12,2017
2017-02-04,IT,103.5004,54.7,2017
2017-02-05,IT,102.7444,54.3,2017
2017-02-06,IT,101.6808,53.73,2017
2017-02-07,IT,100.651,53.19,2017
2017-02-08,IT,99.5816,52.63,2017
2017-02-09,IT,98.473,52.04,2017
2017-02-10,IT,97.3322,51.44,2017
2017-02-11,IT,96.2371,50.86,2017
2017-02-12,IT,95.4157,50.42,2017
2017-02-13,IT,95.4006,50.42,2017
2017-02-14,IT,94.3404,49.86,2017
2017-02-15,IT,93.3698,49.34,2017
2017-02-16,IT,92.4992,48.88,2017
2017-02-17,IT,91.582,48.4,2017
2017-02-18,IT,90.9276,48.05,2017
2017-02-19,IT,90.2731,47.71,2017
2017-02-20,IT,88.2365,46.63,2017
2017-02-21,IT,87.2353,46.1,2017
2017-02-22,IT,86.3468,45.63,2017
2017-02-23,IT,85.4391,45.15,2017
2017-02-24,IT,84.5037,44.66,2017
2017-02-25,IT,84.0095,44.4,2017
2017-02-26,IT,83.6576,44.21,2017
2017-02-27,IT,82.8953,43.81,2017
2017-02-28,IT,82.0741,43.37,2017
2017-03-01,IT,81.4708,43.05,2017
2017-03-02,IT,80.7983,42.7,2017
2017-03-03,IT,80.1087,42.33,2017
2017-03-04,IT,79.7252,42.13,2017
2017-03-05,IT,79.4204,41.97,2017
2017-03-06,IT,78.8753,41.68,2017
2017-03-07,IT,78.2499,41.35,2017
2017-03-08,IT,77.6842,41.05,2017
2017-03-09,IT,77.2348,40.82,2017
2017-03-10,IT,76.9311,40.66,2017
2017-03-11,IT,76.8426,40.61,2017
2017-03-12,IT,76.758,40.56,2017
2017-03-13,IT,76.2259,40.28,2017
2017-03-14,IT,75.7381,40.02,2017
2017-03-15,IT,75.3418,39.82,2017
2017-03-16,IT,75.0687,39.67,2017
2017-03-17,IT,74.8426,39.55,2017
2017-03-18,IT,74.9914,39.63,2017
2017-03-19,IT,75.1815,39.73,2017
2017-03-20,IT,75.0433,39.66,2017
2017-03-21,IT,74.8695,39.57,2017
2017-03-22,IT,74.7071,39.48,2017
2017-03-23,IT,74.6023,39.42,2017
2017-03-24,IT,74.5761,39.41,2017
2017-03-25,IT,74.8075,39.53,2017
2017-03-26,IT,75.0916,39.68,2017
2017-03-27,IT,75.0864,39.68,2017
2017-03-28,IT,75.0048,39.64,2017
2017-03-29,IT,75.0687,39.67,2017
2017-03-30,IT,75.2533,39.77,2017
2017-03-31,IT,75.6446,39.44,2017
2017-04-01,IT,76.0597,39.42,2017
2017-04-02,IT,76.4885,39.64,2017
2017-04-03,IT,76.8185,39.81,2017
2017-04-04,IT,77.2077,40.02,2017
2017-04-05,IT,77.5236,40.18,2017
2017-04-06,IT,77.9171,40.38,2017
2017-04-07,IT,78.3946,40.63,2017
2017-04-08,IT,78.875,40.88,2017
2017-04-09,IT,79.4537,41.18,2017
2017-04-10,IT,79.8793,41.4,2017
2017-04-11,IT,80.3089,41.62,2017
2017-04-12,IT,80.7856,41.87,2017
2017-04-13,IT,81.2614,42.12,2017
2017-04-14,IT,81.8559,42.43,2017
2017-04-15,IT,82.4869,42.75,2017
2017-04-16,IT,83.2425,43.14,2017
2017-04-17,IT,84.0216,43.55,2017
2017-04-18,IT,84.3753,43.73,2017
2017-04-19,IT,84.6736,43.89,2017
2017-04-20,IT,85.0488,44.08,2017
2017-04-21,IT,85.3898,44.26,2017
2017-04-22,IT,85.8899,44.52,2017
2017-04-23,IT,86.4752,44.82,2017
2017-04-24,IT,87.0113,45.1,2017
2017-04-25,IT,87.5852,45.4,2017
2017-04-26,IT,87.9313,45.57,2017
2017-04-27,IT,88.1563,45.69,2017
2017-04-28,IT,88.4259,45.83,2017
2017-04-29,IT,88.9861,46.12,2017
2017-04-30,IT,89.6622,46.47,2017
2017-05-01,IT,90.3176,46.81,2017
2017-05-02,IT,90.7665,47.04,2017
2017-05-03,IT,91.3056,47.32,2017
2017-05-04,IT,91.7465,47.55,2017
2017-05-05,IT,92.4534,47.92,2017
2017-05-06,IT,93.1557,48.28,2017
2017-05-07,IT,93.9547,48.7,2017
2017-05-08,IT,94.4875,48.97,2017
2017-05-09,IT,94.9105,49.19,2017
2017-05-10,IT,95.4672,49.48,2017
2017-05-11,IT,95.995,49.75,2017
2017-05-12,IT,96.6079,50.07,2017
2017-05-13,IT,97.4083,50.49,2017
2017-05-14,IT,98.3263,50.96,2017
2017-05-15,IT,99.0162,51.32,2017
2017-05-16,IT,99.7142,51.68,2017
2017-05-17,IT,100.5173,52.1,2017
2017-05-18,IT,101.2052,52.45,2017
2017-05-19,IT,101.9082,52.82,2017
2017-05-20,IT,102.8739,53.32,2017
2017-05-21,IT,103.8911,53.85,2017
2017-05-22,IT,104.6035,54.22,2017
2017-05-23,IT,105.3323,54.59,2017
2017-05-24,IT,106.0263,54.95,2017
2017-05-25,IT,106.8136,55.36,2017
2017-05-26,IT,107.7822,55.86,2017
2017-05-27,IT,108.7917,56.39,2017
2017-05-28,IT,109.8368,56.93,2017
2017-05-29,IT,110.5262,57.29,2017
2017-05-30,IT,111.3043,57.69,2017
2017-05-31,IT,111.9267,58.01,2017
2017-06-01,IT,112.7577,58.44,2017
2017-06-02,IT,113.6841,58.92,2017
2017-06-03,IT,114.5823,59.39,2017
2017-06-04,IT,115.5373,59.88,2017
2017-06-05,IT,116.4881,60.38,2017
2017-06-06,IT,116.984,60.63,2017
2017-06-07,IT,117.648,60.98,2017
2017-06-08,IT,117.8453,61.08,2017
2017-06-09,IT,118.6765,61.51,2017
2017-06-10,IT,119.7383,62.06,2017
2017-06-11,IT,120.8004,62.61,2017
2017-06-12,IT,121.5029,62.97,2017
2017-06-13,IT,122.1073,63.29,2017
2017-06-14,IT,122.7372,63.61,2017
2017-06-15,IT,123.2988,63.91,2017
2017-06-16,IT,123.9257,64.23,2017
2017-06-17,IT,124.7215,64.64,2017
2017-06-18,IT,125.6659,65.13,2017
2017-06-19,IT,126.3406,65.48,2017
2017-06-20,IT,126.7792,65.71,2017
2017-06-21,IT,127.2903,65.97,2017
2017-06-22,IT,127.7742,66.23,2017
2017-06-23,IT,128.2543,66.47,2017
2017-06-24,IT,129.0121,66.87,2017
2017-06-25,IT,129.8711,67.31,2017
2017-06-26,IT,130.9165,67.85,2017
2017-06-27,IT,131.4787,68.15,2017
2017-06-28,IT,132.0456,68.44,2017
2017-06-29,IT,132.82,68.84,2017
2017-06-30,IT,133.5031,69.19,2017
2017-07-01,IT,134.1965,69.55,2017
2017-07-02,IT,134.8976,69.92,2017
2017-07-03,IT,137.3606,71.19,2017
2017-07-04,IT,137.4557,71.24,2017
2017-07-05,IT,138.775,71.93,2017
2017-07-06,IT,139.2868,72.19,2017
2017-07-07,IT,138.6176,71.85,2017
2017-07-08,IT,139.344,72.22,2017
2017-07-09,IT,140.8997,73.03,2017
2017-07-10,IT,141.3205,73.25,2017
2017-07-11,IT,141.64,73.41,2017
2017-07-12,IT,140.9229,73.04,2017
2017-07-13,IT,141.2887,73.23,2017
2017-07-14,IT,142.9247,74.08,2017
2017-07-15,IT,143.5814,74.42,2017
2017-07-16,IT,144.3321,74.81,2017
2017-07-17,IT,143.9141,74.59,2017
2017-07-18,IT,144.4261,74.86,2017
2017-07-19,IT,144.8486,75.07,2017
2017-07-20,IT,145.3033,75.31,2017
2017-07-21,IT,145.7643,75.55,2017
2017-07-22,IT,146.5957,75.98,2017
2017-07-23,IT,147.4185,76.41,2017
2017-07-24,IT,148.0799,76.75,2017
2017-07-25,IT,148.8812,77.16,2017
2017-07-26,IT,149.5024,77.49,2017
2017-07-27,IT,150.073,77.78,2017
2017-07-28,IT,150.6913,78.1,2017
2017-07-29,IT,151.3147,78.43,2017
2017-07-30,IT,152.0276,78.8,2017
2017-07-31,IT,153.5139,79.57,2017
2017-08-01,IT,153.0786,79.34,2017
2017-08-02,IT,153.4711,79.54,2017
2017-08-03,IT,153.8973,79.76,2017
2017-08-04,IT,154.4829,80.07,2017
2017-08-05,IT,155.1831,80.43,2017
2017-08-06,IT,155.7901,80.75,2017
2017-08-07,IT,156.4475,81.09,2017
2017-08-08,IT,157.0193,81.38,2017
2017-08-09,IT,157.5836,81.68,2017
2017-08-10,IT,158.1917,81.99,2017
2017-08-11,IT,158.9802,82.4,2017
2017-08-12,IT,159.8053,82.83,2017
2017-08-13,IT,160.6694,83.27,2017
2017-08-14,IT,161.4971,83.7,2017
2017-08-15,IT,162.2428,84.09,2017
2017-08-16,IT,162.9988,84.48,2017
2017-08-17,IT,163.7223,84.86,2017
2017-08-18,IT,164.4114,85.21,2017
2017-08-19,IT,165.0607,85.55,2017
2017-08-20,IT,165.6714,85.87,2017
2017-08-21,IT,166.2399,86.16,2017
2017-08-22,IT,166.8044,86.45,2017
2017-08-23,IT,167.1408,86.63,2017
2017-08-24,IT,167.5045,86.82,2017
2017-08-25,IT,167.9123,87.03,2017
2017-08-26,IT,168.5036,87.34,2017
2017-08-27,IT,169.1649,87.68,2017
2017-08-28,IT,169.4074,87.8,2017
2017-08-29,IT,169.8494,88.03,2017
2017-08-30,IT,170.3232,88.28,2017
2017-08-31,IT,170.7632,88.51,2017
2017-09-01,IT,171.2472,88.76,2017
2017-09-02,IT,171.8036,89.05,2017
2017-09-03,IT,172.4234,89.37,2017
2017-09-04,IT,173.0067,89.67,2017
2017-09-05,IT,173.3554,89.85,2017
2017-09-06,IT,173.7748,90.07,2017
2017-09-07,IT,174.2501,90.31,2017
2017-09-08,IT,174.7245,90.56,2017
2017-09-09,IT,175.2413,90.83,2017
2017-09-10,IT,175.7491,91.09,2017
2017-09-11,IT,176.3192,91.39,2017
2017-09-12,IT,176.8423,91.66,2017
2017-09-13,IT,177.2715,91.88,2017
2017-09-14,IT,177.6511,92.08,2017
2017-09-15,IT,178.0407,92.28,2017
2017-09-16,IT,178.5589,92.55,2017
2017-09-17,IT,179.0813,92.82,2017
2017-09-18,IT,179.4358,93.0,2017
2017-09-19,IT,179.8401,93.21,2017
2017-09-20,IT,180.1818,93.39,2017
2017-09-21,IT,180.4587,93.53,2017
2017-09-22,IT,180.8508,93.73,2017
2017-09-23,IT,181.0271,93.83,2017
2017-09-24,IT,181.3358,93.99,2017
2017-09-25,IT,181.3031,93.97,2017
2017-09-26,IT,181.2115,93.92,2017
2017-09-27,IT,181.1122,93.87,2017
2017-09-28,IT,181.1222,93.88,2017
2017-09-29,IT,181.2729,93.95,2017
2017-09-30,IT,181.4597,94.05,2017
2017-10-01,IT,181.9412,94.3,2018
2017-10-02,IT,182.191,94.43,2018
2017-10-03,IT,182.377,94.53,2018
2017-10-04,IT,182.9217,94.81,2018
2017-10-05,IT,182.8798,94.79,2018
2017-10-06,IT,183.2082,94.96,2018
2017-10-07,IT,183.5301,95.12,2018
2017-10-08,IT,183.8303,95.28,2018
2017-10-09,IT,184.0461,95.39,2018
2017-10-10,IT,184.2174,95.48,2018
2017-10-11,IT,184.4837,95.62,2018
2017-10-12,IT,184.7492,95.76,2018
2017-10-13,IT,184.9845,95.88,2018
2017-10-14,IT,185.2786,96.03,2018
2017-10-15,IT,185.6051,96.2,2018
2017-10-16,IT,185.8554,96.33,2018
2017-10-17,IT,186.1562,96.48,2018
2017-10-18,IT,186.4574,96.64,2018
2017-10-19,IT,186.6762,96.75,2018
2017-10-20,IT,186.9032,96.87,2018
2017-10-21,IT,187.1702,97.01,2018
2017-10-22,IT,187.4441,97.15,2018
2017-10-23,IT,187.6462,97.26,2018
2017-10-24,IT,187.8312,97.35,2018
2017-10-25,IT,188.0695,97.48,2018
2017-10-26,IT,188.2551,97.57,2018
2017-10-27,IT,188.419,97.66,2018
2017-10-28,IT,188.6545,97.78,2018
2017-10-29,IT,188.8797,97.9,2018
2017-10-30,IT,188.8589,97.89,2018
2017-10-31,IT,188.8154,97.86,2018
2017-11-01,IT,188.6037,97.75,2018
2017-11-02,IT,187.7203,97.3,2018
2017-11-03,IT,187.3235,97.09,2018
2017-11-04,IT,187.1014,96.97,2018
2017-11-05,IT,186.9612,96.9,2018
2017-11-06,IT,186.475,96.65,2018
2017-11-07,IT,185.8696,96.34,2018
2017-11-08,IT,185.2605,96.02,2018
2017-11-09,IT,184.6608,95.71,2018
2017-11-10,IT,184.0951,95.42,2018
2017-11-11,IT,183.6631,95.19,2018
2017-11-12,IT,183.3599,95.04,2018
2017-11-13,IT,183.0414,94.87,2018
2017-11-14,IT,182.2835,94.48,2018
2017-11-15,IT,181.5689,94.11,2018
2017-11-16,IT,180.8658,93.74,2018
2017-11-17,IT,179.9925,93.29,2018
2017-11-18,IT,179.2582,92.91,2018
2017-11-19,IT,178.519,92.53,2018
2017-11-20,IT,178.1998,92.36,2018
2017-11-21,IT,177.3365,91.91,2018
2017-11-22,IT,176.4504,91.45,2018
2017-11-23,IT,175.5637,90.99,2018
2017-11-24,IT,174.6816,90.54,2018
2017-11-25,IT,174.1893,90.28,2018
2017-11-26,IT,173.7238,90.04,2018
2017-11-27,IT,172.838,89.58,2018
2017-11-28,IT,171.6298,88.96,2018
2017-11-29,IT,170.9781,88.62,2018
2017-11-30,IT,170.0586,88.14,2018
2017-12-01,IT,169.136,87.66,2018
2017-12-02,IT,168.1286,87.14,2018
2017-12-03,IT,167.1751,86.65,2018
2017-12-04,IT,166.1112,86.1,2018
2017-12-05,IT,165.0344,85.54,2018
2017-12-06,IT,163.985,84.99,2018
2017-12-07,IT,162.7912,84.37,2018
2017-12-08,IT,162.0478,83.99,2018
2017-12-09,IT,161.2336,83.57,2018
2017-12-10,IT,160.29,83.08,2018
2017-12-11,IT,159.3532,82.59,2018
2017-12-12,IT,158.004,81.89,2018
2017-12-13,IT,157.2336,81.49,2018
2017-12-14,IT,156.4152,81.07,2018
2017-12-15,IT,155.5011,80.6,2018
2017-12-16,IT,154.5703,80.11,2018
2017-12-17,IT,153.7503,79.69,2018
2017-12-18,IT,152.7041,79.15,2018
2017-12-19,IT,151.5456,78.55,2018
2017-12-20,IT,150.4402,77.97,2018
2017-12-21,IT,149.3993,77.43,2018
2017-12-22,IT,148.3541,76.89,2018
2017-12-23,IT,147.5827,76.49,2018
2017-12-24,IT,146.9281,76.15,2018
2017-12-25,IT,146.2784,75.82,2018
2017-12-26,IT,145.6238,75.48,2018
2017-12-27,IT,145.1876,75.25,2018
2017-12-28,IT,144.4233,74.85,2018
2017-12-29,IT,143.6554,74.46,2018
2017-12-30,IT,143.0157,74.12,2018
2017-12-31,IT,142.3141,73.76,2018
2018-01-01,IT,141.7076,73.45,2018
2018-01-02,IT,141.0314,73.1,2018
2018-01-03,IT,140.1675,72.65,2018
2018-01-04,IT,139.2922,72.19,2018
2018-01-05,IT,138.4759,71.77,2018
2018-01-06,IT,138.0227,71.54,2018
2018-01-07,IT,137.5046,71.27,2018
2018-01-08,IT,136.5869,70.79,2018
2018-01-09,IT,135.5801,70.27,2018
2018-01-10,IT,134.5653,69.74,2018
2018-01-11,IT,133.4053,69.14,2018
2018-01-12,IT,132.2832,68.56,2018
2018-01-13,IT,131.3918,68.1,2018
2018-01-14,IT,130.4496,67.61,2018
2018-01-15,IT,129.1839,66.96,2018
2018-01-16,IT,127.8619,66.27,2018
2018-01-17,IT,126.5526,65.59,2018
2018-01-18,IT,125.3059,64.95,2018
2018-01-19,IT,124.1269,64.33,2018
2018-01-20,IT,123.1795,63.84,2018
2018-01-21,IT,122.4904,63.49,2018
2018-01-22,IT,121.2626,62.85,2018
2018-01-23,IT,119.9686,62.18,2018
2018-01-24,IT,118.6844,61.51,2018
2018-01-25,IT,117.44,60.87,2018
2018-01-26,IT,116.1953,60.22,2018
2018-01-27,IT,115.2525,59.74,2018
2018-01-28,IT,114.4049,59.3,2018
2018-01-29,IT,113.0947,58.62,2018
2018-01-30,IT,111.8101,57.95,2018
2018-01-31,IT,110.5564,57.3,2018
2018-02-01,IT,109.3874,56.7,2018
2018-02-02,IT,108.3253,56.14,2018
2018-02-03,IT,107.4893,55.71,2018
2018-02-04,IT,106.6853,55.29,2018
2018-02-05,IT,105.5159,54.69,2018
2018-02-06,IT,104.3047,54.06,2018
2018-02-07,IT,103.092,53.43,2018
2018-02-08,IT,101.9221,52.83,2018
2018-02-09,IT,100.8559,52.27,2018
2018-02-10,IT,100.0169,51.84,2018
2018-02-11,IT,99.2131,51.42,2018
2018-02-12,IT,98.0507,50.82,2018
2018-02-13,IT,96.9162,50.23,2018
2018-02-14,IT,95.7802,49.64,2018
2018-02-15,IT,94.7035,49.08,2018
2018-02-16,IT,93.6751,48.55,2018
2018-02-17,IT,92.7218,48.06,2018
2018-02-18,IT,91.9118,47.64,2018
2018-02-19,IT,90.8435,47.08,2018
2018-02-20,IT,89.7764,46.53,2018
2018-02-21,IT,88.6806,45.96,2018
2018-02-22,IT,87.5885,45.4,2018
2018-02-23,IT,86.4941,44.83,2018
2018-02-24,IT,85.57,44.35,2018
2018-02-25,IT,84.4846,43.79,2018
2018-02-26,IT,83.3542,43.2,2018
2018-02-27,IT,82.2256,42.62,2018
2018-02-28,IT,81.0944,42.03,2018
2018-03-01,IT,79.9576,41.44,2018
2018-03-02,IT,79.0199,40.96,2018
2018-03-03,IT,78.2069,40.53,2018
2018-03-04,IT,77.4022,40.12,2018
2018-03-05,IT,76.6559,39.73,2018
2018-03-06,IT,75.9167,39.35,2018
2018-03-07,IT,75.1708,38.96,2018
2018-03-08,IT,74.4824,38.6,2018
2018-03-09,IT,73.8772,38.29,2018
2018-03-10,IT,73.5623,38.13,2018
2018-03-11,IT,73.2918,37.99,2018
2018-03-12,IT,72.6695,37.66,2018
2018-03-13,IT,72.1332,37.39,2018
2018-03-14,IT,71.4855,37.05,2018
2018-03-15,IT,70.6871,36.64,2018
2018-03-16,IT,70.1198,36.34,2018
2018-03-17,IT,69.7573,36.16,2018
2018-03-18,IT,69.4303,35.99,2018
2018-03-19,IT,68.7675,35.64,2018
2018-03-20,IT,68.1022,35.3,2018
2018-03-21,IT,67.4378,34.95,2018
2018-03-22,IT,66.8051,34.62,2018
2018-03-23,IT,66.2329,34.33,2018
2018-03-24,IT,65.8942,34.15,2018
2018-03-25,IT,65.7558,34.08,2018
2018-03-26,IT,65.2579,33.82,2018
2018-03-27,IT,64.8345,33.6,2018
2018-03-28,IT,64.587,33.48,2018
2018-03-29,IT,64.6071,33.49,2018
2018-03-30,IT,64.8354,33.6,2018
2018-03-31,IT,64.3303,44.18,2018
2018-04-01,IT,66.4195,45.61,2018
2018-04-02,IT,66.7729,45.85,2018
2018-04-03,IT,66.8682,45.92,2018
2018-04-04,IT,66.8775,45.92,2018
2018-04-05,IT,67.0202,46.02,2018
2018-04-06,IT,67.414,46.29,2018
2018-04-07,IT,68.0911,46.76,2018
2018-04-08,IT,68.9108,47.32,2018
2018-04-09,IT,69.2581,35.6,2018
2018-04-10,IT,69.4906,35.72,2018
2018-04-11,IT,69.6955,35.83,2018
2018-04-12,IT,69.8732,35.92,2018
2018-04-13,IT,70.2561,36.12,2018
2018-04-14,IT,71.0469,36.52,2018
2018-04-15,IT,71.8301,36.93,2018
2018-04-16,IT,72.3763,37.21,2018
2018-04-17,IT,72.8358,37.44,2018
2018-04-18,IT,73.4959,37.78,2018
2018-04-19,IT,74.1201,38.1,2018
2018-04-20,IT,75.102,38.61,2018
2018-04-21,IT,76.0996,39.12,2018
2018-04-22,IT,77.1105,39.64,2018
2018-04-23,IT,77.9296,40.06,2018
2018-04-24,IT,78.4638,40.34,2018
2018-04-25,IT,79.2977,40.77,2018
2018-04-26,IT,80.0234,41.14,2018
2018-04-27,IT,80.9225,41.6,2018
2018-04-28,IT,81.9927,42.15,2018
2018-04-29,IT,83.0761,42.71,2018
2018-04-30,IT,83.9558,43.16,2018
2018-05-01,IT,84.9938,43.69,2018
2018-05-02,IT,85.6433,44.03,2018
2018-05-03,IT,86.2567,44.34,2018
2018-05-04,IT,86.9803,44.72,2018
2018-05-05,IT,87.9464,45.21,2018
2018-05-06,IT,88.9812,45.74,2018
2018-05-07,IT,89.786,46.16,2018
2018-05-08,IT,90.624,46.59,2018
2018-05-09,IT,91.5182,47.05,2018
2018-05-10,IT,92.3959,47.5,2018
2018-05-11,IT,93.3431,47.99,2018
2018-05-12,IT,94.3942,48.53,2018
2018-05-13,IT,94.4495,48.55,2018
2018-05-14,IT,96.4501,49.58,2018
2018-05-15,IT,97.3941,50.07,2018
2018-05-16,IT,98.3974,50.58,2018
2018-05-17,IT,99.3535,51.08,2018
2018-05-18,IT,100.2433,51.53,2018
2018-05-19,IT,101.3995,52.13,2018
2018-05-20,IT,102.5457,52.72,2018
2018-05-21,IT,103.348,53.13,2018
2018-05-22,IT,103.9831,53.46,2018
2018-05-23,IT,104.5861,53.77,2018
2018-05-24,IT,105.3736,54.17,2018
2018-05-25,IT,106.2662,54.63,2018
2018-05-26,IT,107.3068,55.16,2018
2018-05-27,IT,108.346,55.7,2018
2018-05-28,IT,109.1655,56.12,2018
2018-05-29,IT,110.0995,56.6,2018
2018-05-30,IT,110.9674,57.05,2018
2018-05-31,IT,111.8273,57.49,2018
2018-06-01,IT,112.7045,57.94,2018
2018-06-02,IT,113.6468,58.42,2018
2018-06-03,IT,114.527,58.88,2018
2018-06-04,IT,115.1825,59.21,2018
2018-06-05,IT,115.8728,59.57,2018
2018-06-06,IT,116.549,59.92,2018
2018-06-07,IT,117.2952,60.3,2018
2018-06-08,IT,118.0526,60.69,2018
2018-06-09,IT,118.9948,61.17,2018
2018-06-10,IT,119.9569,61.67,2018
2018-06-11,IT,120.6302,62.01,2018
2018-06-12,IT,121.2903,62.35,2018
2018-06-13,IT,122.025,62.73,2018
2018-06-14,IT,122.8106,63.13,2018
2018-06-15,IT,123.5223,63.5,2018
2018-06-16,IT,124.4589,63.98,2018
2018-06-17,IT,125.3651,64.45,2018
2018-06-18,IT,125.9949,64.77,2018
2018-06-19,IT,126.5379,65.05,2018
2018-06-20,IT,127.0234,65.3,2018
2018-06-21,IT,127.4697,65.53,2018
2018-06-22,IT,128.1301,65.87,2018
2018-06-23,IT,129.1445,66.39,2018
2018-06-24,IT,130.108,66.89,2018
2018-06-25,IT,130.8944,67.29,2018
2018-06-26,IT,131.5954,67.65,2018
2018-06-27,IT,132.3587,68.04,2018
2018-06-28,IT,133.166,68.46,2018
2018-06-29,IT,133.9359,68.85,2018
2018-06-30,IT,134.8312,69.31,2018
2018-07-01,IT,135.7925,69.81,2018
2018-07-02,IT,136.4068,70.12,2018
2018-07-03,IT,136.8426,70.35,2018
2018-07-04,IT,138.0757,70.98,2018
2018-07-05,IT,138.6137,71.26,2018
2018-07-06,IT,139.2721,71.6,2018
2018-07-07,IT,140.3008,72.13,2018
2018-07-08,IT,141.1403,72.56,2018
2018-07-09,IT,141.5936,72.79,2018
2018-07-10,IT,141.0738,72.52,2018
2018-07-11,IT,141.3989,72.69,2018
2018-07-12,IT,141.788,72.89,2018
2018-07-13,IT,142.2069,73.11,2018
2018-07-14,IT,143.0191,73.52,2018
2018-07-15,IT,143.8247,73.94,2018
2018-07-16,IT,144.4488,74.26,2018
2018-07-17,IT,145.0764,74.58,2018
2018-07-18,IT,145.7368,74.92,2018
2018-07-19,IT,146.3884,75.26,2018
2018-07-20,IT,147.0776,75.61,2018
2018-07-21,IT,147.9717,76.07,2018
2018-07-22,IT,148.8693,76.53,2018
2018-07-23,IT,149.6322,76.92,2018
2018-07-24,IT,150.3085,77.27,2018
2018-07-25,IT,150.9553,77.6,2018
2018-07-26,IT,151.5507,77.91,2018
2018-07-27,IT,152.2774,78.28,2018
2018-07-28,IT,153.0694,78.69,2018
2018-07-29,IT,153.8507,79.09,2018
2018-07-30,IT,154.5662,79.46,2018
2018-07-31,IT,155.1373,79.75,2018
2018-08-01,IT,155.531,79.96,2018
2018-08-02,IT,156.001,80.2,2018
2018-08-03,IT,156.64,80.53,2018
2018-08-04,IT,157.2458,80.84,2018
2018-08-05,IT,157.8813,81.16,2018
2018-08-06,IT,158.1111,81.28,2018
2018-08-07,IT,158.3104,81.38,2018
2018-08-08,IT,158.5956,81.53,2018
2018-08-09,IT,159.0507,81.77,2018
2018-08-10,IT,159.6882,82.09,2018
2018-08-11,IT,160.3095,82.41,2018
2018-08-12,IT,160.9698,82.75,2018
2018-08-13,IT,161.5774,83.06,2018
2018-08-14,IT,162.3001,83.44,2018
2018-08-15,IT,163.0186,83.81,2018
2018-08-16,IT,163.7266,84.17,2018
2018-08-17,IT,164.4481,84.54,2018
2018-08-18,IT,165.1102,84.88,2018
2018-08-19,IT,165.758,85.21,2018
2018-08-20,IT,166.399,85.54,2018
2018-08-21,IT,167.0282,85.87,2018
2018-08-22,IT,167.6616,86.19,2018
2018-08-23,IT,168.2752,86.51,2018
2018-08-24,IT,168.328,86.53,2018
2018-08-25,IT,169.4611,87.12,2018
2018-08-26,IT,170.0669,87.43,2018
2018-08-27,IT,170.6557,87.73,2018
2018-08-28,IT,171.2289,88.03,2018
2018-08-29,IT,171.7171,88.28,2018
2018-08-30,IT,172.2657,88.56,2018
2018-08-31,IT,172.8685,88.87,2018
2018-09-01,IT,173.4907,89.19,2018
2018-09-02,IT,174.0945,89.5,2018
2018-09-03,IT,174.5836,89.75,2018
2018-09-04,IT,175.0699,90.0,2018
2018-09-05,IT,175.582,90.26,2018
2018-09-06,IT,176.0725,90.52,2018
2018-09-07,IT,176.6125,90.79,2018
2018-09-08,IT,177.1606,91.08,2018
2018-09-09,IT,177.7257,91.37,2018
2018-09-10,IT,178.2372,91.63,2018
2018-09-11,IT,178.6919,91.86,2018
2018-09-12,IT,179.0418,92.04,2018
2018-09-13,IT,179.3618,92.21,2018
2018-09-14,IT,179.7839,92.42,2018
2018-09-15,IT,180.1873,92.63,2018
2018-09-16,IT,180.6359,92.86,2018
2018-09-17,IT,180.9898,93.04,2018
2018-09-18,IT,181.3899,93.25,2018
2018-09-19,IT,181.8898,93.51,2018
2018-09-20,IT,182.276,93.71,2018
2018-09-21,IT,182.7334,93.94,2018
2018-09-22,IT,183.0521,94.1,2018
2018-09-23,IT,183.4439,94.31,2018
2018-09-24,IT,183.7939,94.49,2018
2018-09-25,IT,183.9982,94.59,2018
2018-09-26,IT,184.1973,94.69,2018
2018-09-27,IT,184.4965,94.85,2018
2018-09-28,IT,184.7294,94.97,2018
2018-09-29,IT,185.1111,95.16,2018
2018-09-30,IT,185.5584,95.39,2018
2018-10-01,IT,185.8328,95.53,2019
2018-10-02,IT,185.9152,95.58,2019
2018-10-03,IT,186.0344,95.64,2019
2018-10-04,IT,186.1695,95.71,2019
2018-10-05,IT,186.3016,95.77,2019
2018-10-06,IT,186.5888,95.92,2019
2018-10-07,IT,186.9665,96.12,2019
2018-10-08,IT,187.1531,96.21,2019
2018-10-09,IT,187.307,96.29,2019
2018-10-10,IT,187.4738,96.38,2019
2018-10-11,IT,187.6259,96.46,2019
2018-10-12,IT,187.8334,96.56,2019
2018-10-13,IT,188.248,96.78,2019
2018-10-14,IT,188.6431,96.98,2019
2018-10-15,IT,188.8155,97.07,2019
2018-10-16,IT,188.9086,97.11,2019
2018-10-17,IT,188.9826,97.15,2019
2018-10-18,IT,189.1342,97.23,2019
2018-10-19,IT,189.2617,97.3,2019
2018-10-20,IT,189.4522,97.39,2019
2018-10-21,IT,189.6167,97.48,2019
2018-10-22,IT,189.6593,97.5,2019
2018-10-23,IT,189.6592,97.5,2019
2018-10-24,IT,189.6935,97.52,2019
2018-10-25,IT,189.7413,97.54,2019
2018-10-26,IT,189.7846,97.57,2019
2018-10-27,IT,189.8392,97.59,2019
2018-10-28,IT,189.8901,97.62,2019
2018-10-29,IT,190.0444,97.7,2019
2018-10-30,IT,189.8096,97.58,2019
2018-10-31,IT,189.5781,97.46,2019
2018-11-01,IT,189.3444,97.34,2019
2018-11-02,IT,189.4308,97.38,2019
2018-11-03,IT,189.2393,97.28,2019
2018-11-04,IT,189.0526,97.19,2019
2018-11-05,IT,189.0201,97.17,2019
2018-11-06,IT,188.6987,97.01,2019
2018-11-07,IT,188.3093,96.81,2019
2018-11-08,IT,187.8954,96.59,2019
2018-11-09,IT,187.8585,96.58,2019
2018-11-10,IT,187.5772,96.43,2019
2018-11-11,IT,187.4228,96.35,2019
2018-11-12,IT,186.9624,96.11,2019
2018-11-13,IT,186.45,95.85,2019
2018-11-14,IT,185.9411,95.59,2019
2018-11-15,IT,185.2803,95.25,2019
2018-11-16,IT,184.5678,94.88,2019
2018-11-17,IT,183.8877,94.53,2019
2018-11-18,IT,183.1905,94.18,2019
2018-11-19,IT,182.258,93.7,2019
2018-11-20,IT,181.3032,93.21,2019
2018-11-21,IT,180.3407,92.71,2019
2018-11-22,IT,179.5143,92.29,2019
2018-11-23,IT,178.6452,91.84,2019
2018-11-24,IT,178.0116,91.51,2019
2018-11-25,IT,177.4916,91.25,2019
2018-11-26,IT,176.7281,90.85,2019
2018-11-27,IT,175.9228,90.44,2019
2018-11-28,IT,175.1397,90.04,2019
2018-11-29,IT,174.2185,89.56,2019
2018-11-30,IT,173.3628,89.12,2019
2018-12-01,IT,172.4739,88.67,2019
2018-12-02,IT,171.93,88.39,2019
2018-12-03,IT,170.9244,87.87,2019
2018-12-04,IT,169.9973,87.39,2019
2018-12-05,IT,169.0167,86.89,2019
2018-12-06,IT,168.0643,86.4,2019
2018-12-07,IT,167.0823,85.89,2019
2018-12-08,IT,166.5319,85.61,2019
2018-12-09,IT,165.9938,85.33,2019
2018-12-10,IT,165.0058,84.83,2019
2018-12-11,IT,163.952,84.29,2019
2018-12-12,IT,162.8996,83.74,2019
2018-12-13,IT,161.6555,83.1,2019
2018-12-14,IT,160.4067,82.46,2019
2018-12-15,IT,159.2859,81.89,2019
2018-12-16,IT,158.2798,81.37,2019
2018-12-17,IT,157.2212,80.82,2019
2018-12-18,IT,156.174,80.29,2019
2018-12-19,IT,155.1079,79.74,2019
2018-12-20,IT,154.1222,79.23,2019
2018-12-21,IT,153.2206,78.77,2019
2018-12-22,IT,152.4397,78.37,2019
2018-12-23,IT,151.7046,77.99,2019
2018-12-24,IT,151.1195,77.69,2019
2018-12-25,IT,150.539,77.39,2019
2018-12-26,IT,149.7057,76.96,2019
2018-12-27,IT,148.7279,76.46,2019
2018-12-28,IT,147.7693,75.97,2019
2018-12-29,IT,146.8911,75.44,2019
2018-12-30,IT,146.0713,75.02,2019
2018-12-31,IT,145.1964,74.57,2019
2019-01-01,IT,144.4618,74.19,2019
2019-01-02,IT,143.9825,73.95,2019
2019-01-03,IT,142.7966,73.34,2019
2019-01-04,IT,141.5866,72.71,2019
2019-01-05,IT,140.3733,72.09,2019
2019-01-06,IT,139.1577,71.47,2019
2019-01-07,IT,137.9323,70.84,2019
2019-01-08,IT,136.684,70.2,2019
2019-01-09,IT,135.4363,69.56,2019
2019-01-10,IT,134.2132,68.93,2019
2019-01-11,IT,134.1145,68.88,2019
2019-01-12,IT,134.0389,68.84,2019
2019-01-13,IT,133.9884,68.81,2019
2019-01-14,IT,133.8927,68.76,2019
2019-01-15,IT,128.3257,65.9,2019
2019-01-16,IT,127.0558,65.25,2019
2019-01-17,IT,125.8263,64.62,2019
2019-01-18,IT,124.5509,63.97,2019
2019-01-19,IT,123.3866,63.37,2019
2019-01-20,IT,122.2094,62.76,2019
2019-01-21,IT,120.9461,62.11,2019
2019-01-22,IT,119.6654,61.46,2019
2019-01-23,IT,118.3949,60.8,2019
2019-01-24,IT,117.1055,60.14,2019
2019-01-25,IT,115.8228,59.48,2019
2019-01-26,IT,114.5768,58.84,2019
2019-01-27,IT,113.4228,58.25,2019
2019-01-28,IT,112.1369,57.59,2019
2019-01-29,IT,110.8748,56.94,2019
2019-01-30,IT,109.5868,56.28,2019
2019-01-31,IT,108.3181,55.63,2019
2019-02-01,IT,107.228,55.07,2019
2019-02-02,IT,106.291,54.59,2019
2019-02-03,IT,105.4686,54.17,2019
2019-02-04,IT,104.3709,53.6,2019
2019-02-05,IT,103.2718,53.04,2019
2019-02-06,IT,102.2148,52.49,2019
2019-02-07,IT,101.106,51.93,2019
2019-02-08,IT,99.9643,51.34,2019
2019-02-09,IT,99.0568,50.87,2019
2019-02-10,IT,98.3286,50.5,2019
2019-02-11,IT,97.1975,49.92,2019
2019-02-12,IT,96.255,49.43,2019
2019-02-13,IT,95.1415,48.86,2019
2019-02-14,IT,94.0295,48.29,2019
2019-02-15,IT,93.0436,47.78,2019
2019-02-16,IT,92.0908,47.3,2019
2019-02-17,IT,91.3525,46.92,2019
2019-02-18,IT,90.3859,46.42,2019
2019-02-19,IT,89.3815,45.9,2019
2019-02-20,IT,88.3499,45.37,2019
2019-02-21,IT,87.3506,44.86,2019
2019-02-22,IT,86.3347,44.34,2019
2019-02-23,IT,85.453,43.89,2019
2019-02-24,IT,84.4507,43.37,2019
2019-02-25,IT,83.378,42.82,2019
2019-02-26,IT,82.4125,42.32,2019
2019-02-27,IT,81.6997,41.96,2019
2019-02-28,IT,80.9928,41.6,2019
2019-03-01,IT,80.5671,41.38,2019
2019-03-02,IT,80.3351,41.26,2019
2019-03-03,IT,80.1624,41.17,2019
2019-03-04,IT,79.665,40.91,2019
2019-03-05,IT,79.1905,40.67,2019
2019-03-06,IT,78.6475,40.39,2019
2019-03-07,IT,78.2458,40.18,2019
2019-03-08,IT,78.0782,40.1,2019
2019-03-09,IT,78.0922,40.11,2019
2019-03-10,IT,78.2226,40.17,2019
2019-03-11,IT,78.0998,40.11,2019
2019-03-12,IT,77.7456,39.93,2019
2019-03-13,IT,77.1788,39.64,2019
2019-03-14,IT,76.5554,39.32,2019
2019-03-15,IT,76.3483,39.21,2019
2019-03-16,IT,76.4275,39.25,2019
2019-03-17,IT,76.4816,39.28,2019
2019-03-18,IT,76.2608,39.17,2019
2019-03-19,IT,75.6783,38.87,2019
2019-03-20,IT,75.1995,38.62,2019
2019-03-21,IT,74.8485,38.44,2019
2019-03-22,IT,74.7831,38.41,2019
2019-03-23,IT,74.9349,38.48,2019
2019-03-24,IT,73.1989,37.59,2019
2019-03-25,IT,75.0643,38.55,2019
2019-03-26,IT,74.856,38.44,2019
2019-03-27,IT,74.6382,38.33,2019
2019-03-28,IT,74.4421,38.23,2019
2019-03-29,IT,74.4637,38.24,2019
2019-03-30,IT,74.51,38.27,2019
2019-03-31,IT,74.5569,38.29,2019
2019-04-01,IT,75.2677,51.01,2019
2019-04-02,IT,75.6494,51.26,2019
2019-04-03,IT,75.8849,51.42,2019
2019-04-04,IT,76.068,51.55,2019
2019-04-05,IT,76.2656,51.68,2019
2019-04-06,IT,76.8058,52.05,2019
2019-04-07,IT,77.3195,52.4,2019
2019-04-08,IT,77.4914,52.51,2019
2019-04-09,IT,77.7549,52.69,2019
2019-04-10,IT,78.1156,52.94,2019
2019-04-11,IT,78.3932,53.12,2019
2019-04-12,IT,78.6698,40.06,2019
2019-04-13,IT,79.1717,40.32,2019
2019-04-14,IT,79.6974,40.58,2019
2019-04-15,IT,80.0486,40.76,2019
2019-04-16,IT,80.4917,40.99,2019
2019-04-17,IT,81.0489,41.27,2019
2019-04-18,IT,81.7848,41.65,2019
2019-04-19,IT,82.5793,42.05,2019
2019-04-20,IT,83.4843,42.51,2019
2019-04-21,IT,84.4148,42.99,2019
2019-04-22,IT,85.3364,43.46,2019
2019-04-23,IT,86.0738,43.83,2019
2019-04-24,IT,86.8699,44.24,2019
2019-04-25,IT,87.851,44.74,2019
2019-04-26,IT,88.7563,45.2,2019
2019-04-27,IT,89.6337,45.64,2019
2019-04-28,IT,90.436,46.05,2019
2019-04-29,IT,90.9666,46.32,2019
2019-04-30,IT,91.6907,46.69,2019
2019-05-01,IT,92.4412,47.07,2019
2019-05-02,IT,93.0736,47.4,2019
2019-05-03,IT,93.8594,47.8,2019
2019-05-04,IT,94.6499,48.2,2019
2019-05-05,IT,95.3765,48.57,2019
2019-05-06,IT,95.8337,48.8,2019
2019-05-07,IT,96.2703,49.02,2019
2019-05-08,IT,96.6761,49.23,2019
2019-05-09,IT,97.3027,49.55,2019
2019-05-10,IT,98.0549,49.93,2019
2019-05-11,IT,99.0009,50.41,2019
2019-05-12,IT,99.9418,50.89,2019
2019-05-13,IT,100.4996,51.18,2019
2019-05-14,IT,101.0564,51.46,2019
2019-05-15,IT,101.5343,51.7,2019
2019-05-16,IT,102.1313,52.01,2019
2019-05-17,IT,102.9098,52.4,2019
2019-05-18,IT,103.7639,52.84,2019
2019-05-19,IT,104.6194,53.27,2019
2019-05-20,IT,105.3688,53.66,2019
2019-05-21,IT,106.1315,54.04,2019
2019-05-22,IT,107.0175,54.5,2019
2019-05-23,IT,107.8831,54.94,2019
2019-05-24,IT,108.8023,55.4,2019
2019-05-25,IT,109.7764,55.9,2019
2019-05-26,IT,110.8189,56.43,2019
2019-05-27,IT,111.7148,56.89,2019
2019-05-28,IT,112.5823,57.33,2019
2019-05-29,IT,113.4924,57.79,2019
2019-05-30,IT,114.4016,58.26,2019
2019-05-31,IT,115.4209,58.78,2019
2019-06-01,IT,116.356,59.25,2019
2019-06-02,IT,117.3508,59.76,2019
2019-06-03,IT,118.099,60.14,2019
2019-06-04,IT,118.8085,60.5,2019
2019-06-05,IT,119.6264,60.92,2019
2019-06-06,IT,120.581,61.4,2019
2019-06-07,IT,121.5313,61.89,2019
2019-06-08,IT,122.5408,62.4,2019
2019-06-09,IT,123.4477,62.86,2019
2019-06-10,IT,124.1622,63.23,2019
2019-06-11,IT,125.0422,63.67,2019
2019-06-12,IT,125.86,64.09,2019
2019-06-13,IT,126.6666,64.5,2019
2019-06-14,IT,127.5535,64.95,2019
2019-06-15,IT,128.4126,65.39,2019
2019-06-16,IT,129.304,65.84,2019
2019-06-17,IT,130.176,66.29,2019
2019-06-18,IT,130.8181,66.62,2019
2019-06-19,IT,131.4009,66.91,2019
2019-06-20,IT,132.2228,67.33,2019
2019-06-21,IT,132.9898,67.72,2019
2019-06-22,IT,133.7532,68.11,2019
2019-06-23,IT,134.6235,68.55,2019
2019-06-24,IT,135.4436,68.97,2019
2019-06-25,IT,136.2069,69.36,2019
2019-06-26,IT,136.9139,69.72,2019
2019-06-27,IT,137.6024,70.07,2019
2019-06-28,IT,138.2553,70.4,2019
2019-06-29,IT,139.0592,70.81,2019
2019-06-30,IT,139.9089,71.24,2019
2019-07-01,IT,140.5626,71.58,2019
2019-07-02,IT,140.8663,71.73,2019
2019-07-03,IT,141.3654,71.99,2019
2019-07-04,IT,141.7918,72.2,2019
2019-07-05,IT,142.4071,72.52,2019
2019-07-06,IT,143.1488,72.89,2019
2019-07-07,IT,143.8769,73.27,2019
2019-07-08,IT,144.6896,73.68,2019
2019-07-09,IT,145.2619,73.97,2019
2019-07-10,IT,145.961,74.33,2019
2019-07-11,IT,146.681,74.69,2019
2019-07-12,IT,147.4055,75.06,2019
2019-07-13,IT,148.0742,75.4,2019
2019-07-14,IT,148.7466,75.75,2019
2019-07-15,IT,149.4106,76.08,2019
2019-07-16,IT,150.0809,76.42,2019
2019-07-17,IT,150.7706,76.78,2019
2019-07-18,IT,151.4617,77.13,2019
2019-07-19,IT,152.1212,77.46,2019
2019-07-20,IT,152.7823,77.8,2019
2019-07-21,IT,153.4724,78.15,2019
2019-07-22,IT,154.1082,78.48,2019
2019-07-23,IT,154.7907,78.82,2019
2019-07-24,IT,155.4184,79.14,2019
2019-07-25,IT,156.0518,79.47,2019
2019-07-26,IT,156.6204,79.75,2019
2019-07-27,IT,157.2548,80.08,2019
2019-07-28,IT,157.9635,80.44,2019
2019-07-29,IT,158.5761,80.75,2019
2019-07-30,IT,159.2971,81.12,2019
2019-07-31,IT,159.9726,81.46,2019
2019-08-01,IT,160.6632,81.81,2019
2019-08-02,IT,161.3957,82.19,2019
2019-08-03,IT,162.1121,82.55,2019
2019-08-04,IT,162.7425,82.87,2019
2019-08-05,IT,163.319,83.17,2019
2019-08-06,IT,163.8864,83.45,2019
2019-08-07,IT,164.4581,83.75,2019
2019-08-08,IT,165.0449,84.04,2019
2019-08-09,IT,165.623,84.34,2019
2019-08-10,IT,166.1941,84.63,2019
2019-08-11,IT,166.7665,84.92,2019
2019-08-12,IT,167.3197,85.2,2019
2019-08-13,IT,167.8615,85.48,2019
2019-08-14,IT,168.423,85.76,2019
2019-08-15,IT,169.0023,86.06,2019
2019-08-16,IT,169.5846,86.36,2019
2019-08-17,IT,170.1556,86.65,2019
2019-08-18,IT,171.5107,87.34,2019
2019-08-19,IT,172.0612,87.62,2019
2019-08-20,IT,172.6126,87.9,2019
2019-08-21,IT,173.1639,88.18,2019
2019-08-22,IT,173.7134,88.46,2019
2019-08-23,IT,174.2598,88.74,2019
2019-08-24,IT,174.8049,89.01,2019
2019-08-25,IT,175.348,89.29,2019
2019-08-26,IT,175.8806,89.56,2019
2019-08-27,IT,176.3268,89.79,2019
2019-08-28,IT,176.7877,90.02,2019
2019-08-29,IT,177.2412,90.26,2019
2019-08-30,IT,177.7256,90.5,2019
2019-08-31,IT,178.2173,90.75,2019
2019-09-01,IT,178.7144,91.01,2019
2019-09-02,IT,179.0563,91.18,2019
2019-09-03,IT,179.4498,91.38,2019
2019-09-04,IT,179.8411,91.58,2019
2019-09-05,IT,180.2721,91.8,2019
2019-09-06,IT,180.6817,92.01,2019
2019-09-07,IT,181.1062,92.22,2019
2019-09-08,IT,181.5285,92.44,2019
2019-09-09,IT,181.9249,92.64,2019
2019-09-10,IT,182.3286,92.85,2019
2019-09-11,IT,182.7091,93.04,2019
2019-09-12,IT,183.0892,93.23,2019
2019-09-13,IT,183.4777,93.43,2019
2019-09-14,IT,183.875,93.63,2019
2019-09-15,IT,184.273,93.84,2019
2019-09-16,IT,185.1947,94.31,2019
2019-09-17,IT,185.5492,94.49,2019
2019-09-18,IT,185.8956,94.66,2019
2019-09-19,IT,186.2291,94.83,2019
2019-09-20,IT,186.5814,95.01,2019
2019-09-21,IT,186.9254,95.19,2019
2019-09-22,IT,187.276,95.37,2019
2019-09-23,IT,187.6627,95.56,2019
2019-09-24,IT,188.3402,95.91,2019
2019-09-25,IT,188.708,96.09,2019
2019-09-26,IT,189.0744,96.28,2019
2019-09-27,IT,189.4211,96.46,2019
2019-09-28,IT,189.8034,96.65,2019
2019-09-29,IT,190.1847,96.85,2019
2019-09-30,IT,190.3452,96.93,2019
2019-10-01,IT,190.4726,96.99,2020
2019-10-02,IT,190.5857,97.05,2020
2019-10-03,IT,190.7197,97.12,2020
2019-10-04,IT,190.7857,97.15,2020
2019-10-05,IT,190.9159,97.22,2020
2019-10-06,IT,191.0474,97.29,2020
2019-10-07,IT,191.1458,97.34,2020
2019-10-08,IT,191.2795,97.4,2020
2019-10-09,IT,191.3923,97.46,2020
2019-10-10,IT,191.5014,97.52,2020
2019-10-11,IT,191.6206,97.58,2020
2019-10-12,IT,191.754,97.65,2020
2019-10-13,IT,191.8895,97.71,2020
2019-10-14,IT,192.0005,97.77,2020
2019-10-15,IT,192.1152,97.83,2020
2019-10-16,IT,192.2079,97.88,2020
2019-10-17,IT,192.2975,97.92,2020
2019-10-18,IT,192.4115,97.98,2020
2019-10-19,IT,192.5333,98.04,2020
2019-10-20,IT,192.666,98.11,2020
2019-10-21,IT,192.7617,98.16,2020
2019-10-22,IT,192.8774,98.22,2020
2019-10-23,IT,192.7494,98.15,2020
2019-10-24,IT,193.1155,98.34,2020
2019-10-25,IT,193.241,98.4,2020
2019-10-26,IT,193.3753,98.47,2020
2019-10-27,IT,193.5096,98.54,2020
2019-10-28,IT,193.9058,98.74,2020
2019-10-29,IT,194.0189,98.8,2020
2019-10-30,IT,194.1394,98.86,2020
2019-10-31,IT,194.251,98.92,2020
2019-11-01,IT,194.3037,98.94,2020
2019-11-02,IT,194.346,98.97,2020
2019-11-03,IT,194.3953,98.99,2020
2019-11-04,IT,194.382,98.98,2020
2019-11-05,IT,194.3061,98.95,2020
2019-11-06,IT,194.1571,98.87,2020
2019-11-07,IT,194.0226,98.8,2020
2019-11-08,IT,193.9418,98.76,2020
2019-11-09,IT,193.9034,98.74,2020
2019-11-10,IT,193.8969,98.74,2020
2019-11-11,IT,193.4378,98.5,2020
2019-11-12,IT,192.8991,98.23,2020
2019-11-13,IT,192.2143,97.88,2020
2019-11-14,IT,191.5066,97.52,2020
2019-11-15,IT,190.9487,97.24,2020
2019-11-16,IT,190.5787,97.05,2020
2019-11-17,IT,190.211,96.86,2020
2019-11-18,IT,189.4651,96.48,2020
2019-11-19,IT,188.6291,96.05,2020
2019-11-20,IT,187.9255,95.7,2020
2019-11-21,IT,187.2516,95.35,2020
2019-11-22,IT,186.6387,95.04,2020
2019-11-23,IT,186.2618,94.85,2020
2019-11-24,IT,186.0329,94.73,2020
2019-11-25,IT,185.3937,94.41,2020
2019-11-26,IT,184.7766,94.09,2020
2019-11-27,IT,184.1301,93.76,2020
2019-11-28,IT,183.7002,93.54,2020
2019-11-29,IT,183.2137,93.3,2020
2019-11-30,IT,182.9865,93.18,2020
2019-12-01,IT,182.4973,92.93,2020
2019-12-02,IT,181.6016,92.48,2020
2019-12-03,IT,180.6748,92.0,2020
2019-12-04,IT,179.6669,91.49,2020
2019-12-05,IT,178.6604,90.98,2020
2019-12-06,IT,177.6424,90.46,2020
2019-12-07,IT,176.7386,90.0,2020
2019-12-08,IT,176.1725,89.71,2020
2019-12-09,IT,175.2276,89.23,2020
2019-12-10,IT,174.2243,88.72,2020
2019-12-11,IT,173.2131,88.2,2020
2019-12-12,IT,172.1681,87.67,2020
2019-12-13,IT,171.1481,87.15,2020
2019-12-14,IT,170.2577,86.7,2020
2019-12-15,IT,169.4685,86.3,2020
2019-12-16,IT,168.4608,85.78,2020
2019-12-17,IT,167.5043,85.3,2020
2019-12-18,IT,166.6341,84.85,2020
2019-12-19,IT,165.7942,84.43,2020
2019-12-20,IT,165.0385,84.04,2020
2019-12-21,IT,164.6998,83.87,2020
2019-12-22,IT,164.3022,83.67,2020
2019-12-23,IT,163.6506,83.33,2020
2019-12-24,IT,163.0992,83.05,2020
2019-12-25,IT,162.8245,82.91,2020
2019-12-26,IT,162.4844,82.74,2020
2019-12-27,IT,161.7949,82.39,2020
2019-12-28,IT,161.0383,82.0,2020
2019-12-29,IT,160.2151,81.59,2020
2019-12-30,IT,159.2361,81.09,2020
2019-12-31,IT,158.2471,80.58,2020
2020-01-01,IT,157.264,80.08,2020
2020-01-02,IT,156.1441,79.51,2020
2020-01-03,IT,154.9615,78.91,2020
2020-01-04,IT,153.8014,78.32,2020
2020-01-05,IT,152.7829,77.8,2020
2020-01-06,IT,151.5395,77.17,2020
2020-01-07,IT,150.2693,76.52,2020
2020-01-08,IT,148.9891,75.87,2020
2020-01-09,IT,147.7107,75.22,2020
2020-01-10,IT,146.4304,74.57,2020
2020-01-11,IT,145.2504,73.96,2020
2020-01-12,IT,144.0954,73.38,2020
2020-01-13,IT,142.8247,72.73,2020
2020-01-14,IT,141.5423,72.08,2020
2020-01-15,IT,140.2718,71.43,2020
2020-01-16,IT,138.9177,70.74,2020
2020-01-17,IT,137.5604,70.05,2020
2020-01-18,IT,136.229,69.37,2020
2020-01-19,IT,134.9527,68.72,2020
2020-01-20,IT,133.5972,68.03,2020
2020-01-21,IT,132.2425,67.34,2020
2020-01-22,IT,130.9045,66.66,2020
2020-01-23,IT,129.553,65.97,2020
2020-01-24,IT,128.1894,65.28,2020
2020-01-25,IT,126.8552,64.6,2020
2020-01-26,IT,125.6954,64.01,2020
2020-01-27,IT,124.3455,63.32,2020
2020-01-28,IT,123.1495,62.71,2020
2020-01-29,IT,121.9041,62.08,2020
2020-01-30,IT,120.5647,61.39,2020
2020-01-31,IT,119.3958,60.8,2020
2020-02-01,IT,118.4601,60.32,2020
2020-02-02,IT,117.7983,59.99,2020
2020-02-03,IT,116.8212,59.49,2020
2020-02-04,IT,115.8394,58.99,2020
2020-02-05,IT,114.6359,58.38,2020
2020-02-06,IT,113.4985,57.8,2020
2020-02-07,IT,112.2991,57.19,2020
2020-02-08,IT,111.2179,56.63,2020
2020-02-09,IT,110.2921,56.16,2020
2020-02-10,IT,109.2011,55.61,2020
2020-02-11,IT,108.2754,55.14,2020
2020-02-12,IT,107.3304,54.66,2020
2020-02-13,IT,106.149,54.05,2020
2020-02-14,IT,105.12,53.53,2020
2020-02-15,IT,104.4434,53.18,2020
2020-02-16,IT,103.8638,52.89,2020
2020-02-17,IT,102.9635,52.43,2020
2020-02-18,IT,101.9923,51.94,2020
2020-02-19,IT,101.0403,51.45,2020
2020-02-20,IT,100.1557,51.0,2020
2020-02-21,IT,99.2203,50.53,2020
2020-02-22,IT,98.6132,50.22,2020
2020-02-23,IT,98.1152,49.96,2020
2020-02-24,IT,97.3806,49.59,2020
2020-02-25,IT,96.7522,49.27,2020
2020-02-26,IT,95.8713,48.82,2020
2020-02-27,IT,94.8828,48.32,2020
2020-02-28,IT,93.9907,47.86,2020
2020-02-29,IT,93.2209,47.47,2020
2020-03-01,IT,92.7336,47.22,2020
2020-03-02,IT,91.9066,46.8,2020
2020-03-03,IT,91.0552,46.37,2020
2020-03-04,IT,90.2025,45.93,2020
2020-03-05,IT,89.4604,45.44,2020
2020-03-06,IT,88.8221,45.11,2020
2020-03-07,IT,88.7637,45.09,2020
2020-03-08,IT,88.4872,44.94,2020
2020-03-09,IT,87.3479,44.37,2020
2020-03-10,IT,86.7302,44.05,2020
2020-03-11,IT,86.2692,43.82,2020
2020-03-12,IT,86.1172,43.74,2020
2020-03-13,IT,85.9868,43.67,2020
2020-03-14,IT,85.8527,43.61,2020
2020-03-15,IT,85.789,43.57,2020
2020-03-16,IT,85.6565,43.51,2020
2020-03-17,IT,85.4027,43.38,2020
2020-03-18,IT,85.4601,43.41,2020
2020-03-19,IT,85.6519,43.5,2020
2020-03-20,IT,85.8781,43.62,2020
2020-03-21,IT,86.3555,43.86,2020
2020-03-22,IT,86.7015,44.04,2020
2020-03-23,IT,86.5001,43.94,2020
2020-03-24,IT,86.3004,43.83,2020
2020-03-25,IT,85.9849,43.67,2020
2020-03-26,IT,85.6293,43.49,2020
2020-03-27,IT,85.2979,43.32,2020
2020-03-28,IT,84.9718,43.16,2020
2020-03-29,IT,84.6464,42.99,2020
2020-03-30,IT,85.5702,43.46,2020
2020-03-31,IT,85.5632,43.46,2020
2020-04-01,IT,85.747,43.55,2020
2020-04-02,IT,85.9523,43.66,2020
2020-04-03,IT,86.3179,43.84,2020
2020-04-04,IT,87.0587,44.22,2020
2020-04-05,IT,87.7878,44.59,2020
2020-04-06,IT,88.4312,44.92,2020
2020-04-07,IT,89.0668,45.24,2020
2020-04-08,IT,89.8003,45.61,2020
2020-04-09,IT,90.6675,46.05,2020
2020-04-10,IT,91.5257,46.49,2020
2020-04-11,IT,92.3884,46.93,2020
2020-04-12,IT,93.236,47.36,2020
2020-04-13,IT,93.2804,47.38,2020
2020-04-14,IT,94.9787,48.24,2020
2020-04-15,IT,95.8581,48.69,2020
2020-04-16,IT,96.7117,49.12,2020
2020-04-17,IT,97.5998,49.57,2020
2020-04-18,IT,98.473,50.02,2020
2020-04-19,IT,99.3367,50.46,2020
2020-04-20,IT,100.1997,50.89,2020
2020-04-21,IT,101.0669,51.33,2020
2020-04-22,IT,95.3627,48.44,2020
2020-04-23,IT,102.8189,52.22,2020
2020-04-24,IT,103.7103,52.68,2020
2020-04-25,IT,104.6049,53.13,2020
2020-04-26,IT,105.501,53.59,2020
2020-04-27,IT,106.3551,54.02,2020
2020-04-28,IT,107.2272,54.46,2020
2020-04-29,IT,108.1326,54.92,2020
2020-04-30,IT,109.0165,55.37,2020
2020-05-01,IT,110.052,55.9,2020
2020-05-02,IT,110.8227,56.29,2020
2020-05-03,IT,111.7153,56.74,2020
2020-05-04,IT,112.6181,57.2,2020
2020-05-05,IT,113.4764,57.64,2020
2020-05-06,IT,114.3568,58.08,2020
2020-05-07,IT,115.2571,58.54,2020
2020-05-08,IT,116.1364,58.99,2020
2020-05-09,IT,117.022,59.44,2020
2020-05-10,IT,117.9275,59.9,2020
2020-05-11,IT,118.8131,60.35,2020
2020-05-12,IT,119.6666,60.78,2020
2020-05-13,IT,120.5199,61.21,2020
2020-05-14,IT,121.3875,61.66,2020
2020-05-15,IT,122.2384,62.09,2020
2020-05-16,IT,123.0912,62.52,2020
2020-05-17,IT,123.984,62.97,2020
2020-05-18,IT,124.8335,63.41,2020
2020-05-19,IT,125.6741,63.83,2020
2020-05-20,IT,126.521,64.26,2020
2020-05-21,IT,127.3525,64.69,2020
2020-05-22,IT,128.2319,65.13,2020
2020-05-23,IT,129.0925,65.57,2020
2020-05-24,IT,129.8702,65.96,2020
2020-05-25,IT,130.6386,66.35,2020
2020-05-26,IT,131.302,66.69,2020
2020-05-27,IT,131.9579,67.02,2020
2020-05-28,IT,132.8498,67.48,2020
2020-05-29,IT,133.3792,67.75,2020
2020-05-30,IT,133.9771,68.05,2020
2020-05-31,IT,134.7046,68.42,2020
2020-06-01,IT,135.4494,68.8,2020
2020-06-02,IT,136.1477,69.15,2020
2020-06-03,IT,136.8799,69.52,2020
2020-06-04,IT,137.6204,69.9,2020
2020-06-05,IT,138.363,70.28,2020
2020-06-06,IT,139.1,70.65,2020
2020-06-07,IT,139.8228,71.02,2020
2020-06-08,IT,140.5116,71.37,2020
2020-06-09,IT,141.1432,71.69,2020
2020-06-10,IT,141.8529,72.05,2020
2020-06-11,IT,142.5878,72.42,2020
2020-06-12,IT,143.3249,72.8,2020
2020-06-13,IT,144.0682,73.18,2020
2020-06-14,IT,144.81,73.55,2020
2020-06-15,IT,145.4863,73.9,2020
2020-06-16,IT,145.936,74.12,2020
2020-06-17,IT,146.357,74.34,2020
2020-06-18,IT,146.9461,74.64,2020
2020-06-19,IT,147.6625,75.0,2020
2020-06-20,IT,148.4015,75.38,2020
2020-06-21,IT,149.1143,75.74,2020
2020-06-22,IT,149.8394,76.11,2020
2020-06-23,IT,150.5587,76.47,2020
2020-06-24,IT,151.1928,76.79,2020
2020-06-25,IT,151.8154,77.11,2020
2020-06-26,IT,152.5402,77.48,2020
2020-06-27,IT,153.2252,77.83,2020
2020-06-28,IT,153.9425,78.19,2020
2020-06-29,IT,154.623,78.54,2020
2020-06-30,IT,155.3231,78.89,2020
2020-07-01,IT,155.7129,79.09,2020
2020-07-02,IT,156.2012,79.34,2020
2020-07-03,IT,156.6756,79.58,2020
2020-07-04,IT,157.2069,79.85,2020
2020-07-05,IT,157.7334,80.12,2020
2020-07-06,IT,158.2956,80.4,2020
2020-07-07,IT,158.8347,80.68,2020
2020-07-08,IT,159.3308,80.93,2020
2020-07-09,IT,159.8181,81.18,2020
2020-07-10,IT,160.3342,81.44,2020
2020-07-11,IT,160.8861,81.72,2020
2020-07-12,IT,161.4717,82.02,2020
2020-07-13,IT,161.9807,82.27,2020
2020-07-14,IT,162.4504,82.51,2020
2020-07-15,IT,162.8557,82.72,2020
2020-07-16,IT,163.3739,82.98,2020
2020-07-17,IT,163.8889,83.24,2020
2020-07-18,IT,164.4272,83.52,2020
2020-07-19,IT,165.0836,83.85,2020
2020-07-20,IT,165.5351,84.08,2020
2020-07-21,IT,166.0009,84.32,2020
2020-07-22,IT,166.4969,84.57,2020
2020-07-23,IT,166.9148,84.78,2020
2020-07-24,IT,167.3161,84.98,2020
2020-07-25,IT,167.9319,85.3,2020
2020-07-26,IT,168.5582,85.61,2020
2020-07-27,IT,169.02,85.85,2020
2020-07-28,IT,169.4278,86.06,2020
2020-07-29,IT,169.7976,86.24,2020
2020-07-30,IT,170.1714,86.43,2020
2020-07-31,IT,170.629,86.67,2020
2020-08-01,IT,171.1164,86.91,2020
2020-08-02,IT,171.6335,87.18,2020
2020-08-03,IT,171.9726,87.35,2020
2020-08-04,IT,172.3506,87.54,2020
2020-08-05,IT,172.7539,87.75,2020
2020-08-06,IT,173.2194,87.98,2020
2020-08-07,IT,173.7391,88.25,2020
2020-08-08,IT,174.2685,88.52,2020
2020-08-09,IT,174.7956,88.78,2020
2020-08-10,IT,175.2348,89.01,2020
2020-08-11,IT,175.6937,89.24,2020
2020-08-12,IT,176.1493,89.47,2020
2020-08-13,IT,176.645,89.72,2020
2020-08-14,IT,177.1514,89.98,2020
2020-08-15,IT,177.681,90.25,2020
2020-08-16,IT,178.2091,90.52,2020
2020-08-17,IT,178.6732,90.75,2020
2020-08-18,IT,179.1724,91.01,2020
2020-08-19,IT,179.6803,91.26,2020
2020-08-20,IT,180.1721,91.51,2020
2020-08-21,IT,180.6836,91.77,2020
2020-08-22,IT,181.1919,92.03,2020
2020-08-23,IT,181.707,92.29,2020
2020-08-24,IT,182.134,92.51,2020
2020-08-25,IT,182.4898,92.69,2020
2020-08-26,IT,182.7091,92.8,2020
2020-08-27,IT,183.0451,92.97,2020
2020-08-28,IT,183.4072,93.16,2020
2020-08-29,IT,183.8813,93.4,2020
2020-08-30,IT,184.497,93.71,2020
2020-08-31,IT,184.8116,93.87,2020
2020-09-01,IT,183.521,93.21,2020
2020-09-02,IT,185.6551,94.3,2020
2020-09-03,IT,185.9811,94.46,2020
2020-09-04,IT,186.3227,94.64,2020
2020-09-05,IT,186.6735,94.82,2020
2020-09-06,IT,187.0271,95.0,2020
2020-09-07,IT,187.2785,95.12,2020
2020-09-08,IT,187.5454,95.26,2020
2020-09-09,IT,187.8354,95.41,2020
2020-09-10,IT,188.047,95.51,2020
2020-09-11,IT,188.3145,95.65,2020
2020-09-12,IT,188.6663,95.83,2020
2020-09-13,IT,189.0128,96.0,2020
2020-09-14,IT,189.3452,96.17,2020
2020-09-15,IT,189.5635,96.28,2020
2020-09-16,IT,189.7867,96.4,2020
2020-09-17,IT,189.9936,96.5,2020
2020-09-18,IT,190.2487,96.63,2020
2020-09-19,IT,190.5138,96.77,2020
2020-09-20,IT,190.801,96.91,2020
2020-09-21,IT,191.0802,97.05,2020
2020-09-22,IT,191.3154,97.17,2020
2020-09-23,IT,191.567,97.3,2020
2020-09-24,IT,191.8257,97.43,2020
2020-09-25,IT,192.1126,97.58,2020
2020-09-26,IT,192.4136,97.73,2020
2020-09-27,IT,192.6994,97.88,2020
2020-09-28,IT,192.9162,97.99,2020
2020-09-29,IT,193.1172,98.09,2020
2020-09-30,IT,193.3344,98.2,2020
2020-10-01,IT,193.4166,98.24,2021
2020-10-02,IT,193.5214,98.29,2021
2020-10-03,IT,193.6366,98.35,2021
2020-10-04,IT,193.7511,98.41,2021
2020-10-05,IT,193.8404,98.46,2021
2020-10-06,IT,193.9427,98.51,2021
2020-10-07,IT,194.0441,98.56,2021
2020-10-08,IT,194.1509,98.61,2021
2020-10-09,IT,194.2636,98.67,2021
2020-10-10,IT,194.3772,98.73,2021
2020-10-11,IT,194.4942,98.79,2021
2020-10-12,IT,194.5738,98.83,2021
2020-10-13,IT,194.5762,98.83,2021
2020-10-14,IT,194.6058,98.84,2021
2020-10-15,IT,194.6611,98.87,2021
2020-10-16,IT,194.7067,98.9,2021
2020-10-17,IT,194.7909,98.94,2021
2020-10-18,IT,194.88,98.98,2021
2020-10-19,IT,194.8626,98.98,2021
2020-10-20,IT,194.6982,98.89,2021
2020-10-21,IT,194.6741,98.88,2021
2020-10-22,IT,194.6749,98.88,2021
2020-10-23,IT,194.6904,98.89,2021
2020-10-24,IT,194.7246,98.91,2021
2020-10-25,IT,194.7619,98.92,2021
2020-10-26,IT,195.0144,99.05,2021
2020-10-27,IT,194.9832,99.04,2021
2020-10-28,IT,194.9457,99.02,2021
2020-10-29,IT,194.8761,98.98,2021
2020-10-30,IT,194.8751,98.98,2021
2020-10-31,IT,194.9268,99.01,2021
2020-11-01,IT,194.5935,98.84,2021
2020-11-02,IT,193.8937,98.48,2021
2020-11-03,IT,193.1856,98.12,2021
2020-11-04,IT,192.6046,97.83,2021
2020-11-05,IT,191.9744,97.51,2021
2020-11-06,IT,191.5208,97.28,2021
2020-11-07,IT,191.2073,97.12,2021
2020-11-08,IT,190.8866,96.96,2021
2020-11-09,IT,190.3034,96.66,2021
2020-11-10,IT,189.6461,96.33,2021
2020-11-11,IT,189.0032,96.0,2021
2020-11-12,IT,188.3501,95.67,2021
2020-11-13,IT,187.7437,95.36,2021
2020-11-14,IT,187.3197,95.14,2021
2020-11-15,IT,187.009,94.99,2021
2020-11-16,IT,186.5225,94.74,2021
2020-11-17,IT,185.9629,94.46,2021
2020-11-18,IT,185.1951,94.07,2021
2020-11-19,IT,184.3401,93.63,2021
2020-11-20,IT,183.4849,93.2,2021
2020-11-21,IT,182.6608,92.78,2021
2020-11-22,IT,181.8248,92.35,2021
2020-11-23,IT,180.9365,91.9,2021
2020-11-24,IT,180.0416,91.45,2021
2020-11-25,IT,179.1562,91.0,2021
2020-11-26,IT,178.2619,90.54,2021
2020-11-27,IT,177.3682,90.09,2021
2020-11-28,IT,176.6542,89.73,2021
2020-11-29,IT,176.1355,89.46,2021
2020-11-30,IT,175.2518,89.01,2021
2020-12-01,IT,173.957,88.36,2021
2020-12-02,IT,172.9465,87.84,2021
2020-12-03,IT,171.9248,87.32,2021
2020-12-04,IT,170.903,86.81,2021
2020-12-05,IT,170.3082,86.5,2021
2020-12-06,IT,169.4357,86.06,2021
2020-12-07,IT,168.4194,85.54,2021
2020-12-08,IT,167.4035,85.03,2021
2020-12-09,IT,166.0358,84.33,2021
2020-12-10,IT,165.3245,83.97,2021
2020-12-11,IT,164.3173,83.46,2021
2020-12-12,IT,163.3295,82.96,2021
2020-12-13,IT,162.5059,82.54,2021
2020-12-14,IT,161.4974,82.03,2021
2020-12-15,IT,160.5454,81.54,2021
2020-12-16,IT,159.4871,81.01,2021
2020-12-17,IT,158.4412,80.48,2021
2020-12-18,IT,157.403,79.95,2021
2020-12-19,IT,156.4462,79.46,2021
2020-12-20,IT,155.5579,79.01,2021
2020-12-21,IT,154.5235,78.49,2021
2020-12-22,IT,153.5201,77.98,2021
2020-12-23,IT,152.6329,77.53,2021
2020-12-24,IT,152.2115,77.31,2021
2020-12-25,IT,151.8677,77.14,2021
2020-12-26,IT,151.2333,76.82,2021
2020-12-27,IT,150.3653,76.37,2021
2020-12-28,IT,149.346,75.86,2021
2020-12-29,IT,148.2442,75.3,2021
2020-12-30,IT,147.4996,74.92,2021
2020-12-31,IT,146.9087,74.62,2021
2021-01-01,IT,146.2197,74.27,2021
2021-01-02,IT,145.4875,73.9,2021
2021-01-03,IT,144.7045,73.5,2021
2021-01-04,IT,143.691,72.98,2021
2021-01-05,IT,142.4261,72.34,2021
2021-01-06,IT,141.3101,71.77,2021
2021-01-07,IT,140.0434,71.13,2021
2021-01-08,IT,138.8495,70.53,2021
2021-01-09,IT,137.6673,69.92,2021
2021-01-10,IT,136.6134,69.39,2021
2021-01-11,IT,135.3412,68.74,2021
2021-01-12,IT,134.0713,68.1,2021
2021-01-13,IT,132.8375,67.47,2021
2021-01-14,IT,131.5731,66.83,2021
2021-01-15,IT,130.3076,66.19,2021
2021-01-16,IT,129.1855,65.62,2021
2021-01-17,IT,127.9603,64.99,2021
2021-01-18,IT,126.6198,64.31,2021
2021-01-19,IT,125.3113,63.65,2021
2021-01-20,IT,123.9981,62.98,2021
2021-01-21,IT,122.6576,62.3,2021
2021-01-22,IT,121.4163,61.67,2021
2021-01-23,IT,120.3344,61.12,2021
2021-01-24,IT,119.3751,60.63,2021
2021-01-25,IT,118.113,59.99,2021
2021-01-26,IT,116.8707,59.36,2021
2021-01-27,IT,115.5308,58.68,2021
2021-01-28,IT,114.1984,58.0,2021
2021-01-29,IT,112.9444,57.37,2021
2021-01-30,IT,112.0823,56.93,2021
2021-01-31,IT,111.4107,56.59,2021
2021-02-01,IT,110.1901,55.97,2021
2021-02-02,IT,108.964,55.35,2021
2021-02-03,IT,107.8309,54.77,2021
2021-02-04,IT,106.7021,54.2,2021
2021-02-05,IT,105.5686,53.62,2021
2021-02-06,IT,104.8542,53.26,2021
2021-02-07,IT,104.141,52.9,2021
2021-02-08,IT,102.9843,52.31,2021
2021-02-09,IT,101.7842,51.7,2021
2021-02-10,IT,100.6092,51.1,2021
2021-02-11,IT,99.4601,50.52,2021
2021-02-12,IT,98.2489,49.9,2021
2021-02-13,IT,97.0511,49.29,2021
2021-02-14,IT,95.8682,48.69,2021
2021-02-15,IT,94.8435,48.17,2021
2021-02-16,IT,93.8178,47.65,2021
2021-02-17,IT,92.7929,47.13,2021
2021-02-18,IT,91.7667,46.61,2021
2021-02-19,IT,90.7827,46.11,2021
2021-02-20,IT,90.0092,45.72,2021
2021-02-21,IT,89.5042,45.46,2021
2021-02-22,IT,88.5872,45.0,2021
2021-02-23,IT,87.6345,44.51,2021
2021-02-24,IT,86.7197,44.05,2021
2021-02-25,IT,85.8354,43.6,2021
2021-02-26,IT,85.0636,43.21,2021
2021-02-27,IT,84.7699,43.06,2021
2021-02-28,IT,84.4492,42.89,2021
2021-03-01,IT,83.6262,42.48,2021
2021-03-02,IT,82.8066,42.06,2021
2021-03-03,IT,81.9926,41.65,2021
2021-03-04,IT,81.1732,41.23,2021
2021-03-05,IT,80.4901,40.88,2021
2021-03-06,IT,79.9594,40.61,2021
2021-03-07,IT,79.446,40.35,2021
2021-03-08,IT,78.5966,39.92,2021
2021-03-09,IT,77.7537,39.49,2021
2021-03-10,IT,77.125,39.17,2021
2021-03-11,IT,76.5364,38.87,2021
2021-03-12,IT,76.3181,38.76,2021
2021-03-13,IT,76.3222,38.77,2021
2021-03-14,IT,76.3306,38.77,2021
2021-03-15,IT,75.8521,38.53,2021
2021-03-16,IT,75.3262,38.26,2021
2021-03-17,IT,74.8528,38.02,2021
2021-03-18,IT,74.3135,37.75,2021
2021-03-19,IT,73.6804,37.42,2021
2021-03-20,IT,73.1947,37.18,2021
2021-03-21,IT,72.9162,37.04,2021
2021-03-22,IT,72.395,36.77,2021
2021-03-23,IT,71.8723,36.51,2021
2021-03-24,IT,71.4307,36.28,2021
2021-03-25,IT,71.201,36.16,2021
2021-03-26,IT,71.1352,36.13,2021
2021-03-27,IT,71.0955,36.11,2021
2021-03-28,IT,71.057,36.09,2021
2021-03-29,IT,71.6315,36.38,2021
2021-03-30,IT,71.8505,36.49,2021
2021-03-31,IT,72.0985,36.59,2021
2021-04-01,IT,72.7464,36.79,2021
2021-04-02,IT,73.1791,37.01,2021
2021-04-03,IT,73.7834,37.31,2021
2021-04-04,IT,74.3945,37.62,2021
2021-04-05,IT,75.0369,37.95,2021
2021-04-06,IT,75.3933,38.13,2021
2021-04-07,IT,75.4137,38.14,2021
2021-04-08,IT,75.4343,38.15,2021
2021-04-09,IT,75.4746,38.17,2021
2021-04-10,IT,75.5643,38.22,2021
2021-04-11,IT,76.2821,38.58,2021
2021-04-12,IT,76.4862,38.68,2021
2021-04-13,IT,76.5989,38.74,2021
2021-04-14,IT,76.6126,38.75,2021
2021-04-15,IT,76.6364,38.76,2021
2021-04-16,IT,76.8987,38.89,2021
2021-04-17,IT,77.4768,39.18,2021
2021-04-18,IT,78.0799,39.49,2021
2021-04-19,IT,78.4492,39.67,2021
2021-04-20,IT,78.8068,39.86,2021
2021-04-21,IT,79.2378,40.07,2021
2021-04-22,IT,79.7625,40.34,2021
2021-04-23,IT,80.4106,40.67,2021
2021-04-24,IT,81.2365,41.08,2021
2021-04-25,IT,82.0339,41.49,2021
2021-04-26,IT,82.6184,41.78,2021
2021-04-27,IT,82.9502,41.95,2021
2021-04-28,IT,83.4947,42.23,2021
2021-04-29,IT,84.1988,42.58,2021
2021-04-30,IT,84.8684,42.92,2021
2021-05-01,IT,85.8009,43.39,2021
2021-05-02,IT,86.8275,43.91,2021
2021-05-03,IT,87.6585,44.33,2021
2021-05-04,IT,88.5386,44.78,2021
2021-05-05,IT,89.3628,45.19,2021
2021-05-06,IT,90.2275,45.63,2021
2021-05-07,IT,91.0741,46.06,2021
2021-05-08,IT,92.0511,46.55,2021
2021-05-09,IT,93.0548,47.06,2021
2021-05-10,IT,93.9846,47.53,2021
2021-05-11,IT,94.9036,48.0,2021
2021-05-12,IT,95.8313,48.46,2021
2021-05-13,IT,96.7626,48.94,2021
2021-05-14,IT,97.7406,49.43,2021
2021-05-15,IT,98.8089,49.97,2021
2021-05-16,IT,99.885,50.51,2021
2021-05-17,IT,100.7958,50.98,2021
2021-05-18,IT,101.6207,51.39,2021
2021-05-19,IT,102.3192,51.75,2021
2021-05-20,IT,103.2311,52.21,2021
2021-05-21,IT,104.1259,52.66,2021
2021-05-22,IT,105.1964,53.2,2021
2021-05-23,IT,106.2642,53.74,2021
2021-05-24,IT,107.1445,54.19,2021
2021-05-25,IT,108.0299,54.63,2021
2021-05-26,IT,108.7141,54.98,2021
2021-05-27,IT,109.2809,55.27,2021
2021-05-28,IT,110.0333,55.65,2021
2021-05-29,IT,111.0177,56.15,2021
2021-05-30,IT,112.0134,56.65,2021
2021-05-31,IT,112.8437,57.07,2021
2021-06-01,IT,113.483,57.39,2021
2021-06-02,IT,114.275,57.79,2021
2021-06-03,IT,114.9824,58.15,2021
2021-06-04,IT,115.6692,58.5,2021
2021-06-05,IT,116.3728,58.85,2021
2021-06-06,IT,117.1878,59.27,2021
2021-06-07,IT,117.8281,59.59,2021
2021-06-08,IT,118.4804,59.92,2021
2021-06-09,IT,119.0942,60.23,2021
2021-06-10,IT,119.816,60.59,2021
2021-06-11,IT,120.5735,60.98,2021
2021-06-12,IT,121.3886,61.39,2021
2021-06-13,IT,122.205,61.8,2021
2021-06-14,IT,122.9021,62.16,2021
2021-06-15,IT,123.5143,62.46,2021
2021-06-16,IT,124.033,62.73,2021
2021-06-17,IT,124.5229,62.98,2021
2021-06-18,IT,125.0847,63.26,2021
2021-06-19,IT,125.7482,63.59,2021
2021-06-20,IT,126.4448,63.95,2021
2021-06-21,IT,126.7626,64.11,2021
2021-06-22,IT,127.1081,64.28,2021
2021-06-23,IT,127.3437,64.4,2021
2021-06-24,IT,127.5784,64.52,2021
2021-06-25,IT,127.922,64.69,2021
2021-06-26,IT,128.5998,65.04,2021
2021-06-27,IT,129.339,65.41,2021
2021-06-28,IT,129.8043,65.65,2021
2021-06-29,IT,130.1876,65.84,2021
2021-06-30,IT,130.4168,65.96,2021
2021-07-01,IT,130.5156,66.01,2021
2021-07-02,IT,131.0067,66.25,2021
2021-07-03,IT,131.7051,66.61,2021
2021-07-04,IT,132.4364,66.98,2021
2021-07-05,IT,132.9444,67.23,2021
2021-07-06,IT,133.3979,67.46,2021
2021-07-07,IT,133.8023,67.67,2021
2021-07-08,IT,134.2568,67.9,2021
2021-07-09,IT,134.7086,68.13,2021
2021-07-10,IT,135.3844,68.47,2021
2021-07-11,IT,136.1092,68.83,2021
2021-07-12,IT,136.4745,69.02,2021
2021-07-13,IT,136.8875,69.23,2021
2021-07-14,IT,137.3678,69.47,2021
2021-07-15,IT,137.8572,69.72,2021
2021-07-16,IT,138.3497,69.97,2021
2021-07-17,IT,138.9923,70.29,2021
2021-07-18,IT,139.7406,70.67,2021
2021-07-19,IT,140.2,70.9,2021
2021-07-20,IT,140.6502,71.13,2021
2021-07-21,IT,141.085,71.35,2021
2021-07-22,IT,141.5238,71.57,2021
2021-07-23,IT,142.0174,71.82,2021
2021-07-24,IT,142.742,72.19,2021
2021-07-25,IT,143.4702,72.56,2021
2021-07-26,IT,143.9103,72.78,2021
2021-07-27,IT,144.3075,72.98,2021
2021-07-28,IT,144.8258,73.24,2021
2021-07-29,IT,145.3227,73.49,2021
2021-07-30,IT,145.8299,73.75,2021
2021-07-31,IT,146.4644,74.07,2021
2021-08-01,IT,146.5448,74.11,2021
2021-08-02,IT,147.6267,74.66,2021
2021-08-03,IT,148.0637,74.88,2021
2021-08-04,IT,148.5029,75.1,2021
2021-08-05,IT,149.0298,75.37,2021
2021-08-06,IT,149.6354,75.68,2021
2021-08-07,IT,150.3465,76.03,2021
2021-08-08,IT,151.0587,76.4,2021
2021-08-09,IT,151.635,76.69,2021
2021-08-10,IT,152.2423,76.99,2021
2021-08-11,IT,152.5713,77.16,2021
2021-08-12,IT,153.1367,77.45,2021
2021-08-13,IT,153.6659,77.71,2021
2021-08-14,IT,154.3069,78.04,2021
2021-08-15,IT,154.879,78.33,2021
2021-08-16,IT,155.4242,78.6,2021
2021-08-17,IT,155.9956,78.89,2021
2021-08-18,IT,156.5508,79.17,2021
2021-08-19,IT,157.0985,79.45,2021
2021-08-20,IT,157.7346,79.77,2021
2021-08-21,IT,158.3246,80.07,2021
2021-08-22,IT,158.9075,80.36,2021
2021-08-23,IT,159.3326,80.58,2021
2021-08-24,IT,159.6608,80.75,2021
2021-08-25,IT,159.9846,80.91,2021
2021-08-26,IT,160.3175,81.08,2021
2021-08-27,IT,160.7761,81.31,2021
2021-08-28,IT,161.4006,81.63,2021
2021-08-29,IT,162.0701,81.96,2021
2021-08-30,IT,162.4646,82.16,2021
2021-08-31,IT,162.7347,82.3,2021
2021-09-01,IT,162.8458,82.36,2021
2021-09-02,IT,162.9928,82.43,2021
2021-09-03,IT,163.0718,82.47,2021
2021-09-04,IT,163.307,82.59,2021
2021-09-05,IT,163.6727,82.77,2021
2021-09-06,IT,164.0566,82.97,2021
2021-09-07,IT,164.1911,83.04,2021
2021-09-08,IT,164.3125,83.1,2021
2021-09-09,IT,164.5069,83.2,2021
2021-09-10,IT,164.7112,83.3,2021
2021-09-11,IT,164.9486,83.42,2021
2021-09-12,IT,165.2854,83.59,2021
2021-09-13,IT,165.4018,83.65,2021
2021-09-14,IT,165.4563,83.68,2021
2021-09-15,IT,165.5484,83.72,2021
2021-09-16,IT,165.6069,83.75,2021
2021-09-17,IT,165.8185,83.86,2021
2021-09-18,IT,166.1738,84.04,2021
2021-09-19,IT,166.5832,84.25,2021
2021-09-20,IT,166.8192,84.37,2021
2021-09-21,IT,167.0127,84.46,2021
2021-09-22,IT,167.2183,84.57,2021
2021-09-23,IT,167.3919,84.66,2021
2021-09-24,IT,167.5624,84.74,2021
2021-09-25,IT,167.9512,84.94,2021
2021-09-26,IT,168.4292,85.18,2021
2021-09-27,IT,168.6195,85.28,2021
2021-09-28,IT,168.7251,85.33,2021
2021-09-29,IT,168.9118,85.42,2021
2021-09-30,IT,169.1534,85.55,2021
2021-10-01,IT,169.3366,85.64,2022
2021-10-02,IT,169.7276,85.84,2022
2021-10-03,IT,170.1252,86.04,2022
2021-10-04,IT,170.3457,86.15,2022
2021-10-05,IT,170.5726,86.26,2022
2021-10-06,IT,170.7668,86.36,2022
2021-10-07,IT,170.9326,86.45,2022
2021-10-08,IT,171.0777,86.52,2022
2021-10-09,IT,171.4382,86.7,2022
2021-10-10,IT,171.8131,86.89,2022
2021-10-11,IT,171.9443,86.96,2022
2021-10-12,IT,172.1022,87.04,2022
2021-10-13,IT,172.2434,87.11,2022
2021-10-14,IT,172.367,87.17,2022
2021-10-15,IT,172.42,87.2,2022
2021-10-16,IT,172.6007,87.29,2022
2021-10-17,IT,172.8712,87.43,2022
2021-10-18,IT,172.9161,87.45,2022
2021-10-19,IT,172.9107,87.45,2022
2021-10-20,IT,172.9972,87.49,2022
2021-10-21,IT,173.3047,87.65,2022
2021-10-22,IT,173.3008,87.64,2022
2021-10-23,IT,173.4086,87.7,2022
2021-10-24,IT,173.5998,87.79,2022
2021-10-25,IT,173.5634,87.78,2022
2021-10-26,IT,173.4902,87.74,2022
2021-10-27,IT,173.3347,87.66,2022
2021-10-28,IT,173.2069,87.6,2022
2021-10-29,IT,173.1549,87.57,2022
2021-10-30,IT,173.1211,87.55,2022
2021-10-31,IT,173.1083,87.55,2022
2021-11-01,IT,173.1602,87.57,2022
2021-11-02,IT,172.6848,87.33,2022
2021-11-03,IT,172.2024,87.09,2022
2021-11-04,IT,171.6909,86.83,2022
2021-11-05,IT,171.193,86.58,2022
2021-11-06,IT,170.7984,86.38,2022
2021-11-07,IT,170.5765,86.27,2022
2021-11-08,IT,170.035,85.99,2022
2021-11-09,IT,169.4227,85.68,2022
2021-11-10,IT,168.8395,85.39,2022
2021-11-11,IT,168.3235,85.13,2022
2021-11-12,IT,167.7553,84.84,2022
2021-11-13,IT,167.4701,84.69,2022
2021-11-14,IT,167.2482,84.58,2022
2021-11-15,IT,166.6566,84.28,2022
2021-11-16,IT,166.0705,83.99,2022
2021-11-17,IT,165.3862,83.64,2022
2021-11-18,IT,164.6348,83.26,2022
2021-11-19,IT,163.9627,82.92,2022
2021-11-20,IT,163.377,82.62,2022
2021-11-21,IT,162.9098,82.39,2022
2021-11-22,IT,162.1403,82.0,2022
2021-11-23,IT,161.4083,81.63,2022
2021-11-24,IT,160.6294,81.24,2022
2021-11-25,IT,159.8475,80.84,2022
2021-11-26,IT,159.0651,80.44,2022
2021-11-27,IT,158.4157,80.12,2022
2021-11-28,IT,157.8352,79.82,2022
2021-11-29,IT,157.0442,79.42,2022
2021-11-30,IT,156.2451,79.02,2022
2021-12-01,IT,154.5869,78.18,2022
2021-12-02,IT,153.6989,77.73,2022
2021-12-03,IT,152.8171,77.28,2022
2021-12-04,IT,151.9737,76.86,2022
2021-12-05,IT,151.139,76.44,2022
2021-12-06,IT,150.2515,75.99,2022
2021-12-07,IT,149.3659,75.54,2022
2021-12-08,IT,148.4745,75.09,2022
2021-12-09,IT,147.5776,74.63,2022
2021-12-10,IT,146.7029,74.19,2022
2021-12-11,IT,145.8288,73.75,2022
2021-12-12,IT,144.9679,73.31,2022
2021-12-13,IT,144.0909,72.87,2022
2021-12-14,IT,143.226,72.43,2022
2021-12-15,IT,142.2945,71.96,2022
2021-12-16,IT,141.3706,71.5,2022
2021-12-17,IT,140.4339,71.02,2022
2021-12-18,IT,139.526,70.56,2022
2021-12-19,IT,138.6059,70.1,2022
2021-12-20,IT,137.6664,69.62,2022
2021-12-21,IT,136.7243,69.15,2022
2021-12-22,IT,135.7,68.63,2022
2021-12-23,IT,135.0625,68.31,2022
2021-12-24,IT,134.4537,68.0,2022
2021-12-25,IT,133.8369,67.69,2022
2021-12-26,IT,133.0596,67.29,2022
2021-12-27,IT,132.3472,66.93,2022
2021-12-28,IT,131.5573,66.53,2022
2021-12-29,IT,130.8545,66.18,2022
2021-12-30,IT,130.1616,65.83,2022
2021-12-31,IT,129.4495,65.47,2022
2022-01-01,IT,128.6026,65.04,2022
2022-01-02,IT,127.6294,64.55,2022
2022-01-03,IT,126.552,64.0,2022
2022-01-04,IT,125.5143,63.48,2022
2022-01-05,IT,124.4703,62.95,2022
2022-01-06,IT,124.4095,62.92,2022
2022-01-07,IT,123.3274,62.37,2022
2022-01-08,IT,122.2238,61.81,2022
2022-01-09,IT,121.1294,61.26,2022
2022-01-10,IT,120.0188,60.7,2022
2022-01-11,IT,118.9437,60.15,2022
2022-01-12,IT,117.832,59.59,2022
2022-01-13,IT,116.7237,59.03,2022
2022-01-14,IT,115.6119,58.47,2022
2022-01-15,IT,114.5377,57.93,2022
2022-01-16,IT,113.4143,57.36,2022
2022-01-17,IT,112.2352,56.76,2022
2022-01-18,IT,111.0662,56.17,2022
2022-01-19,IT,109.89,55.57,2022
2022-01-20,IT,108.7093,54.98,2022
2022-01-21,IT,107.5352,54.38,2022
2022-01-22,IT,106.374,53.8,2022
2022-01-23,IT,105.3062,53.26,2022
2022-01-24,IT,104.1459,52.67,2022
2022-01-25,IT,102.9691,52.07,2022
2022-01-26,IT,101.8063,51.49,2022
2022-01-27,IT,100.6293,50.89,2022
2022-01-28,IT,99.4688,50.3,2022
2022-01-29,IT,98.3647,49.75,2022
2022-01-30,IT,97.3836,49.25,2022
2022-01-31,IT,96.2591,48.68,2022
2022-02-01,IT,95.2555,48.17,2022
2022-02-02,IT,94.2141,47.65,2022
2022-02-03,IT,93.1778,47.12,2022
2022-02-04,IT,92.19,46.62,2022
2022-02-05,IT,91.3144,46.18,2022
2022-02-06,IT,90.5437,45.79,2022
2022-02-07,IT,89.5127,45.27,2022
2022-02-08,IT,88.4763,44.75,2022
2022-02-09,IT,87.4896,44.25,2022
2022-02-10,IT,86.5223,43.76,2022
2022-02-11,IT,85.6264,43.3,2022
2022-02-12,IT,84.7705,42.87,2022
2022-02-13,IT,83.9464,42.45,2022
2022-02-14,IT,82.911,41.93,2022
2022-02-15,IT,82.0353,41.49,2022
2022-02-16,IT,81.1808,41.06,2022
2022-02-17,IT,80.4023,40.66,2022
2022-02-18,IT,79.6392,40.28,2022
2022-02-19,IT,79.1623,40.03,2022
2022-02-20,IT,78.7882,39.85,2022
2022-02-21,IT,78.1404,39.52,2022
2022-02-22,IT,77.5278,39.21,2022
2022-02-23,IT,76.9352,38.91,2022
2022-02-24,IT,76.3206,38.6,2022
2022-02-25,IT,76.2537,38.56,2022
2022-02-26,IT,75.9603,38.42,2022
2022-02-27,IT,75.5463,38.21,2022
2022-02-28,IT,74.7788,37.82,2022
2022-03-01,IT,74.1724,37.51,2022
2022-03-02,IT,73.5642,37.2,2022
2022-03-03,IT,72.8963,36.87,2022
2022-03-04,IT,72.2361,36.53,2022
2022-03-05,IT,71.6766,36.25,2022
2022-03-06,IT,71.1129,35.96,2022
2022-03-07,IT,70.3957,35.6,2022
2022-03-08,IT,69.676,35.24,2022
2022-03-09,IT,68.9589,34.87,2022
2022-03-10,IT,68.3175,34.55,2022
2022-03-11,IT,67.5998,34.19,2022
2022-03-12,IT,66.9735,33.87,2022
2022-03-13,IT,66.4284,33.59,2022
2022-03-14,IT,65.6241,33.19,2022
2022-03-15,IT,65.0023,32.87,2022
2022-03-16,IT,64.4811,32.61,2022
2022-03-17,IT,63.9774,32.36,2022
2022-03-18,IT,63.4898,32.11,2022
2022-03-19,IT,61.1516,30.93,2022
2022-03-20,IT,62.6602,31.69,2022
2022-03-21,IT,62.1719,31.44,2022
2022-03-22,IT,61.689,31.2,2022
2022-03-23,IT,61.2122,30.96,2022
2022-03-24,IT,60.7869,30.74,2022
2022-03-25,IT,60.4015,30.55,2022
2022-03-26,IT,60.0224,30.36,2022
2022-03-27,IT,60.1187,30.4,2022
2022-03-28,IT,59.7243,30.2,2022
2022-03-29,IT,59.3214,30.0,2022
2022-03-30,IT,58.9447,29.81,2022
2022-03-31,IT,59.16,29.92,2022
2022-04-01,IT,58.9949,29.8,2022
2022-04-02,IT,59.0128,29.81,2022
2022-04-03,IT,59.0305,29.82,2022
2022-04-04,IT,59.0339,29.82,2022
2022-04-05,IT,59.0365,29.82,2022
2022-04-06,IT,59.042,29.83,2022
2022-04-07,IT,58.6424,29.62,2022
2022-04-08,IT,58.7205,29.66,2022
2022-04-09,IT,58.8656,29.74,2022
2022-04-10,IT,59.0312,29.82,2022
2022-04-11,IT,59.2339,29.92,2022
2022-04-12,IT,59.5536,30.09,2022
2022-04-13,IT,59.8703,30.25,2022
2022-04-14,IT,60.4616,30.54,2022
2022-04-15,IT,61.0707,30.85,2022
2022-04-16,IT,61.7838,31.21,2022
2022-04-17,IT,62.4908,31.57,2022
2022-04-18,IT,63.172,31.91,2022
2022-04-19,IT,63.5207,32.09,2022
2022-04-20,IT,64.1957,32.43,2022
2022-04-21,IT,64.8946,32.78,2022
2022-04-22,IT,65.6474,33.16,2022
2022-04-23,IT,66.5322,33.61,2022
2022-04-24,IT,67.4654,34.08,2022
2022-04-25,IT,68.3422,34.53,2022
2022-04-26,IT,68.9519,34.83,2022
2022-04-27,IT,69.2921,35.82,2022
2022-04-28,IT,69.7696,36.07,2022
2022-04-29,IT,70.3195,36.35,2022
2022-04-30,IT,70.9674,36.69,2022
2022-05-01,IT,71.8437,37.14,2022
2022-05-02,IT,72.6147,37.54,2022
2022-05-03,IT,73.3204,37.9,2022
2022-05-04,IT,74.0902,38.3,2022
2022-05-05,IT,74.7659,38.65,2022
2022-05-06,IT,75.6986,39.13,2022
2022-05-07,IT,76.7259,39.66,2022
2022-05-08,IT,77.7608,40.2,2022
2022-05-09,IT,78.7883,40.73,2022
2022-05-10,IT,79.8051,41.26,2022
2022-05-11,IT,80.8368,41.79,2022
2022-05-12,IT,81.9982,42.39,2022
2022-05-13,IT,83.1409,42.98,2022
2022-05-14,IT,84.3427,43.6,2022
2022-05-15,IT,85.5619,44.23,2022
2022-05-16,IT,86.1341,44.53,2022
2022-05-17,IT,86.5621,44.75,2022
2022-05-18,IT,87.0542,45.0,2022
2022-05-19,IT,88.0775,45.53,2022
2022-05-20,IT,89.1238,46.07,2022
2022-05-21,IT,89.7715,46.41,2022
2022-05-22,IT,90.4902,46.78,2022
2022-05-23,IT,90.9584,47.02,2022
2022-05-24,IT,91.6101,47.36,2022
2022-05-25,IT,92.3452,47.74,2022
2022-05-26,IT,93.1829,48.17,2022
2022-05-27,IT,93.7833,48.48,2022
2022-05-28,IT,94.6718,48.94,2022
2022-05-29,IT,95.5838,49.41,2022
2022-05-30,IT,96.0592,49.66,2022
2022-05-31,IT,96.4925,49.88,2022
2022-06-01,IT,96.9468,50.12,2022
2022-06-02,IT,97.6292,50.47,2022
2022-06-03,IT,98.1603,50.74,2022
2022-06-04,IT,98.8089,51.08,2022
2022-06-05,IT,99.4951,51.43,2022
2022-06-06,IT,99.8865,51.64,2022
2022-06-07,IT,100.3775,51.89,2022
2022-06-08,IT,100.8815,52.15,2022
2022-06-09,IT,101.3533,52.39,2022
2022-06-10,IT,101.8365,52.64,2022
2022-06-11,IT,102.5959,53.04,2022
2022-06-12,IT,103.3832,53.44,2022
2022-06-13,IT,103.8435,53.68,2022
2022-06-14,IT,104.267,53.9,2022
2022-06-15,IT,104.6349,54.09,2022
2022-06-16,IT,105.0101,54.28,2022
2022-06-17,IT,105.2584,54.41,2022
2022-06-18,IT,105.8643,54.73,2022
2022-06-19,IT,106.5444,55.08,2022
2022-06-20,IT,106.8527,55.24,2022
2022-06-21,IT,107.1752,55.4,2022
2022-06-22,IT,107.4748,55.56,2022
2022-06-23,IT,107.7869,55.72,2022
2022-06-24,IT,108.4524,56.06,2022
2022-06-25,IT,109.5078,56.61,2022
2022-06-26,IT,110.6816,57.22,2022
2022-06-27,IT,111.3259,57.55,2022
2022-06-28,IT,112.217,58.01,2022
2022-06-29,IT,113.0186,58.42,2022
2022-06-30,IT,113.9375,58.9,2022
2022-07-01,IT,115.1134,59.51,2022
2022-07-02,IT,116.2496,60.09,2022
2022-07-03,IT,117.4575,60.72,2022
2022-07-04,IT,118.281,61.15,2022
2022-07-05,IT,119.1948,61.62,2022
2022-07-06,IT,120.2009,62.14,2022
2022-07-07,IT,121.1451,62.63,2022
2022-07-08,IT,122.1818,63.16,2022
2022-07-09,IT,123.3609,63.77,2022
2022-07-10,IT,124.5596,64.39,2022
2022-07-11,IT,125.4125,64.83,2022
2022-07-12,IT,126.3701,65.33,2022
2022-07-13,IT,127.3422,65.83,2022
2022-07-14,IT,128.237,66.29,2022
2022-07-15,IT,129.1957,66.79,2022
2022-07-16,IT,130.3412,67.38,2022
2022-07-17,IT,131.3078,67.88,2022
2022-07-18,IT,132.0882,68.28,2022
2022-07-19,IT,132.7646,68.63,2022
2022-07-20,IT,133.1997,68.86,2022
2022-07-21,IT,133.8167,69.18,2022
2022-07-22,IT,134.5589,69.56,2022
2022-07-23,IT,135.4231,70.01,2022
2022-07-24,IT,136.3288,70.47,2022
2022-07-25,IT,136.7816,70.71,2022
2022-07-26,IT,137.3789,71.02,2022
2022-07-27,IT,138.1759,71.43,2022
2022-07-28,IT,138.8972,71.8,2022
2022-07-29,IT,139.6631,72.2,2022
2022-07-30,IT,140.3513,72.55,2022
2022-07-31,IT,141.0713,72.93,2022
2022-08-01,IT,141.9589,73.39,2022
2022-08-02,IT,142.3435,73.58,2022
2022-08-03,IT,142.7583,73.8,2022
2022-08-04,IT,142.7371,73.79,2022
2022-08-05,IT,143.2792,74.07,2022
2022-08-06,IT,144.1622,74.52,2022
2022-08-07,IT,145.1203,75.02,2022
2022-08-08,IT,145.8117,75.38,2022
2022-08-09,IT,146.4149,75.69,2022
2022-08-10,IT,147.0621,76.02,2022
2022-08-11,IT,147.7121,76.36,2022
2022-08-12,IT,148.3368,76.68,2022
2022-08-13,IT,149.0604,77.06,2022
2022-08-14,IT,149.8288,77.45,2022
2022-08-15,IT,150.5413,77.82,2022
2022-08-16,IT,151.2621,78.19,2022
2022-08-17,IT,151.7408,78.44,2022
2022-08-18,IT,152.3213,78.74,2022
2022-08-19,IT,152.9926,79.09,2022
2022-08-20,IT,153.5742,79.39,2022
2022-08-21,IT,154.2081,79.72,2022
2022-08-22,IT,154.6057,79.92,2022
2022-08-23,IT,154.9716,80.11,2022
2022-08-24,IT,155.6742,80.48,2022
2022-08-25,IT,156.2456,80.77,2022
2022-08-26,IT,156.754,81.03,2022
2022-08-27,IT,157.2899,81.31,2022
2022-08-28,IT,158.0412,81.7,2022
2022-08-29,IT,158.4925,81.93,2022
2022-08-30,IT,159.1233,82.26,2022
2022-08-31,IT,159.7082,82.56,2022
2022-09-01,IT,160.4499,82.94,2022
2022-09-02,IT,160.7086,83.08,2022
2022-09-03,IT,161.3453,83.41,2022
2022-09-04,IT,161.9697,83.73,2022
2022-09-05,IT,162.35,83.93,2022
2022-09-06,IT,162.872,84.2,2022
2022-09-07,IT,163.38,84.46,2022
2022-09-08,IT,163.9731,84.77,2022
2022-09-09,IT,164.6171,85.1,2022
2022-09-10,IT,165.4,85.5,2022
2022-09-11,IT,166.155,85.89,2022
2022-09-12,IT,166.6025,86.12,2022
2022-09-13,IT,167.1466,86.41,2022
2022-09-14,IT,167.6436,86.66,2022
2022-09-15,IT,168.0786,86.89,2022
2022-09-16,IT,168.5678,87.14,2022
2022-09-17,IT,169.2446,87.49,2022
2022-09-18,IT,169.9819,87.87,2022
2022-09-19,IT,170.2708,88.02,2022
2022-09-20,IT,170.7266,88.26,2022
2022-09-21,IT,171.1937,88.5,2022
2022-09-22,IT,171.6738,88.75,2022
2022-09-23,IT,172.2604,89.05,2022
2022-09-24,IT,172.8045,89.33,2022
2022-09-25,IT,173.3617,89.62,2022
2022-09-26,IT,173.6926,89.79,2022
2022-09-27,IT,174.1691,90.04,2022
2022-09-28,IT,174.5912,90.25,2022
2022-09-29,IT,174.8861,90.41,2022
2022-09-30,IT,175.1943,90.57,2022
2022-10-01,IT,175.6173,90.78,2023
2022-10-02,IT,176.2889,91.13,2023
2022-10-03,IT,176.7124,91.35,2023
2022-10-04,IT,177.2003,91.6,2023
2022-10-05,IT,177.7672,91.9,2023
2022-10-06,IT,178.2827,92.16,2023
2022-10-07,IT,178.7572,92.41,2023
2022-10-08,IT,179.2376,92.66,2023
2022-10-09,IT,179.7304,92.91,2023
2022-10-10,IT,180.1232,93.11,2023
2022-10-11,IT,180.4288,93.27,2023
2022-10-12,IT,180.7363,93.43,2023
2022-10-13,IT,181.0393,93.59,2023
2022-10-14,IT,181.3486,93.75,2023
2022-10-15,IT,181.6659,93.91,2023
2022-10-16,IT,181.983,94.08,2023
2022-10-17,IT,182.174,94.17,2023
2022-10-18,IT,182.3683,94.27,2023
2022-10-19,IT,182.563,94.38,2023
2022-10-20,IT,182.7599,94.48,2023
2022-10-21,IT,182.9512,94.58,2023
2022-10-22,IT,183.1296,94.67,2023
2022-10-23,IT,183.3831,94.8,2023
2022-10-24,IT,183.5518,94.89,2023
2022-10-25,IT,183.7249,94.98,2023
2022-10-26,IT,183.8942,95.06,2023
2022-10-27,IT,184.0566,95.15,2023
2022-10-28,IT,184.2269,95.24,2023
2022-10-29,IT,184.3984,95.32,2023
2022-10-30,IT,184.5666,95.41,2023
2022-10-31,IT,184.6394,95.45,2023
2022-11-01,IT,184.6457,95.45,2023
2022-11-02,IT,184.6238,95.44,2023
2022-11-03,IT,184.5458,95.4,2023
2022-11-04,IT,184.598,95.43,2023
2022-11-05,IT,184.6524,95.46,2023
2022-11-06,IT,184.7051,95.48,2023
2022-11-07,IT,184.7096,95.49,2023
2022-11-08,IT,184.5834,95.42,2023
2022-11-09,IT,184.5165,95.39,2023
2022-11-10,IT,184.4155,95.33,2023
2022-11-11,IT,184.4392,95.35,2023
2022-11-12,IT,184.4138,95.33,2023
2022-11-13,IT,184.4309,95.34,2023
2022-11-14,IT,184.1749,95.21,2023
2022-11-15,IT,183.6813,94.95,2023
2022-11-16,IT,183.2296,94.72,2023
2022-11-17,IT,183.038,94.62,2023
2022-11-18,IT,182.7835,94.49,2023
2022-11-19,IT,182.6535,94.42,2023
2022-11-20,IT,182.482,94.33,2023
2022-11-21,IT,181.909,94.04,2023
2022-11-22,IT,181.2602,93.7,2023
2022-11-23,IT,180.798,93.46,2023
2022-11-24,IT,180.3111,93.21,2023
2022-11-25,IT,179.7704,92.93,2023
2022-11-26,IT,179.4801,92.78,2023
2022-11-27,IT,179.324,92.7,2023
2022-11-28,IT,178.6835,92.37,2023
2022-11-29,IT,177.9678,92.0,2023
2022-11-30,IT,177.2526,91.63,2023
2022-12-01,IT,176.4432,91.21,2023
2022-12-02,IT,175.6545,90.8,2023
2022-12-03,IT,175.0614,90.5,2023
2022-12-04,IT,174.5259,90.22,2023
2022-12-05,IT,173.737,89.81,2023
2022-12-06,IT,172.9421,89.4,2023
2022-12-07,IT,172.1099,88.97,2023
2022-12-08,IT,171.3894,88.6,2023
2022-12-09,IT,170.7464,88.27,2023
2022-12-10,IT,170.183,87.98,2023
2022-12-11,IT,169.5366,87.64,2023
2022-12-12,IT,168.6679,87.19,2023
2022-12-13,IT,167.7784,86.73,2023
2022-12-14,IT,166.931,86.29,2023
2022-12-15,IT,166.0917,85.86,2023
2022-12-16,IT,165.3735,85.49,2023
2022-12-17,IT,164.8739,85.23,2023
2022-12-18,IT,164.494,85.03,2023
2022-12-19,IT,163.6793,84.61,2023
2022-12-20,IT,162.8704,84.2,2023
2022-12-21,IT,162.1479,83.82,2023
2022-12-22,IT,161.5523,83.51,2023
2022-12-23,IT,161.0267,83.24,2023
2022-12-24,IT,160.9092,83.18,2023
2022-12-25,IT,160.8939,83.17,2023
2022-12-26,IT,160.844,83.15,2023
2022-12-27,IT,160.4091,82.92,2023
2022-12-28,IT,160.0233,82.72,2023
2022-12-29,IT,159.6916,82.55,2023
2022-12-30,IT,159.5476,82.48,2023
2022-12-31,IT,159.5373,82.47,2023
2023-01-01,IT,159.5691,82.49,2023
2023-01-02,IT,159.1515,82.27,2023
2023-01-03,IT,158.634,82.01,2023
2023-01-04,IT,158.5098,81.94,2023
2023-01-05,IT,158.2353,81.8,2023
2023-01-06,IT,158.023,81.69,2023
2023-01-07,IT,157.8363,81.59,2023
2023-01-08,IT,157.625,81.48,2023
2023-01-09,IT,156.9639,81.14,2023
2023-01-10,IT,156.2384,80.77,2023
2023-01-11,IT,155.4818,80.38,2023
2023-01-12,IT,154.7454,80.0,2023
2023-01-13,IT,154.0204,79.62,2023
2023-01-14,IT,153.4247,79.31,2023
2023-01-15,IT,152.8587,79.02,2023
2023-01-16,IT,152.0131,78.58,2023
2023-01-17,IT,151.1362,78.13,2023
2023-01-18,IT,150.4232,77.76,2023
2023-01-19,IT,149.5105,77.29,2023
2023-01-20,IT,148.7109,76.88,2023
2023-01-21,IT,147.8931,76.45,2023
2023-01-22,IT,147.0333,76.01,2023
2023-01-23,IT,145.7756,75.36,2023
2023-01-24,IT,144.5284,74.71,2023
2023-01-25,IT,143.6339,74.25,2023
2023-01-26,IT,142.4843,73.66,2023
2023-01-27,IT,141.3817,73.09,2023
2023-01-28,IT,140.4746,72.62,2023
2023-01-29,IT,139.6537,72.19,2023
2023-01-30,IT,138.6315,71.67,2023
2023-01-31,IT,137.5774,71.12,2023
2023-02-01,IT,136.6498,70.64,2023
2023-02-02,IT,135.6421,70.12,2023
2023-02-03,IT,134.7024,69.63,2023
2023-02-04,IT,134.3404,69.45,2023
2023-02-05,IT,133.9121,69.23,2023
2023-02-06,IT,132.9259,68.72,2023
2023-02-07,IT,132.0083,68.24,2023
2023-02-08,IT,131.0484,67.75,2023
2023-02-09,IT,129.9769,67.19,2023
2023-02-10,IT,128.9648,66.67,2023
2023-02-11,IT,128.0975,66.22,2023
2023-02-12,IT,127.3308,65.82,2023
2023-02-13,IT,126.4304,65.36,2023
2023-02-14,IT,125.6168,64.94,2023
2023-02-15,IT,124.8538,64.54,2023
2023-02-16,IT,124.071,64.14,2023
2023-02-17,IT,123.2707,63.72,2023
2023-02-18,IT,122.8164,63.49,2023
2023-02-19,IT,122.4174,63.28,2023
2023-02-20,IT,121.7699,62.95,2023
2023-02-21,IT,121.01,62.56,2023
2023-02-22,IT,120.2926,62.18,2023
2023-02-23,IT,119.6202,61.84,2023
2023-02-24,IT,119.0074,61.52,2023
2023-02-25,IT,118.2311,61.12,2023
2023-02-26,IT,118.251,61.13,2023
2023-02-27,IT,116.5774,60.26,2023
2023-02-28,IT,115.618,59.77,2023
2023-03-01,IT,115.6501,59.78,2023
2023-03-02,IT,114.8975,59.4,2023
2023-03-03,IT,114.1448,59.01,2023
2023-03-04,IT,114.736,59.31,2023
2023-03-05,IT,113.6168,58.73,2023
2023-03-06,IT,112.4822,58.15,2023
2023-03-07,IT,111.8116,57.8,2023
2023-03-08,IT,111.1935,57.48,2023
2023-03-09,IT,110.6408,57.2,2023
2023-03-10,IT,110.1312,56.93,2023
2023-03-11,IT,109.9504,56.84,2023
2023-03-12,IT,109.8578,56.79,2023
2023-03-13,IT,109.5178,56.61,2023
2023-03-14,IT,109.3827,56.55,2023
2023-03-15,IT,109.2908,56.5,2023
2023-03-16,IT,109.2895,56.5,2023
2023-03-17,IT,109.2565,56.48,2023
2023-03-18,IT,109.5287,56.62,2023
2023-03-19,IT,109.8645,56.79,2023
2023-03-20,IT,109.8981,56.81,2023
2023-03-21,IT,110.015,56.87,2023
2023-03-22,IT,110.3688,57.05,2023
2023-03-23,IT,110.8089,57.28,2023
2023-03-24,IT,111.1724,57.47,2023
2023-03-25,IT,111.5385,57.66,2023
2023-03-26,IT,111.925,57.86,2023
2023-03-27,IT,112.0331,57.92,2023
2023-03-28,IT,112.2332,58.02,2023
2023-03-29,IT,112.3521,58.08,2023
2023-03-30,IT,112.5179,58.17,2023
2023-03-31,IT,114.8092,59.32,2023
2023-04-01,IT,113.3217,58.58,2023
2023-04-02,IT,113.5117,58.68,2023
2023-04-03,IT,113.5312,58.69,2023
2023-04-04,IT,113.5968,58.72,2023
2023-04-05,IT,113.6613,58.76,2023
2023-04-06,IT,113.7292,58.79,2023
2023-04-07,IT,113.9232,58.89,2023
2023-04-08,IT,114.3883,59.13,2023
2023-04-09,IT,114.8426,59.37,2023
2023-04-10,IT,115.3273,59.62,2023
2023-04-11,IT,115.7426,59.83,2023
2023-04-12,IT,116.1467,60.04,2023
2023-04-13,IT,117.4469,60.71,2023
2023-04-14,IT,116.9172,60.44,2023
2023-04-15,IT,117.3196,60.65,2023
2023-04-16,IT,118.2249,61.12,2023
2023-04-17,IT,118.7462,61.39,2023
2023-04-18,IT,119.2589,61.65,2023
2023-04-19,IT,119.789,61.92,2023
2023-04-20,IT,120.3417,62.21,2023
2023-04-21,IT,120.8681,62.48,2023
2023-04-22,IT,121.5343,62.83,2023
2023-04-23,IT,122.2599,63.2,2023
2023-04-24,IT,122.8537,63.51,2023
2023-04-25,IT,123.5722,63.88,2023
2023-04-26,IT,124.1295,64.17,2023
2023-04-27,IT,124.6988,64.46,2023
2023-04-28,IT,125.2712,64.76,2023
2023-04-29,IT,125.936,65.1,2023
2023-04-30,IT,126.6714,65.48,2023
2023-05-01,IT,127.2901,65.8,2023
2023-05-02,IT,127.7959,66.06,2023
2023-05-03,IT,128.3164,66.33,2023
2023-05-04,IT,128.8633,66.62,2023
2023-05-05,IT,129.4463,66.92,2023
2023-05-06,IT,130.1512,67.28,2023
2023-05-07,IT,130.8652,67.65,2023
2023-05-08,IT,131.38,67.92,2023
2023-05-09,IT,131.9468,68.21,2023
2023-05-10,IT,132.4959,68.49,2023
2023-05-11,IT,133.0732,68.79,2023
2023-05-12,IT,133.6424,69.09,2023
2023-05-13,IT,134.3409,69.45,2023
2023-05-14,IT,135.0511,69.81,2023
2023-05-15,IT,135.6481,70.12,2023
2023-05-16,IT,136.2623,70.44,2023
2023-05-17,IT,136.8989,70.77,2023
2023-05-18,IT,137.486,71.07,2023
2023-05-19,IT,138.0749,70.73,2023
2023-05-20,IT,138.7633,71.09,2023
2023-05-21,IT,139.4537,71.44,2023
2023-05-22,IT,139.9735,71.71,2023
2023-05-23,IT,140.4789,71.97,2023
2023-05-24,IT,141.0536,72.26,2023
2023-05-25,IT,141.6477,72.56,2023
2023-05-26,IT,142.2761,72.89,2023
2023-05-27,IT,142.9811,73.25,2023
2023-05-28,IT,143.6787,73.6,2023
2023-05-29,IT,144.1823,73.86,2023
2023-05-30,IT,144.7264,74.14,2023
2023-05-31,IT,145.2315,74.4,2023
2023-06-01,IT,145.7476,74.66,2023
2023-06-02,IT,146.348,74.97,2023
2023-06-03,IT,146.9498,75.28,2023
2023-06-04,IT,147.5398,75.58,2023
2023-06-05,IT,147.9982,75.82,2023
2023-06-06,IT,148.4254,76.04,2023
2023-06-07,IT,148.9205,76.29,2023
2023-06-08,IT,149.3963,76.53,2023
2023-06-09,IT,149.8807,76.78,2023
2023-06-10,IT,150.4901,77.09,2023
2023-06-11,IT,151.1122,77.41,2023
2023-06-12,IT,151.5124,77.62,2023
2023-06-13,IT,151.9329,77.83,2023
2023-06-14,IT,152.338,78.04,2023
2023-06-15,IT,152.7828,78.27,2023
2023-06-16,IT,153.264,78.51,2023
2023-06-17,IT,153.8228,78.8,2023
2023-06-18,IT,154.427,79.11,2023
2023-06-19,IT,154.8407,79.32,2023
2023-06-20,IT,156.1478,79.99,2023
2023-06-21,IT,155.6747,79.75,2023
2023-06-22,IT,156.0933,79.96,2023
2023-06-23,IT,156.5903,80.22,2023
2023-06-24,IT,157.1785,80.52,2023
2023-06-25,IT,157.7818,80.78,2023
2023-06-26,IT,158.2085,81.05,2023
2023-06-27,IT,158.6373,81.27,2023
2023-06-28,IT,159.0285,81.47,2023
2023-06-29,IT,159.4432,81.68,2023
2023-06-30,IT,159.9218,81.93,2023
2023-07-01,IT,160.4013,82.17,2023
2023-07-02,IT,160.8901,82.42,2023
2023-07-03,IT,161.1838,82.57,2023
2023-07-04,IT,161.5203,82.74,2023
2023-07-05,IT,161.8744,82.93,2023
2023-07-06,IT,162.2175,83.1,2023
2023-07-07,IT,162.5792,83.29,2023
2023-07-08,IT,163.0065,83.51,2023
2023-07-09,IT,163.4327,83.72,2023
2023-07-10,IT,163.7033,83.86,2023
2023-07-11,IT,163.9681,84.0,2023
2023-07-12,IT,164.2658,84.15,2023
2023-07-13,IT,164.5893,84.32,2023
2023-07-14,IT,164.9296,84.49,2023
2023-07-15,IT,165.3233,84.69,2023
2023-07-16,IT,165.7091,84.89,2023
2023-07-17,IT,166.0282,85.05,2023
2023-07-18,IT,166.3048,85.2,2023
2023-07-19,IT,166.5725,85.33,2023
2023-07-20,IT,166.8844,85.49,2023
2023-07-21,IT,167.1862,85.65,2023
2023-07-22,IT,167.6164,85.87,2023
2023-07-23,IT,168.0528,86.09,2023
2023-07-24,IT,168.314,86.22,2023
2023-07-25,IT,168.6394,86.39,2023
2023-07-26,IT,169.0073,86.58,2023
2023-07-27,IT,169.3703,86.77,2023
2023-07-28,IT,169.7689,86.97,2023
2023-07-29,IT,170.204,87.19,2023
2023-07-30,IT,170.6388,87.42,2023
2023-07-31,IT,171.0021,87.6,2023
2023-08-01,IT,171.3451,87.78,2023
2023-08-02,IT,171.6819,87.95,2023
2023-08-03,IT,171.9775,88.1,2023
2023-08-04,IT,172.2717,88.25,2023
2023-08-05,IT,172.6344,88.44,2023
2023-08-06,IT,173.0367,88.64,2023
2023-08-07,IT,173.398,88.83,2023
2023-08-08,IT,173.7899,89.03,2023
2023-08-09,IT,174.1676,89.22,2023
2023-08-10,IT,174.5507,89.42,2023
2023-08-11,IT,174.9422,89.62,2023
2023-08-12,IT,175.3379,89.82,2023
2023-08-13,IT,175.7344,90.03,2023
2023-08-14,IT,176.1222,90.22,2023
2023-08-15,IT,176.4957,90.42,2023
2023-08-16,IT,176.8855,90.62,2023
2023-08-17,IT,177.2761,90.82,2023
2023-08-18,IT,177.6679,91.02,2023
2023-08-19,IT,178.0405,91.21,2023
2023-08-20,IT,178.4286,91.41,2023
2023-08-21,IT,178.7195,91.56,2023
2023-08-22,IT,178.0377,91.21,2023
2023-08-23,IT,179.33,91.87,2023
2023-08-24,IT,179.5871,92.0,2023
2023-08-25,IT,179.8527,92.14,2023
2023-08-26,IT,180.1463,92.29,2023
2023-08-27,IT,180.4621,92.45,2023
2023-08-28,IT,180.6681,92.55,2023
2023-08-29,IT,180.8127,92.63,2023
2023-08-30,IT,181.011,92.73,2023
2023-08-31,IT,181.4495,93.8,2023
2023-09-01,IT,181.7679,93.96,2023
2023-09-02,IT,181.9417,93.21,2023
2023-09-03,IT,182.3345,93.41,2023
2023-09-04,IT,182.573,93.53,2023
2023-09-05,IT,182.8101,93.65,2023
2023-09-06,IT,182.9501,93.72,2023
2023-09-07,IT,183.0961,93.8,2023
2023-09-08,IT,183.2818,93.84,2023
2023-09-09,IT,183.6706,94.04,2023
2023-09-10,IT,184.0625,94.24,2023
2023-09-11,IT,184.1591,94.29,2023
2023-09-12,IT,184.2996,94.36,2023
2023-09-13,IT,184.4533,94.44,2023
2023-09-14,IT,184.577,94.5,2023
2023-09-15,IT,184.7276,94.58,2023
2023-09-16,IT,184.9651,94.7,2023
2023-09-17,IT,185.3066,94.88,2023
2023-09-18,IT,185.4514,94.95,2023
2023-09-19,IT,185.6545,95.06,2023
2023-09-20,IT,185.784,95.12,2023
2023-09-21,IT,185.9469,95.21,2023
2023-09-22,IT,186.1616,95.32,2023
2023-09-23,IT,186.5279,95.5,2023
2023-09-24,IT,186.9206,95.7,2023
2023-09-25,IT,187.1165,95.8,2023
2023-09-26,IT,187.3558,95.93,2023
2023-09-27,IT,187.5911,96.05,2023
2023-09-28,IT,187.8039,96.16,2023
2023-09-29,IT,188.0403,96.28,2023
2023-09-30,IT,188.4097,96.47,2023
2023-10-01,IT,188.6819,96.58,2024
2023-10-02,IT,188.8565,96.64,2024
2023-10-03,IT,189.0632,96.72,2024
2023-10-04,IT,189.2784,96.81,2024
2023-10-05,IT,189.498,96.89,2024
2023-10-06,IT,189.738,96.99,2024
2023-10-07,IT,189.993,97.09,2024
2023-10-08,IT,190.2018,97.17,2024
2023-10-09,IT,190.4077,97.25,2024
2023-10-10,IT,190.6183,97.33,2024
2023-10-11,IT,190.8142,97.41,2024
2023-10-12,IT,190.9856,97.47,2024
2023-10-13,IT,191.2654,97.58,2024
2023-10-14,IT,191.574,97.71,2024
2023-10-15,IT,191.8829,97.84,2024
2023-10-16,IT,192.0339,97.89,2024
2023-10-17,IT,192.1634,97.93,2024
2023-10-18,IT,192.3121,97.98,2024
2023-10-19,IT,192.5033,98.05,2024
2023-10-20,IT,192.7151,98.14,2024
2023-10-21,IT,192.9265,98.22,2024
2023-10-22,IT,193.1387,98.3,2024
2023-10-23,IT,193.276,98.34,2024
2023-10-24,IT,193.4503,98.4,2024
2023-10-25,IT,193.6217,100.04,2024
2023-10-26,IT,193.8072,98.53,2024
2023-10-27,IT,193.985,98.59,2024
2023-10-28,IT,194.1952,98.67,2024
2023-10-29,IT,194.4096,98.76,2024
2023-10-30,IT,194.616,98.84,2024
2023-10-31,IT,194.803,98.9,2024
2023-11-01,IT,194.8627,98.93,2024
2023-11-02,IT,194.9355,98.97,2024
2023-11-03,IT,194.9664,98.99,2024
2023-11-04,IT,195.067,99.04,2024
2023-11-05,IT,195.206,99.11,2024
2023-11-06,IT,195.2392,99.12,2024
2023-11-07,IT,195.2286,99.12,2024
2023-11-08,IT,195.0394,99.02,2024
2023-11-09,IT,194.7771,98.89,2024
2023-11-10,IT,194.5796,98.79,2024
2023-11-11,IT,194.6678,98.83,2024
2023-11-12,IT,194.7486,98.88,2024
2023-11-13,IT,194.5349,98.77,2024
2023-11-14,IT,194.2722,98.63,2024
2023-11-15,IT,193.9849,98.49,2024
2023-11-16,IT,193.5178,98.25,2024
2023-11-17,IT,193.164,98.07,2024
2023-11-18,IT,192.8706,97.92,2024
2023-11-19,IT,192.7442,97.86,2024
2023-11-20,IT,192.2858,97.63,2024
2023-11-21,IT,191.7643,97.36,2024
2023-11-22,IT,191.079,97.01,2024
2023-11-23,IT,190.4687,96.7,2024
2023-11-24,IT,189.8343,96.38,2024
2023-11-25,IT,189.4128,96.17,2024
2023-11-26,IT,188.9378,95.93,2024
2023-11-27,IT,188.0301,95.46,2024
2023-11-28,IT,187.1645,95.03,2024
2023-11-29,IT,186.1682,94.52,2024
2023-11-30,IT,185.2938,94.08,2024
2023-12-01,IT,184.3106,93.58,2024
2023-12-02,IT,183.6,93.22,2024
2023-12-03,IT,182.9571,92.89,2024
2023-12-04,IT,181.9066,92.36,2024
2023-12-05,IT,180.8344,91.81,2024
2023-12-06,IT,179.8294,91.3,2024
2023-12-07,IT,178.8741,90.82,2024
2023-12-08,IT,178.0853,90.42,2024
2023-12-09,IT,177.3286,90.03,2024
2023-12-10,IT,176.6476,89.69,2024
2023-12-11,IT,175.6011,89.15,2024
2023-12-12,IT,174.5891,88.64,2024
2023-12-13,IT,173.6138,88.15,2024
2023-12-14,IT,172.6078,87.63,2024
2023-12-15,IT,171.7565,87.2,2024
2023-12-16,IT,171.1596,86.9,2024
2023-12-17,IT,170.5461,86.59,2024
2023-12-18,IT,169.4984,86.06,2024
2023-12-19,IT,168.4439,85.52,2024
2023-12-20,IT,167.4228,85.0,2024
2023-12-21,IT,166.4315,84.5,2024
2023-12-22,IT,165.6648,84.11,2024
2023-12-23,IT,165.058,83.8,2024
2023-12-24,IT,164.5992,83.57,2024
2023-12-25,IT,164.1285,83.33,2024
2023-12-26,IT,163.5477,83.03,2024
2023-12-27,IT,162.7043,82.61,2024
2023-12-28,IT,162.0026,82.25,2024
2023-12-29,IT,161.2927,81.89,2024
2023-12-30,IT,160.6342,81.56,2024
2023-12-31,IT,160.0714,81.27,2024
2024-01-01,IT,159.4589,80.96,2024
2024-01-02,IT,158.5105,80.48,2024
2024-01-03,IT,157.8949,80.16,2024
2024-01-04,IT,157.1014,79.76,2024
2024-01-05,IT,156.3388,79.37,2024
2024-01-06,IT,155.5934,79.0,2024
2024-01-07,IT,154.9234,78.66,2024
2024-01-08,IT,153.6196,77.99,2024
2024-01-09,IT,152.3967,77.37,2024
2024-01-10,IT,151.1133,76.72,2024
2024-01-11,IT,149.8396,76.08,2024
2024-01-12,IT,148.6123,75.45,2024
2024-01-13,IT,147.4442,74.86,2024
2024-01-14,IT,146.5752,74.42,2024
2024-01-15,IT,145.483,73.86,2024
2024-01-16,IT,144.2024,73.21,2024
2024-01-17,IT,142.963,72.58,2024
2024-01-18,IT,141.9119,72.05,2024
2024-01-19,IT,140.7786,71.47,2024
2024-01-20,IT,140.1559,71.16,2024
2024-01-21,IT,139.161,70.65,2024
2024-01-22,IT,137.8863,70.01,2024
2024-01-23,IT,136.6049,69.36,2024
2024-01-24,IT,135.4257,68.76,2024
2024-01-25,IT,134.2119,68.14,2024
2024-01-26,IT,132.9923,67.52,2024
2024-01-27,IT,132.2996,67.17,2024
2024-01-28,IT,131.4532,66.74,2024
2024-01-29,IT,130.1773,66.09,2024
2024-01-30,IT,128.9655,65.48,2024
2024-01-31,IT,127.7695,64.87,2024
2024-02-01,IT,126.7467,64.35,2024
2024-02-02,IT,125.7988,63.87,2024
2024-02-03,IT,125.2062,63.57,2024
2024-02-04,IT,124.7872,63.36,2024
2024-02-05,IT,124.0174,62.96,2024
2024-02-06,IT,123.152,62.53,2024
2024-02-07,IT,122.1788,62.03,2024
2024-02-08,IT,121.4975,61.69,2024
2024-02-09,IT,120.963,61.41,2024
2024-02-10,IT,120.7607,61.31,2024
2024-02-11,IT,120.6095,62.31,2024
2024-02-12,IT,119.9065,60.88,2024
2024-02-13,IT,119.3358,60.59,2024
2024-02-14,IT,118.8323,60.33,2024
2024-02-15,IT,118.3867,60.11,2024
2024-02-16,IT,118.0083,59.91,2024
2024-02-17,IT,117.8608,59.84,2024
2024-02-18,IT,117.8005,59.81,2024
2024-02-19,IT,117.4009,59.61,2024
2024-02-20,IT,116.9999,59.4,2024
2024-02-21,IT,116.6145,59.21,2024
2024-02-22,IT,116.023,58.91,2024
2024-02-23,IT,115.4247,58.6,2024
2024-02-24,IT,115.0921,58.43,2024
2024-02-25,IT,114.9517,58.36,2024
2024-02-26,IT,114.2683,58.02,2024
2024-02-27,IT,113.6494,57.7,2024
2024-02-28,IT,113.0391,57.39,2024
2024-02-29,IT,112.608,57.17,2024
2024-03-01,IT,112.366,57.05,2024
2024-03-02,IT,112.4488,57.09,2024
2024-03-03,IT,112.5446,57.14,2024
2024-03-04,IT,112.2028,56.97,2024
2024-03-05,IT,112.0356,56.88,2024
2024-03-06,IT,111.8268,56.78,2024
2024-03-07,IT,111.4766,56.6,2024
2024-03-08,IT,111.2455,56.48,2024
2024-03-09,IT,111.3308,56.52,2024
2024-03-10,IT,111.5006,56.61,2024
2024-03-11,IT,111.3575,56.54,2024
2024-03-12,IT,111.2388,56.48,2024
2024-03-13,IT,111.2319,56.47,2024
2024-03-14,IT,112.2651,57.0,2024
2024-03-15,IT,111.514,56.62,2024
2024-03-16,IT,111.8512,56.79,2024
2024-03-17,IT,112.1923,56.96,2024
2024-03-18,IT,112.2637,57.0,2024
2024-03-19,IT,112.3962,57.06,2024
2024-03-20,IT,112.5202,57.13,2024
2024-03-21,IT,112.6887,57.21,2024
2024-03-22,IT,112.9842,57.36,2024
2024-03-23,IT,113.449,57.6,2024
2024-03-24,IT,113.9136,57.84,2024
2024-03-25,IT,113.9558,57.86,2024
2024-03-26,IT,113.876,57.82,2024
2024-03-27,IT,114.0703,57.91,2024
2024-03-28,IT,114.3381,58.05,2024
2024-03-29,IT,114.6181,58.19,2024
2024-03-30,IT,114.9257,58.35,2024
2024-03-31,IT,115.1804,58.48,2024
2024-04-01,IT,115.4839,57.8,2024
2024-04-02,IT,115.6022,57.86,2024
2024-04-03,IT,115.7603,57.94,2024
2024-04-04,IT,115.9429,58.03,2024
2024-04-05,IT,116.171,58.14,2024
2024-04-06,IT,117.0123,59.91,2024
2024-04-07,IT,117.5188,60.17,2024
2024-04-08,IT,118.0125,60.42,2024
2024-04-09,IT,118.1566,59.13,2024
2024-04-10,IT,118.6404,59.38,2024
2024-04-11,IT,119.3701,61.12,2024
2024-04-12,IT,119.8475,61.36,2024
2024-04-13,IT,120.4881,61.69,2024
2024-04-14,IT,121.0197,61.96,2024
2024-04-15,IT,121.4792,62.2,2024
2024-04-16,IT,122.0748,61.1,2024
2024-04-17,IT,122.6702,61.31,2024
2024-04-18,IT,123.2108,61.58,2024
2024-04-19,IT,123.7377,61.84,2024
2024-04-20,IT,124.4152,62.18,2024
2024-04-21,IT,125.1124,62.53,2024
2024-04-22,IT,125.5966,62.77,2024
2024-04-23,IT,125.9722,62.96,2024
2024-04-24,IT,126.4382,63.19,2024
2024-04-25,IT,126.9716,63.46,2024
2024-04-26,IT,127.4737,63.71,2024
2024-04-27,IT,128.0331,63.99,2024
2024-04-28,IT,128.6525,64.3,2024
2024-04-29,IT,129.229,64.59,2024
2024-04-30,IT,129.8402,64.9,2024
2024-05-01,IT,130.4946,65.22,2024
2024-05-02,IT,131.1692,65.56,2024
2024-05-03,IT,131.822,65.89,2024
2024-05-04,IT,132.4868,66.22,2024
2024-05-05,IT,133.1598,66.55,2024
2024-05-06,IT,133.8032,66.88,2024
2024-05-07,IT,134.373,67.16,2024
2024-05-08,IT,134.8566,67.4,2024
2024-05-09,IT,135.6101,67.78,2024
2024-05-10,IT,136.2883,68.12,2024
2024-05-11,IT,136.969,68.46,2024
2024-05-12,IT,137.6806,68.81,2024
2024-05-13,IT,138.3872,69.17,2024
2024-05-14,IT,139.011,69.48,2024
2024-05-15,IT,139.6028,69.77,2024
2024-05-16,IT,140.2222,70.08,2024
2024-05-17,IT,140.8384,70.39,2024
2024-05-18,IT,141.4834,70.71,2024
2024-05-19,IT,142.1427,71.04,2024
2024-05-20,IT,142.708,71.33,2024
2024-05-21,IT,143.2716,71.61,2024
2024-05-22,IT,143.9111,71.93,2024
2024-05-23,IT,144.5095,72.23,2024
2024-05-24,IT,145.105,72.52,2024
2024-05-25,IT,145.796,72.87,2024
2024-05-26,IT,146.5048,73.22,2024
2024-05-27,IT,147.075,73.51,2024
2024-05-28,IT,147.6758,73.81,2024
2024-05-29,IT,148.2837,74.11,2024
2024-05-30,IT,148.9153,74.43,2024
2024-05-31,IT,149.5348,74.74,2024
2024-06-01,IT,150.1068,75.02,2024
2024-06-02,IT,150.6784,75.31,2024
2024-06-03,IT,151.1846,75.56,2024
2024-06-04,IT,151.6529,75.8,2024
2024-06-05,IT,152.143,76.04,2024
2024-06-06,IT,152.669,76.31,2024
2024-06-07,IT,153.1736,76.56,2024
2024-06-08,IT,153.7199,76.83,2024
2024-06-09,IT,154.2911,77.12,2024
2024-06-10,IT,154.7743,77.36,2024
2024-06-11,IT,155.1725,77.56,2024
2024-06-12,IT,155.6314,77.79,2024
2024-06-13,IT,156.1145,78.03,2024
2024-06-14,IT,156.6116,78.28,2024
2024-06-15,IT,157.164,78.55,2024
2024-06-16,IT,157.735,78.84,2024
2024-06-17,IT,158.1546,79.05,2024
2024-06-18,IT,158.5976,79.27,2024
2024-06-19,IT,159.0542,79.5,2024
2024-06-20,IT,159.4448,79.69,2024
2024-06-21,IT,159.8675,79.9,2024
2024-06-22,IT,160.4446,80.19,2024
2024-06-23,IT,161.0031,80.47,2024
2024-06-24,IT,161.4373,80.69,2024
2024-06-25,IT,161.8944,80.92,2024
2024-06-26,IT,162.3877,81.16,2024
2024-06-27,IT,162.865,81.4,2024
2024-06-28,IT,163.3609,81.65,2024
2024-06-29,IT,163.9467,81.94,2024
2024-06-30,IT,164.5387,82.24,2024
2024-07-01,IT,164.8945,82.42,2024
2024-07-02,IT,165.2572,82.6,2024
2024-07-03,IT,165.6309,82.78,2024
2024-07-04,IT,166.0433,82.99,2024
2024-07-05,IT,166.4523,83.19,2024
2024-07-06,IT,166.9572,83.45,2024
2024-07-07,IT,167.4625,83.7,2024
2024-07-08,IT,167.8191,83.88,2024
2024-07-09,IT,168.1505,84.04,2024
2024-07-10,IT,168.4052,84.17,2024
2024-07-11,IT,168.717,84.33,2024
2024-07-12,IT,169.017,84.48,2024
2024-07-13,IT,169.5086,84.72,2024
2024-07-14,IT,169.9457,84.94,2024
2024-07-15,IT,170.1856,85.06,2024
2024-07-16,IT,170.4886,85.21,2024
2024-07-17,IT,170.7881,85.36,2024
2024-07-18,IT,171.0155,85.47,2024
2024-07-19,IT,171.3245,85.63,2024
2024-07-20,IT,171.7012,85.82,2024
2024-07-21,IT,172.1224,86.03,2024
2024-07-22,IT,172.459,86.2,2024
2024-07-23,IT,172.7831,86.36,2024
2024-07-24,IT,173.1473,86.54,2024
2024-07-25,IT,173.4881,86.71,2024
2024-07-26,IT,173.8492,86.89,2024
2024-07-27,IT,174.2695,87.1,2024
2024-07-28,IT,174.7002,87.32,2024
2024-07-29,IT,175.0578,87.5,2024
2024-07-30,IT,175.4333,87.68,2024
2024-07-31,IT,175.7812,87.86,2024
2024-08-01,IT,175.251,87.59,2024
2024-08-02,IT,175.5497,87.74,2024
2024-08-03,IT,175.9467,87.94,2024
2024-08-04,IT,176.3674,88.15,2024
2024-08-05,IT,176.6871,88.31,2024
2024-08-06,IT,176.9324,88.43,2024
2024-08-07,IT,177.244,88.59,2024
2024-08-08,IT,177.5328,88.73,2024
2024-08-09,IT,177.8673,88.9,2024
2024-08-10,IT,178.2797,89.11,2024
2024-08-11,IT,179.3765,89.65,2024
2024-08-12,IT,179.0877,89.51,2024
2024-08-13,IT,179.5267,89.73,2024
2024-08-14,IT,179.981,89.96,2024
2024-08-15,IT,180.4467,90.19,2024
2024-08-16,IT,180.9033,90.42,2024
2024-08-17,IT,181.3643,90.65,2024
2024-08-18,IT,181.8282,90.88,2024
2024-08-19,IT,182.1931,91.06,2024
2024-08-20,IT,182.636,91.28,2024
2024-08-21,IT,183.0378,91.48,2024
2024-08-22,IT,183.3736,91.65,2024
2024-08-23,IT,183.7144,91.82,2024
2024-08-24,IT,184.792,92.36,2024
2024-08-25,IT,185.1709,92.55,2024
2024-08-26,IT,184.7839,92.36,2024
2024-08-27,IT,184.9512,92.44,2024
2024-08-28,IT,185.1321,92.53,2024
2024-08-29,IT,185.3805,92.65,2024
2024-08-30,IT,185.6151,92.77,2024
2024-08-31,IT,186.0256,92.98,2024
2024-09-01,IT,186.3774,93.15,2024
2024-09-02,IT,186.6117,93.27,2024
2024-09-03,IT,186.7202,93.32,2024
2024-09-04,IT,186.8183,93.37,2024
2024-09-05,IT,186.9169,93.42,2024
2024-09-06,IT,187.0463,93.49,2024
2024-09-07,IT,187.3029,93.62,2024
2024-09-08,IT,187.5895,93.76,2024
2024-09-09,IT,187.778,93.85,2024
2024-09-10,IT,187.9795,93.95,2024
2024-09-11,IT,188.2151,94.07,2024
2024-09-12,IT,188.4284,94.18,2024
2024-09-13,IT,188.6778,94.3,2024
2024-09-14,IT,189.0341,94.48,2024
2024-09-15,IT,189.3946,94.66,2024
2024-09-16,IT,189.5633,94.75,2024
2024-09-17,IT,189.787,94.86,2024
2024-09-18,IT,189.9887,94.96,2024
2024-09-19,IT,190.2222,95.07,2024
2024-09-20,IT,190.4586,95.19,2024
2024-09-21,IT,190.8167,95.37,2024
2024-09-22,IT,191.1687,95.55,2024
2024-09-23,IT,191.3489,95.64,2024
2024-09-24,IT,191.8758,95.9,2024
2024-09-25,IT,192.0747,96.0,2024
2024-09-26,IT,192.013,95.97,2024
2024-09-27,IT,192.2843,96.11,2024
2024-09-28,IT,192.5856,96.26,2024
2024-09-29,IT,192.8882,96.41,2024
2024-09-30,IT,193.0483,96.49,2024
2024-10-01,IT,193.1542,96.54,2025
2024-10-02,IT,193.2633,96.59,2025
2024-10-03,IT,193.3706,96.65,2025
2024-10-04,IT,193.5108,96.72,2025
2024-10-05,IT,193.963,96.94,2025
2024-10-06,IT,194.1892,97.06,2025
2024-10-07,IT,194.082,97.0,2025
2024-10-08,IT,194.3892,97.16,2025
2024-10-09,IT,194.5436,97.23,2025
2024-10-10,IT,194.5828,97.25,2025
2024-10-11,IT,194.9721,97.45,2025
2024-10-12,IT,195.0004,97.46,2025
2024-10-13,IT,195.1831,97.55,2025
2024-10-14,IT,195.3345,97.63,2025
2024-10-15,IT,195.472,97.7,2025
2024-10-16,IT,195.5631,97.74,2025
2024-10-17,IT,195.7151,97.82,2025
2024-10-18,IT,195.7016,97.81,2025
2024-10-19,IT,195.8699,97.9,2025
2024-10-20,IT,196.0415,97.98,2025
2024-10-21,IT,196.1769,98.05,2025
2024-10-22,IT,196.2511,98.09,2025
2024-10-23,IT,196.3234,98.12,2025
2024-10-24,IT,196.3403,98.13,2025
2024-10-25,IT,196.4762,98.2,2025
2024-10-26,IT,196.7085,98.32,2025
2024-10-27,IT,196.8375,98.38,2025
2024-10-28,IT,196.9508,98.44,2025
2024-10-29,IT,196.5731,98.25,2025
2024-10-30,IT,197.1134,98.52,2025
2024-10-31,IT,197.1892,98.56,2025
2024-11-01,IT,197.14,98.53,2025
2024-11-02,IT,197.1351,98.53,2025
2024-11-03,IT,197.1515,98.54,2025
2024-11-04,IT,196.9227,98.42,2025
2024-11-05,IT,196.512,98.22,2025
2024-11-06,IT,195.9007,97.91,2025
2024-11-07,IT,195.4087,97.67,2025
2024-11-08,IT,195.0111,97.47,2025
2024-11-09,IT,194.7687,97.35,2025
2024-11-10,IT,194.5011,97.21,2025
2024-11-11,IT,193.9438,96.93,2025
2024-11-12,IT,193.2603,96.59,2025
2024-11-13,IT,192.5391,96.23,2025
2024-11-14,IT,191.8587,95.89,2025
2024-11-15,IT,191.2051,95.57,2025
2024-11-16,IT,190.6714,95.3,2025
2024-11-17,IT,190.2958,95.11,2025
2024-11-18,IT,189.4658,94.7,2025
2024-11-19,IT,188.646,94.29,2025
2024-11-20,IT,188.0158,93.97,2025
2024-11-21,IT,187.1526,93.54,2025
2024-11-22,IT,186.3649,93.15,2025
2024-11-23,IT,185.727,92.83,2025
2024-11-24,IT,185.1493,92.54,2025
2024-11-25,IT,184.3245,92.13,2025
2024-11-26,IT,183.4857,91.71,2025
2024-11-27,IT,182.6448,91.29,2025
2024-11-28,IT,181.8235,90.88,2025
2024-11-29,IT,181.0581,90.49,2025
2024-11-30,IT,180.6946,90.31,2025
2024-12-01,IT,180.2582,90.09,2025
2024-12-02,IT,179.4536,89.69,2025
2024-12-03,IT,178.6315,89.28,2025
2024-12-04,IT,177.7271,88.83,2025
2024-12-05,IT,176.8557,88.39,2025
2024-12-06,IT,175.9703,87.95,2025
2024-12-07,IT,175.1414,87.54,2025
2024-12-08,IT,174.4856,87.21,2025
2024-12-09,IT,173.5683,86.75,2025
2024-12-10,IT,172.6392,86.29,2025
2024-12-11,IT,171.6927,85.81,2025
2024-12-12,IT,170.7227,85.33,2025
2024-12-13,IT,169.8975,84.92,2025
2024-12-14,IT,169.1881,84.56,2025
2024-12-15,IT,168.5404,84.24,2025
2024-12-16,IT,167.6273,83.78,2025
2024-12-17,IT,166.6877,83.31,2025
2024-12-18,IT,165.7303,82.83,2025
2024-12-19,IT,164.8864,82.41,2025
2024-12-20,IT,164.1947,82.07,2025
2024-12-21,IT,163.618,81.78,2025
2024-12-22,IT,163.0772,81.51,2025
2024-12-23,IT,162.4115,81.17,2025
2024-12-24,IT,161.7722,80.85,2025
2024-12-25,IT,161.3587,80.65,2025
2024-12-26,IT,160.9851,80.46,2025
2024-12-27,IT,160.3928,80.17,2025
2024-12-28,IT,159.7958,79.87,2025
2024-12-29,IT,159.3185,79.63,2025
2024-12-30,IT,157.1531,78.55,2025
2024-12-31,IT,157.7103,78.82,2025
2025-01-01,IT,157.0105,78.47,2025
2025-01-02,IT,156.0859,78.01,2025
2025-01-03,IT,155.097,77.52,2025
2025-01-04,IT,154.1943,77.07,2025
2025-01-05,IT,153.4634,76.7,2025
2025-01-06,IT,152.6812,76.31,2025
2025-01-07,IT,151.7518,75.85,2025
2025-01-08,IT,150.6905,75.32,2025
2025-01-09,IT,149.655,74.8,2025
2025-01-10,IT,148.808,73.64,2025
2025-01-11,IT,147.7537,73.85,2025
2025-01-12,IT,146.6711,73.31,2025
2025-01-13,IT,145.4617,72.7,2025
2025-01-14,IT,144.2174,72.08,2025
2025-01-15,IT,142.9612,71.45,2025
2025-01-16,IT,141.8009,70.87,2025
2025-01-17,IT,140.5841,70.26,2025
2025-01-18,IT,139.4822,69.71,2025
2025-01-19,IT,138.3462,69.15,2025
2025-01-20,IT,137.0329,68.49,2025
2025-01-21,IT,135.8311,67.89,2025
2025-01-22,IT,134.6032,67.28,2025
2025-01-23,IT,133.4595,66.7,2025
2025-01-24,IT,132.4207,66.18,2025
2025-01-25,IT,131.6778,65.81,2025
2025-01-26,IT,131.1592,64.9,2025
2025-01-27,IT,130.3257,65.14,2025
2025-01-28,IT,129.5603,64.76,2025
2025-01-29,IT,128.6024,64.28,2025
2025-01-30,IT,127.5351,63.74,2025
2025-01-31,IT,126.4919,63.22,2025
2025-02-01,IT,125.6943,62.82,2025
2025-02-02,IT,125.0822,61.9,2025
2025-02-03,IT,124.0645,62.01,2025
2025-02-04,IT,123.0663,60.9,2025
2025-02-05,IT,121.9322,60.94,2025
2025-02-06,IT,120.7522,60.35,2025
2025-02-07,IT,119.6655,59.81,2025
2025-02-08,IT,118.682,59.32,2025
2025-02-09,IT,117.8761,58.33,2025
2025-02-10,IT,116.8055,58.38,2025
2025-02-11,IT,115.7006,57.83,2025
2025-02-12,IT,114.6569,56.74,2025
2025-02-13,IT,113.682,56.82,2025
2025-02-14,IT,112.5602,56.26,2025
2025-02-15,IT,111.7485,55.85,2025
2025-02-16,IT,111.0039,55.48,2025
2025-02-17,IT,110.0923,55.02,2025
2025-02-18,IT,109.1446,54.55,2025
2025-02-19,IT,108.1542,53.52,2025
2025-02-20,IT,107.2259,53.06,2025
2025-02-21,IT,106.4455,52.67,2025
2025-02-22,IT,105.7187,52.31,2025
2025-02-23,IT,105.1586,52.04,2025
2025-02-24,IT,104.2347,51.58,2025
2025-02-25,IT,103.3041,51.12,2025
2025-02-26,IT,102.5329,50.74,2025
2025-02-27,IT,101.7684,50.36,2025
2025-02-28,IT,97.902,48.45,2025
2025-03-01,IT,100.3067,49.64,2025
2025-03-02,IT,99.8923,49.43,2025
2025-03-03,IT,99.1316,49.05,2025
2025-03-04,IT,98.4615,48.72,2025
2025-03-05,IT,97.7552,48.37,2025
2025-03-06,IT,97.1219,48.06,2025
2025-03-07,IT,96.4381,47.72,2025
2025-03-08,IT,95.9532,47.48,2025
2025-03-09,IT,95.5109,47.26,2025
2025-03-10,IT,94.7621,46.89,2025
2025-03-11,IT,94.133,46.58,2025
2025-03-12,IT,93.3922,46.21,2025
2025-03-13,IT,92.7676,45.91,2025
2025-03-14,IT,92.2919,45.67,2025
2025-03-15,IT,91.9716,45.51,2025
2025-03-16,IT,91.6864,45.37,2025
2025-03-17,IT,91.1081,45.08,2025
2025-03-18,IT,90.4888,44.78,2025
2025-03-19,IT,89.825,44.45,2025
2025-03-20,IT,89.1932,44.14,2025
2025-03-21,IT,88.6306,43.86,2025
2025-03-22,IT,88.3066,43.7,2025
2025-03-23,IT,88.032,43.56,2025
2025-03-24,IT,87.5057,43.3,2025
2025-03-25,IT,86.9983,43.05,2025
2025-03-26,IT,86.5801,42.84,2025
2025-03-27,IT,86.2638,42.69,2025
2025-03-28,IT,86.1143,42.61,2025
2025-03-29,IT,86.0786,42.6,2025
2025-03-30,IT,86.146,42.63,2025
2025-03-31,IT,85.8861,42.93,2025
2025-04-01,IT,85.9259,42.52,2025
2025-04-02,IT,85.9565,42.53,2025
2025-04-03,IT,85.9809,42.55,2025
2025-04-04,IT,85.998,42.56,2025
2025-04-05,IT,86.0719,42.59,2025
2025-04-06,IT,86.108,42.61,2025
2025-04-07,IT,86.1251,42.62,2025
2025-04-08,IT,86.1422,42.63,2025
2025-04-09,IT,86.1535,42.63,2025
2025-04-10,IT,86.4423,42.78,2025
2025-04-11,IT,86.799,42.95,2025
2025-04-12,IT,87.3088,43.2,2025
2025-04-13,IT,87.8164,43.46,2025
2025-04-14,IT,88.1441,43.62,2025
2025-04-15,IT,88.4428,43.77,2025
2025-04-16,IT,88.6991,43.89,2025
2025-04-17,IT,88.9961,44.04,2025
2025-04-18,IT,89.3174,44.2,2025
2025-04-19,IT,89.9058,44.49,2025
2025-04-20,IT,90.5707,44.82,2025
2025-04-21,IT,91.2477,45.15,2025
2025-04-22,IT,91.8496,45.45,2025
2025-04-23,IT,92.4586,45.75,2025
2025-04-24,IT,93.0755,46.06,2025
2025-04-25,IT,93.804,46.42,2025
2025-04-26,IT,94.5394,46.78,2025
2025-04-27,IT,95.2722,47.14,2025
2025-04-28,IT,95.853,47.43,2025
2025-04-29,IT,96.4388,47.72,2025
2025-04-30,IT,97.0402,48.02,2025
2025-05-01,IT,97.9564,48.47,2025
2025-05-02,IT,98.8171,48.9,2025
2025-05-03,IT,99.8196,49.39,2025
2025-05-04,IT,100.8145,49.89,2025
2025-05-05,IT,101.4966,50.22,2025
2025-05-06,IT,102.1491,50.55,2025
2025-05-07,IT,102.781,50.86,2025
2025-05-08,IT,102.3107,50.63,2025
2025-05-09,IT,102.9901,50.96,2025
2025-05-10,IT,103.864,51.4,2025
2025-05-11,IT,104.7453,51.83,2025
2025-05-12,IT,105.4158,52.05,2025
2025-05-13,IT,106.1218,52.4,2025
2025-05-14,IT,106.8881,52.78,2025
2025-05-15,IT,107.6987,53.18,2025
2025-05-16,IT,108.5914,53.62,2025
2025-05-17,IT,109.4632,54.05,2025
2025-05-18,IT,110.3417,54.48,2025
2025-05-19,IT,111.1269,54.87,2025
2025-05-20,IT,111.9236,55.26,2025
2025-05-21,IT,112.6979,55.65,2025
2025-05-22,IT,113.4939,56.04,2025
2025-05-23,IT,114.3182,56.45,2025
2025-05-24,IT,115.214,56.89,2025
2025-05-25,IT,116.1187,57.34,2025
2025-05-26,IT,116.9393,57.74,2025
2025-05-27,IT,117.7227,58.13,2025
2025-05-28,IT,118.55,58.54,2025
2025-05-29,IT,119.3956,58.95,2025
2025-05-30,IT,120.23,59.37,2025
2025-05-31,IT,121.1453,59.82,2025
2025-06-01,IT,122.0243,60.25,2025
2025-06-02,IT,122.9415,60.7,2025
2025-06-03,IT,123.7278,61.09,2025
2025-06-04,IT,124.4795,61.46,2025
2025-06-05,IT,125.2211,61.83,2025
2025-06-06,IT,125.9955,62.21,2025
2025-06-07,IT,126.9194,62.67,2025
2025-06-08,IT,127.8523,63.13,2025
2025-06-09,IT,128.6279,63.51,2025
2025-06-10,IT,129.3476,63.87,2025
2025-06-11,IT,130.1074,64.24,2025
2025-06-12,IT,130.8724,64.62,2025
2025-06-13,IT,131.6217,64.99,2025
2025-06-14,IT,132.5422,65.44,2025
2025-06-15,IT,133.4788,65.91,2025
2025-06-16,IT,134.0762,66.2,2025
2025-06-17,IT,134.7415,66.53,2025
2025-06-18,IT,135.4717,66.89,2025
2025-06-19,IT,136.2004,67.25,2025
2025-06-20,IT,136.9379,67.62,2025
2025-06-21,IT,137.874,68.08,2025
2025-06-22,IT,138.8079,68.54,2025
2025-06-23,IT,139.5678,68.91,2025
2025-06-24,IT,140.2417,69.25,2025
2025-06-25,IT,140.8667,69.56,2025
2025-06-26,IT,141.5098,69.87,2025
2025-06-27,IT,142.2169,70.22,2025
2025-06-28,IT,143.0708,70.64,2025
2025-06-29,IT,143.9417,71.07,2025
2025-06-30,IT,144.5727,71.39,2025
2025-07-01,IT,145.0455,71.62,2025
2025-07-02,IT,145.5002,71.84,2025
2025-07-03,IT,145.8806,72.03,2025
2025-07-04,IT,146.356,72.27,2025
2025-07-05,IT,147.0051,72.59,2025
2025-07-06,IT,147.6764,72.92,2025
2025-07-07,IT,148.2968,73.22,2025
2025-07-08,IT,148.9197,73.53,2025
2025-07-09,IT,149.568,73.85,2025
2025-07-10,IT,150.2362,74.18,2025
2025-07-11,IT,150.9593,74.54,2025
2025-07-12,IT,151.7541,74.93,2025
2025-07-13,IT,152.5331,75.32,2025
2025-07-14,IT,153.0988,75.6,2025
2025-07-15,IT,153.6241,75.85,2025
2025-07-16,IT,153.4036,75.75,2025
2025-07-17,IT,153.981,76.03,2025
2025-07-18,IT,154.5481,76.31,2025
2025-07-19,IT,155.1776,76.62,2025
2025-07-20,IT,155.8413,76.95,2025
2025-07-21,IT,156.3106,77.18,2025
2025-07-22,IT,156.7869,77.42,2025
2025-07-23,IT,157.3043,77.67,2025
2025-07-24,IT,157.7975,77.92,2025
2025-07-25,IT,158.3685,78.2,2025
2025-07-26,IT,159.07,78.54,2025
2025-07-27,IT,160.4238,79.21,2025
2025-07-28,IT,160.4009,79.2,2025
2025-07-29,IT,161.0788,79.54,2025
2025-07-30,IT,161.7088,79.85,2025
2025-07-31,IT,162.3284,80.15,2025
2025-08-01,IT,162.9746,80.47,2025
2025-08-02,IT,163.5599,80.76,2025
2025-08-03,IT,164.2479,81.1,2025
2025-08-04,IT,164.9223,81.43,2025
2025-08-05,IT,165.5317,81.73,2025
2025-08-06,IT,166.1524,82.04,2025
2025-08-07,IT,166.7935,82.36,2025
2025-08-08,IT,167.3943,82.65,2025
2025-08-09,IT,168.0083,82.96,2025
2025-08-10,IT,169.2103,83.55,2025
2025-08-11,IT,169.8274,83.86,2025
2025-08-12,IT,170.4255,84.15,2025
2025-08-13,IT,171.0443,84.46,2025
2025-08-14,IT,171.6435,84.75,2025
2025-08-15,IT,172.307,85.08,2025
2025-08-16,IT,172.9938,85.42,2025
2025-08-17,IT,173.6814,85.76,2025
2025-08-18,IT,174.2624,86.04,2025
2025-08-19,IT,174.8476,86.33,2025
2025-08-20,IT,175.4176,86.62,2025
2025-08-21,IT,176.0139,86.91,2025
2025-08-22,IT,176.6237,87.21,2025
2025-08-23,IT,177.2859,87.54,2025
2025-08-24,IT,177.9253,87.85,2025
2025-08-25,IT,178.2425,88.01,2025
2025-08-26,IT,178.6059,88.19,2025
2025-08-27,IT,178.9386,88.35,2025
2025-08-28,IT,179.1238,88.45,2025
2025-08-29,IT,179.3065,88.54,2025
2025-08-30,IT,179.8891,88.82,2025
2025-08-31,IT,180.5285,89.14,2025
2025-09-01,IT,180.7243,89.05,2025
2025-09-02,IT,180.9506,89.16,2025
2025-09-03,IT,181.1339,89.25,2025
2025-09-04,IT,181.2693,89.32,2025
2025-09-05,IT,181.409,89.39,2025
2025-09-06,IT,181.6339,89.5,2025
2025-09-07,IT,181.9214,89.64,2025
2025-09-08,IT,181.9962,89.68,2025
2025-09-09,IT,182.055,89.71,2025
2025-09-10,IT,182.1537,89.75,2025
2025-09-11,IT,182.3089,89.83,2025
2025-09-12,IT,182.474,89.91,2025
2025-09-13,IT,182.8484,90.1,2025
2025-09-14,IT,183.2193,90.28,2025
2025-09-15,IT,183.4737,90.4,2025
2025-09-16,IT,183.7618,90.55,2025
2025-09-17,IT,183.9757,90.65,2025
2025-09-18,IT,184.2191,90.77,2025
2025-09-19,IT,184.4916,90.91,2025
2025-09-20,IT,184.83,91.07,2025
2025-09-21,IT,185.1947,91.25,2025
2025-09-22,IT,185.3758,91.34,2025
2025-09-23,IT,185.6063,91.46,2025
2025-09-24,IT,185.8435,91.57,2025
2025-09-25,IT,186.1263,91.71,2025
2025-09-26,IT,186.3636,91.83,2025
2025-09-27,IT,186.6647,91.98,2025
2025-09-28,IT,186.9806,92.13,2025
2025-09-29,IT,187.2615,92.27,2025
2025-09-30,IT,187.5365,92.41,2025
2025-10-01,IT,187.6891,92.48,2026
2025-10-02,IT,187.8748,92.57,2026
2025-10-03,IT,188.0841,92.68,2026
2025-10-04,IT,188.3614,92.81,2026
2025-10-05,IT,188.6391,92.95,2026
2025-10-06,IT,188.8523,93.05,2026
2025-10-07,IT,189.0476,93.15,2026
2025-10-08,IT,189.2401,93.25,2026
2025-10-09,IT,189.4296,93.34,2026
2025-10-10,IT,189.6135,93.43,2026
2025-10-11,IT,189.844,93.54,2026
2025-10-12,IT,190.0756,93.66,2026
2025-10-13,IT,190.2418,93.74,2026
2025-10-14,IT,190.3612,93.8,2026
2025-10-15,IT,190.4591,93.85,2026
2025-10-16,IT,190.5428,93.89,2026
2025-10-17,IT,190.7084,93.97,2026
2025-10-18,IT,190.8927,94.06,2026
2025-10-19,IT,191.0786,94.15,2026
2025-10-20,IT,191.1116,94.17,2026
2025-10-21,IT,191.1497,94.19,2026
2025-10-22,IT,191.2186,94.22,2026
2025-10-23,IT,191.3852,94.3,2026
2025-10-24,IT,191.5646,94.39,2026
2025-10-25,IT,191.7513,94.48,2026
2025-10-26,IT,191.939,94.58,2026
2025-10-27,IT,192.1229,94.67,2026
2025-10-28,IT,192.2919,94.57,2026
2025-10-29,IT,192.3991,94.62,2026
2025-10-30,IT,192.4938,94.67,2026
2025-10-31,IT,192.6038,94.72,2026
2025-11-01,IT,192.6186,94.73,2026
2025-11-02,IT,192.5892,94.72,2026
2025-11-03,IT,192.3642,94.61,2026
2025-11-04,IT,192.0883,94.47,2026
2025-11-05,IT,191.6651,94.26,2026
2025-11-06,IT,191.1824,94.02,2026
2025-11-07,IT,190.7265,93.8,2026
2025-11-08,IT,190.4191,93.65,2026
2025-11-09,IT,190.1695,93.53,2026
2025-11-10,IT,189.7092,93.3,2026
2025-11-11,IT,189.2657,93.08,2026
2025-11-12,IT,188.7522,92.83,2026
2025-11-13,IT,188.1864,92.55,2026
2025-11-14,IT,187.6756,92.3,2026
2025-11-15,IT,187.5243,92.23,2026
2025-11-16,IT,187.367,92.15,2026
2025-11-17,IT,186.909,91.92,2026
2025-11-18,IT,186.1776,91.56,2026
2025-11-19,IT,185.3544,91.16,2026
2025-11-20,IT,184.5244,90.75,2026
2025-11-21,IT,183.6181,90.3,2026
2025-11-22,IT,182.9417,89.97,2026
2025-11-23,IT,182.4179,89.71,2026
2025-11-24,IT,181.5348,89.28,2026
2025-11-25,IT,180.6834,88.86,2026
2025-11-26,IT,179.7588,88.41,2026
2025-11-27,IT,178.8244,87.95,2026
2025-11-28,IT,177.8991,87.49,2026
2025-11-29,IT,177.1254,87.11,2026
2025-11-30,IT,176.432,86.77,2026
2025-12-01,IT,175.3952,86.26,2026
2025-12-02,IT,174.3789,85.76,2026
2025-12-03,IT,173.3922,85.27,2026
2025-12-04,IT,172.3614,84.77,2026
2025-12-05,IT,171.3785,84.28,2026
2025-12-06,IT,170.5524,83.88,2026
2025-12-07,IT,169.8658,83.54,2026
2025-12-08,IT,169.0845,83.16,2026
2025-12-09,IT,168.0828,82.66,2026
2025-12-10,IT,167.1369,82.2,2026
2025-12-11,IT,166.1193,81.7,2026
2025-12-12,IT,165.1241,81.21,2026
2025-12-13,IT,164.3054,80.81,2026
2025-12-14,IT,163.5843,80.45,2026
2025-12-15,IT,162.5772,79.96,2026
2025-12-16,IT,161.5131,79.43,2026
2025-12-17,IT,160.4903,78.93,2026
2025-12-18,IT,159.4673,78.43,2026
2025-12-19,IT,158.4389,77.92,2026
2025-12-20,IT,157.775,77.59,2026
2025-12-21,IT,157.1986,77.31,2026
2025-12-22,IT,156.3441,76.89,2026
2025-12-23,IT,155.4089,76.43,2026
2025-12-24,IT,154.5723,76.02,2026
2025-12-25,IT,153.9578,75.72,2026
2025-12-26,IT,153.358,75.42,2026
2025-12-27,IT,152.7577,75.13,2026
2025-12-28,IT,152.1856,74.85,2026
2025-12-29,IT,151.2214,74.37,2026
2025-12-30,IT,150.2407,73.89,2026
2025-12-31,IT,149.3475,73.45,2026
2026-01-01,IT,148.6641,73.11,2026
2026-01-02,IT,147.8923,72.73,2026
2026-01-03,IT,147.235,72.41,2026
2026-01-04,IT,146.4661,72.03,2026
2026-01-05,IT,145.3207,71.47,2026
2026-01-06,IT,144.1195,70.88,2026
2026-01-07,IT,142.9299,70.29,2026
2026-01-08,IT,141.7294,69.7,2026
2026-01-09,IT,140.631,69.16,2026
2026-01-10,IT,139.5669,68.63,2026
2026-01-11,IT,138.519,68.12,2026
2026-01-12,IT,137.3316,67.54,2026
2026-01-13,IT,136.0826,66.92,2026
2026-01-14,IT,135.0127,66.39,2026
2026-01-15,IT,133.8645,65.83,2026
2026-01-16,IT,132.8424,65.33,2026
2026-01-17,IT,131.9534,64.89,2026
2026-01-18,IT,131.1632,64.5,2026
2026-01-19,IT,129.9042,63.88,2026
2026-01-20,IT,128.6285,63.26,2026
2026-01-21,IT,127.3373,62.62,2026
2026-01-22,IT,126.1024,62.01,2026
2026-01-23,IT,124.7774,61.36,2026
2026-01-24,IT,123.7146,60.84,2026
2026-01-25,IT,122.9733,60.47,2026
2026-01-26,IT,121.7663,59.88,2026
2026-01-27,IT,120.5082,59.26,2026
2026-01-28,IT,119.3498,58.69,2026
2026-01-29,IT,118.2128,58.13,2026
2026-01-30,IT,117.0849,57.58,2026
2026-01-31,IT,116.1431,57.12,2026
2026-02-01,IT,115.4576,56.78,2026
2026-02-02,IT,114.2685,56.19,2026
2026-02-03,IT,113.1226,55.63,2026
2026-02-04,IT,112.0225,55.09,2026
2026-02-05,IT,110.9537,54.56,2026
2026-02-06,IT,110.1509,54.17,2026
2026-02-07,IT,109.6129,53.9,2026
2026-02-08,IT,109.11,53.66,2026
2026-02-09,IT,108.1648,53.19,2026
2026-02-10,IT,107.2069,52.72,2026
2026-02-11,IT,106.3206,52.28,2026
2026-02-12,IT,105.4,51.83,2026
2016-01-01,NL,109.6817,72.71,2016
2016-01-02,NL,109.0551,72.29,2016
2016-01-03,NL,108.2947,71.79,2016
2016-01-04,NL,107.1947,71.06,2016
2016-01-05,NL,106.2273,70.42,2016
2016-01-06,NL,105.3841,69.86,2016
2016-01-07,NL,104.5305,69.29,2016
2016-01-08,NL,103.6668,68.72,2016
2016-01-09,NL,103.0073,68.28,2016
2016-01-10,NL,102.4448,67.91,2016
2016-01-11,NL,101.5636,67.33,2016
2016-01-12,NL,100.8641,66.86,2016
2016-01-13,NL,99.999,66.29,2016
2016-01-14,NL,99.0005,65.63,2016
2016-01-15,NL,98.0522,65.0,2016
2016-01-16,NL,97.1579,64.41,2016
2016-01-17,NL,96.1174,63.72,2016
2016-01-18,NL,94.6712,62.76,2016
2016-01-19,NL,93.2718,61.83,2016
2016-01-20,NL,92.0808,61.04,2016
2016-01-21,NL,90.9758,60.31,2016
2016-01-22,NL,89.8554,59.57,2016
2016-01-23,NL,89.1952,59.13,2016
2016-01-24,NL,88.6252,58.75,2016
2016-01-25,NL,88.055,58.37,2016
2016-01-26,NL,87.5484,58.04,2016
2016-01-27,NL,86.9351,57.63,2016
2016-01-28,NL,86.3247,57.23,2016
2016-01-29,NL,85.7319,56.83,2016
2016-01-30,NL,85.29,56.54,2016
2016-01-31,NL,84.7946,56.21,2016
2016-02-01,NL,84.4033,55.95,2016
2016-02-02,NL,83.8879,55.61,2016
2016-02-03,NL,83.2405,55.18,2016
2016-02-04,NL,82.7435,54.85,2016
2016-02-05,NL,82.2903,54.55,2016
2016-02-06,NL,81.8459,54.26,2016
2016-02-07,NL,81.3953,53.96,2016
2016-02-08,NL,80.9436,53.66,2016
2016-02-09,NL,80.4119,53.31,2016
2016-02-10,NL,79.7841,52.89,2016
2016-02-11,NL,79.1826,52.49,2016
2016-02-12,NL,78.5808,52.09,2016
2016-02-13,NL,78.0423,51.74,2016
2016-02-14,NL,77.5364,51.4,2016
2016-02-15,NL,76.7575,50.88,2016
2016-02-16,NL,75.7821,50.24,2016
2016-02-17,NL,74.9105,49.66,2016
2016-02-18,NL,74.0239,49.07,2016
2016-02-19,NL,73.2236,48.54,2016
2016-02-20,NL,72.7957,48.26,2016
2016-02-21,NL,72.4492,48.03,2016
2016-02-22,NL,71.927,47.68,2016
2016-02-23,NL,71.2356,47.22,2016
2016-02-24,NL,70.4651,46.71,2016
2016-02-25,NL,69.7076,46.21,2016
2016-02-26,NL,69.0187,45.75,2016
2016-02-27,NL,68.5397,45.44,2016
2016-02-28,NL,68.0403,45.1,2016
2016-02-29,NL,67.3716,44.66,2016
2016-03-01,NL,66.0696,43.73,2016
2016-03-02,NL,65.0486,43.05,2016
2016-03-03,NL,63.9,42.29,2016
2016-03-04,NL,62.6468,41.47,2016
2016-03-05,NL,61.8592,40.94,2016
2016-03-06,NL,60.9388,40.33,2016
2016-03-07,NL,59.528,39.4,2016
2016-03-08,NL,58.5166,38.73,2016
2016-03-09,NL,57.3693,37.97,2016
2016-03-10,NL,56.1849,37.19,2016
2016-03-11,NL,55.0269,36.42,2016
2016-03-12,NL,54.205,35.88,2016
2016-03-13,NL,53.4407,35.37,2016
2016-03-14,NL,52.4698,34.73,2016
2016-03-15,NL,51.3714,34.0,2016
2016-03-16,NL,50.3325,33.31,2016
2016-03-17,NL,49.5336,32.79,2016
2016-03-18,NL,48.7209,32.25,2016
2016-03-19,NL,48.2871,31.96,2016
2016-03-20,NL,47.8446,31.67,2016
2016-03-21,NL,47.08,31.16,2016
2016-03-22,NL,46.4499,30.74,2016
2016-03-23,NL,45.9881,30.44,2016
2016-03-24,NL,45.5282,30.13,2016
2016-03-25,NL,45.374,30.03,2016
2016-03-26,NL,45.5198,30.13,2016
2016-03-27,NL,45.7261,30.27,2016
2016-03-28,NL,45.8184,30.33,2016
2016-03-29,NL,45.6518,30.22,2016
2016-03-30,NL,45.5659,30.16,2016
2016-03-31,NL,45.4991,30.12,2016
2016-04-01,NL,45.5225,30.13,2016
2016-04-02,NL,45.9523,30.42,2016
2016-04-03,NL,46.6348,30.87,2016
2016-04-04,NL,47.1214,31.19,2016
2016-04-05,NL,47.303,31.31,2016
2016-04-06,NL,48.5091,31.72,2016
2016-04-07,NL,48.2308,31.54,2016
2016-04-08,NL,48.2841,31.58,2016
2016-04-09,NL,48.8376,31.94,2016
2016-04-10,NL,49.5185,32.38,2016
2016-04-11,NL,50.1448,32.79,2016
2016-04-12,NL,50.6113,33.1,2016
2016-04-13,NL,50.8786,33.27,2016
2016-04-14,NL,51.1904,33.48,2016
2016-04-15,NL,51.5238,33.69,2016
2016-04-16,NL,51.8461,33.91,2016
2016-04-17,NL,52.2027,34.14,2016
2016-04-18,NL,52.3726,34.25,2016
2016-04-19,NL,52.5227,34.35,2016
2016-04-20,NL,52.7574,34.5,2016
2016-04-21,NL,53.1931,34.79,2016
2016-04-22,NL,53.7429,35.15,2016
2016-04-23,NL,54.1139,35.39,2016
2016-04-24,NL,54.3462,35.54,2016
2016-04-25,NL,54.2237,35.46,2016
2016-04-26,NL,53.9944,35.31,2016
2016-04-27,NL,53.5703,35.03,2016
2016-04-28,NL,53.2159,34.8,2016
2016-04-29,NL,53.0349,34.68,2016
2016-04-30,NL,53.1099,34.73,2016
2016-05-01,NL,53.2839,34.85,2016
2016-05-02,NL,53.8023,35.18,2016
2016-05-03,NL,54.3316,35.53,2016
2016-05-04,NL,55.0671,36.01,2016
2016-05-05,NL,56.0196,36.63,2016
2016-05-06,NL,57.0771,37.33,2016
2016-05-07,NL,57.9658,37.91,2016
2016-05-08,NL,58.8112,38.46,2016
2016-05-09,NL,59.6497,39.01,2016
2016-05-10,NL,60.4362,39.52,2016
2016-05-11,NL,61.3338,40.11,2016
2016-05-12,NL,62.0957,40.61,2016
2016-05-13,NL,62.8322,41.09,2016
2016-05-14,NL,63.6937,41.65,2016
2016-05-15,NL,64.5507,42.21,2016
2016-05-16,NL,65.3468,42.73,2016
2016-05-17,NL,66.0056,43.16,2016
2016-05-18,NL,66.7103,43.63,2016
2016-05-19,NL,67.4944,44.14,2016
2016-05-20,NL,68.3795,44.72,2016
2016-05-21,NL,69.3608,45.36,2016
2016-05-22,NL,70.3383,46.0,2016
2016-05-23,NL,71.1828,46.55,2016
2016-05-24,NL,71.9157,47.03,2016
2016-05-25,NL,72.7964,47.61,2016
2016-05-26,NL,73.7257,48.21,2016
2016-05-27,NL,74.5262,48.74,2016
2016-05-28,NL,75.3581,49.28,2016
2016-05-29,NL,76.1774,49.82,2016
2016-05-30,NL,76.8136,50.23,2016
2016-05-31,NL,77.0974,50.42,2016
2016-06-01,NL,77.3052,50.55,2016
2016-06-02,NL,77.4243,50.63,2016
2016-06-03,NL,77.8615,50.92,2016
2016-06-04,NL,78.5886,51.39,2016
2016-06-05,NL,79.3148,51.87,2016
2016-06-06,NL,79.875,52.23,2016
2016-06-07,NL,80.4686,52.62,2016
2016-06-08,NL,80.9646,52.95,2016
2016-06-09,NL,81.5594,53.34,2016
2016-06-10,NL,82.0103,53.63,2016
2016-06-11,NL,82.7079,54.09,2016
2016-06-12,NL,83.4089,54.55,2016
2016-06-13,NL,84.1529,55.03,2016
2016-06-14,NL,84.7697,55.44,2016
2016-06-15,NL,85.4042,55.85,2016
2016-06-16,NL,86.0479,56.27,2016
2016-06-17,NL,86.7534,56.73,2016
2016-06-18,NL,87.755,57.39,2016
2016-06-19,NL,88.7971,58.07,2016
2016-06-20,NL,89.8173,58.74,2016
2016-06-21,NL,90.8172,59.39,2016
2016-06-22,NL,91.7537,60.0,2016
2016-06-23,NL,92.6633,60.6,2016
2016-06-24,NL,93.5247,61.16,2016
2016-06-25,NL,94.5126,61.81,2016
2016-06-26,NL,95.5217,62.47,2016
2016-06-27,NL,96.3083,62.98,2016
2016-06-28,NL,96.9495,63.4,2016
2016-06-29,NL,97.7496,63.92,2016
2016-06-30,NL,98.5116,64.42,2016
2016-07-01,NL,99.1813,64.86,2016
2016-07-02,NL,100.1415,65.49,2016
2016-07-03,NL,101.068,66.09,2016
2016-07-04,NL,101.8427,66.6,2016
2016-07-05,NL,102.6391,67.12,2016
2016-07-06,NL,103.4088,67.63,2016
2016-07-07,NL,104.1831,68.13,2016
2016-07-08,NL,104.9882,68.66,2016
2016-07-09,NL,105.9431,69.28,2016
2016-07-10,NL,106.9292,69.93,2016
2016-07-11,NL,107.8499,70.53,2016
2016-07-12,NL,108.5739,71.0,2016
2016-07-13,NL,109.209,71.42,2016
2016-07-14,NL,109.9543,71.91,2016
2016-07-15,NL,110.8803,72.51,2016
2016-07-16,NL,111.8815,73.17,2016
2016-07-17,NL,112.994,73.89,2016
2016-07-18,NL,113.9687,74.53,2016
2016-07-19,NL,114.8672,75.12,2016
2016-07-20,NL,115.7004,75.66,2016
2016-07-21,NL,116.4446,76.15,2016
2016-07-22,NL,117.2678,76.69,2016
2016-07-23,NL,118.3486,77.4,2016
2016-07-24,NL,119.4209,78.1,2016
2016-07-25,NL,120.2793,78.66,2016
2016-07-26,NL,120.9765,79.11,2016
2016-07-27,NL,121.6329,79.54,2016
2016-07-28,NL,122.277,79.96,2016
2016-07-29,NL,122.996,80.43,2016
2016-07-30,NL,123.7172,80.91,2016
2016-07-31,NL,124.5092,81.42,2016
2016-08-01,NL,125.3605,81.98,2016
2016-08-02,NL,126.0679,82.44,2016
2016-08-03,NL,126.868,82.97,2016
2016-08-04,NL,127.6075,83.45,2016
2016-08-05,NL,128.2812,83.89,2016
2016-08-06,NL,129.0914,84.42,2016
2016-08-07,NL,129.8479,84.92,2016
2016-08-08,NL,130.6109,85.41,2016
2016-08-09,NL,130.8701,85.58,2016
2016-08-10,NL,131.1537,85.77,2016
2016-08-11,NL,131.29,85.86,2016
2016-08-12,NL,131.542,86.02,2016
2016-08-13,NL,131.9998,86.32,2016
2016-08-14,NL,132.4063,86.59,2016
2016-08-15,NL,132.6273,86.73,2016
2016-08-16,NL,132.6482,86.75,2016
2016-08-17,NL,132.7152,86.79,2016
2016-08-18,NL,132.9933,86.97,2016
2016-08-19,NL,133.5506,87.34,2016
2016-08-20,NL,134.0107,87.64,2016
2016-08-21,NL,134.3953,87.89,2016
2016-08-22,NL,134.6578,88.06,2016
2016-08-23,NL,134.5172,87.97,2016
2016-08-24,NL,134.5071,87.96,2016
2016-08-25,NL,134.4219,87.91,2016
2016-08-26,NL,134.5504,87.99,2016
2016-08-27,NL,134.7795,88.14,2016
2016-08-28,NL,135.2031,88.42,2016
2016-08-29,NL,135.347,88.51,2016
2016-08-30,NL,135.5929,88.67,2016
2016-08-31,NL,135.8054,88.81,2016
2016-09-01,NL,135.9591,88.91,2016
2016-09-02,NL,136.0792,88.99,2016
2016-09-03,NL,136.5407,89.29,2016
2016-09-04,NL,137.0445,89.62,2016
2016-09-05,NL,137.4416,89.88,2016
2016-09-06,NL,137.9355,90.2,2016
2016-09-07,NL,137.4448,89.88,2016
2016-09-08,NL,137.4861,89.91,2016
2016-09-09,NL,137.5717,89.97,2016
2016-09-10,NL,137.8792,90.17,2016
2016-09-11,NL,138.1975,90.38,2016
2016-09-12,NL,138.5139,90.58,2016
2016-09-13,NL,138.6314,90.66,2016
2016-09-14,NL,138.6612,90.68,2016
2016-09-15,NL,138.6883,90.7,2016
2016-09-16,NL,138.7525,90.74,2016
2016-09-17,NL,138.9325,90.86,2016
2016-09-18,NL,139.2604,91.07,2016
2016-09-19,NL,139.487,91.22,2016
2016-09-20,NL,139.6335,91.31,2016
2016-09-21,NL,139.9777,91.54,2016
2016-09-22,NL,137.4284,97.23,2016
2016-09-23,NL,137.6751,97.4,2016
2016-09-24,NL,138.0949,97.7,2016
2016-09-25,NL,138.5631,98.03,2016
2016-09-26,NL,138.8317,98.22,2016
2016-09-27,NL,138.9508,98.3,2016
2016-09-28,NL,139.1157,98.42,2016
2016-09-29,NL,139.0684,98.39,2016
2016-09-30,NL,139.0316,98.36,2016
2016-10-01,NL,139.1777,98.47,2017
2016-10-02,NL,139.2484,98.52,2017
2016-10-03,NL,139.3095,98.56,2017
2016-10-04,NL,139.3751,98.6,2017
2016-10-05,NL,139.2765,98.54,2017
2016-10-06,NL,139.0497,98.37,2017
2016-10-07,NL,138.9115,98.28,2017
2016-10-08,NL,138.8918,98.26,2017
2016-10-09,NL,138.8816,98.26,2017
2016-10-10,NL,138.6383,98.08,2017
2016-10-11,NL,138.1281,97.72,2017
2016-10-12,NL,137.9715,97.61,2017
2016-10-13,NL,137.887,97.55,2017
2016-10-14,NL,137.6447,97.38,2017
2016-10-15,NL,137.7266,97.44,2017
2016-10-16,NL,137.9039,97.56,2017
2016-10-17,NL,137.8038,97.49,2017
2016-10-18,NL,137.4007,97.21,2017
2016-10-19,NL,136.9701,96.9,2017
2016-10-20,NL,136.4301,96.52,2017
2016-10-21,NL,135.9645,96.19,2017
2016-10-22,NL,135.6858,95.99,2017
2016-10-23,NL,135.3978,95.79,2017
2016-10-24,NL,135.0158,95.52,2017
2016-10-25,NL,134.6833,95.29,2017
2016-10-26,NL,134.376,95.07,2017
2016-10-27,NL,134.0655,94.85,2017
2016-10-28,NL,133.9736,94.78,2017
2016-10-29,NL,134.1097,94.88,2017
2016-10-30,NL,134.2338,94.97,2017
2016-10-31,NL,134.2061,94.95,2017
2016-11-01,NL,134.106,94.88,2017
2016-11-02,NL,133.6622,94.56,2017
2016-11-03,NL,132.9694,94.07,2017
2016-11-04,NL,132.2182,93.54,2017
2016-11-05,NL,131.8019,93.25,2017
2016-11-06,NL,131.3533,92.93,2017
2016-11-07,NL,130.2824,92.17,2017
2016-11-08,NL,129.0169,91.28,2017
2016-11-09,NL,128.007,90.56,2017
2016-11-10,NL,127.1318,89.94,2017
2016-11-11,NL,126.5863,89.56,2017
2016-11-12,NL,125.3614,88.69,2017
2016-11-13,NL,124.5651,88.13,2017
2016-11-14,NL,123.5942,87.44,2017
2016-11-15,NL,122.7422,86.84,2017
2016-11-16,NL,122.367,86.57,2017
2016-11-17,NL,121.8189,86.18,2017
2016-11-18,NL,121.2145,85.76,2017
2016-11-19,NL,120.5383,85.28,2017
2016-11-20,NL,120.0377,84.92,2017
2016-11-21,NL,119.5145,84.55,2017
2016-11-22,NL,119.1399,84.29,2017
2016-11-23,NL,118.5729,83.89,2017
2016-11-24,NL,117.9166,83.42,2017
2016-11-25,NL,116.8853,82.69,2017
2016-11-26,NL,115.8171,81.94,2017
2016-11-27,NL,114.9501,81.32,2017
2016-11-28,NL,113.8358,80.54,2017
2016-11-29,NL,112.4291,79.54,2017
2016-11-30,NL,111.0094,78.54,2017
2016-12-01,NL,110.0118,77.83,2017
2016-12-02,NL,108.9739,77.1,2017
2016-12-03,NL,107.8588,76.31,2017
2016-12-04,NL,106.6268,75.44,2017
2016-12-05,NL,105.1018,74.36,2017
2016-12-06,NL,103.5702,73.27,2017
2016-12-07,NL,102.4747,72.5,2017
2016-12-08,NL,101.6442,71.91,2017
2016-12-09,NL,101.143,71.56,2017
2016-12-10,NL,100.9101,71.39,2017
2016-12-11,NL,100.6696,71.22,2017
2016-12-12,NL,100.0094,70.75,2017
2016-12-13,NL,99.4539,70.36,2017
2016-12-14,NL,98.6633,69.8,2017
2016-12-15,NL,97.5118,68.99,2017
2016-12-16,NL,96.166,68.04,2017
2016-12-17,NL,95.1682,67.33,2017
2016-12-18,NL,94.2228,66.66,2017
2016-12-19,NL,92.9353,65.75,2017
2016-12-20,NL,91.5045,64.74,2017
2016-12-21,NL,90.1879,63.81,2017
2016-12-22,NL,89.2164,63.12,2017
2016-12-23,NL,88.2529,62.44,2017
2016-12-24,NL,87.9434,62.22,2017
2016-12-25,NL,87.9711,62.24,2017
2016-12-26,NL,87.5859,61.97,2017
2016-12-27,NL,86.8312,61.43,2017
2016-12-28,NL,85.7569,60.67,2017
2016-12-29,NL,84.294,59.64,2017
2016-12-30,NL,83.0151,58.73,2017
2016-12-31,NL,81.9005,57.94,2017
2017-01-01,NL,83.6187,59.16,2017
2017-01-02,NL,82.5002,58.37,2017
2017-01-03,NL,81.3129,57.53,2017
2017-01-04,NL,80.2518,56.78,2017
2017-01-05,NL,78.9896,55.88,2017
2017-01-06,NL,77.431,54.78,2017
2017-01-07,NL,76.1818,53.9,2017
2017-01-08,NL,75.1972,53.2,2017
2017-01-09,NL,74.1091,52.43,2017
2017-01-10,NL,73.1592,51.76,2017
2017-01-11,NL,72.1944,51.08,2017
2017-01-12,NL,71.247,50.41,2017
2017-01-13,NL,70.088,49.59,2017
2017-01-14,NL,69.0884,48.88,2017
2017-01-15,NL,68.0997,48.18,2017
2017-01-16,NL,66.7705,47.24,2017
2017-01-17,NL,65.0968,46.05,2017
2017-01-18,NL,63.4868,44.92,2017
2017-01-19,NL,61.9825,43.85,2017
2017-01-20,NL,60.5782,42.86,2017
2017-01-21,NL,59.4019,42.03,2017
2017-01-22,NL,58.1593,41.15,2017
2017-01-23,NL,56.6263,40.06,2017
2017-01-24,NL,55.3769,39.18,2017
2017-01-25,NL,54.2139,38.36,2017
2017-01-26,NL,52.9947,37.49,2017
2017-01-27,NL,51.6952,36.57,2017
2017-01-28,NL,50.8717,35.99,2017
2017-01-29,NL,50.0871,35.44,2017
2017-01-30,NL,49.2026,34.81,2017
2017-01-31,NL,48.0659,34.01,2017
2017-02-01,NL,47.0243,33.27,2017
2017-02-02,NL,46.213,32.69,2017
2017-02-03,NL,45.4663,32.17,2017
2017-02-04,NL,44.7692,31.67,2017
2017-02-05,NL,44.0848,31.19,2017
2017-02-06,NL,43.1072,30.5,2017
2017-02-07,NL,42.1137,29.79,2017
2017-02-08,NL,40.9379,28.96,2017
2017-02-09,NL,39.7257,28.11,2017
2017-02-10,NL,38.4055,27.17,2017
2017-02-11,NL,37.3569,26.43,2017
2017-02-12,NL,36.4103,25.76,2017
2017-02-13,NL,35.3905,25.04,2017
2017-02-14,NL,34.3762,24.32,2017
2017-02-15,NL,33.6579,23.81,2017
2017-02-16,NL,32.8366,23.23,2017
2017-02-17,NL,32.2141,22.79,2017
2017-02-18,NL,31.8306,22.52,2017
2017-02-19,NL,31.4559,22.25,2017
2017-02-20,NL,31.0488,21.97,2017
2017-02-21,NL,30.8317,21.81,2017
2017-02-22,NL,30.5487,21.61,2017
2017-02-23,NL,30.1221,21.31,2017
2017-02-24,NL,29.5622,20.91,2017
2017-02-25,NL,29.0466,20.55,2017
2017-02-26,NL,28.7675,20.35,2017
2017-02-27,NL,28.377,20.08,2017
2017-02-28,NL,27.7693,19.65,2017
2017-03-01,NL,27.1602,19.22,2017
2017-03-02,NL,26.6235,18.84,2017
2017-03-03,NL,26.2972,18.6,2017
2017-03-04,NL,26.3846,18.67,2017
2017-03-05,NL,26.3538,18.64,2017
2017-03-06,NL,25.802,18.25,2017
2017-03-07,NL,25.177,17.81,2017
2017-03-08,NL,24.6682,17.45,2017
2017-03-09,NL,24.3644,17.24,2017
2017-03-10,NL,24.2791,17.18,2017
2017-03-11,NL,24.2462,17.15,2017
2017-03-12,NL,24.257,17.16,2017
2017-03-13,NL,23.9868,16.97,2017
2017-03-14,NL,23.8662,16.88,2017
2017-03-15,NL,23.7002,16.77,2017
2017-03-16,NL,23.6822,16.75,2017
2017-03-17,NL,23.6938,16.76,2017
2017-03-18,NL,23.644,16.73,2017
2017-03-19,NL,23.6895,16.76,2017
2017-03-20,NL,23.655,16.74,2017
2017-03-21,NL,23.6859,16.76,2017
2017-03-22,NL,23.621,16.71,2017
2017-03-23,NL,23.6808,16.75,2017
2017-03-24,NL,23.7688,16.82,2017
2017-03-25,NL,23.8853,16.9,2017
2017-03-26,NL,24.0015,16.98,2017
2017-03-27,NL,23.9949,16.98,2017
2017-03-28,NL,24.0172,16.99,2017
2017-03-29,NL,24.0509,17.02,2017
2017-03-30,NL,24.1755,17.1,2017
2017-03-31,NL,24.2219,17.14,2017
2017-04-01,NL,24.9671,17.66,2017
2017-04-02,NL,25.7043,18.19,2017
2017-04-03,NL,26.3141,18.62,2017
2017-04-04,NL,26.798,18.96,2017
2017-04-05,NL,27.2478,19.28,2017
2017-04-06,NL,27.3506,19.35,2017
2017-04-07,NL,27.5717,19.51,2017
2017-04-08,NL,28.1631,19.92,2017
2017-04-09,NL,28.8663,20.42,2017
2017-04-10,NL,29.4596,20.84,2017
2017-04-11,NL,29.995,21.22,2017
2017-04-12,NL,30.4614,21.55,2017
2017-04-13,NL,30.9759,21.91,2017
2017-04-14,NL,31.5748,22.34,2017
2017-04-15,NL,32.286,22.84,2017
2017-04-16,NL,32.9645,23.32,2017
2017-04-17,NL,33.6056,23.78,2017
2017-04-18,NL,33.9093,23.99,2017
2017-04-19,NL,33.6468,23.8,2017
2017-04-20,NL,33.439,23.66,2017
2017-04-21,NL,33.5535,23.74,2017
2017-04-22,NL,34.0943,24.12,2017
2017-04-23,NL,34.6012,24.48,2017
2017-04-24,NL,35.0208,24.78,2017
2017-04-25,NL,35.3667,25.02,2017
2017-04-26,NL,35.6432,25.22,2017
2017-04-27,NL,35.9618,25.44,2017
2017-04-28,NL,36.2865,25.67,2017
2017-04-29,NL,36.6626,25.94,2017
2017-04-30,NL,37.1394,26.28,2017
2017-05-01,NL,37.385,26.45,2017
2017-05-02,NL,37.8165,26.75,2017
2017-05-03,NL,38.2642,27.07,2017
2017-05-04,NL,38.7704,27.43,2017
2017-05-05,NL,39.1586,27.7,2017
2017-05-06,NL,39.7731,28.14,2017
2017-05-07,NL,40.4124,28.59,2017
2017-05-08,NL,40.7301,28.82,2017
2017-05-09,NL,41.0216,29.02,2017
2017-05-10,NL,41.4398,29.32,2017
2017-05-11,NL,42.006,29.72,2017
2017-05-12,NL,42.6692,30.19,2017
2017-05-13,NL,43.3363,30.66,2017
2017-05-14,NL,44.0538,31.17,2017
2017-05-15,NL,44.5482,31.52,2017
2017-05-16,NL,45.1743,31.96,2017
2017-05-17,NL,45.8492,32.44,2017
2017-05-18,NL,46.5254,32.92,2017
2017-05-19,NL,47.2713,33.44,2017
2017-05-20,NL,48.0807,34.02,2017
2017-05-21,NL,49.0084,34.67,2017
2017-05-22,NL,49.9207,35.32,2017
2017-05-23,NL,50.765,35.92,2017
2017-05-24,NL,51.6733,36.56,2017
2017-05-25,NL,52.7011,37.28,2017
2017-05-26,NL,53.6925,37.99,2017
2017-05-27,NL,54.7014,38.7,2017
2017-05-28,NL,55.7115,39.41,2017
2017-05-29,NL,56.5339,40.0,2017
2017-05-30,NL,57.4311,40.63,2017
2017-05-31,NL,58.1753,41.16,2017
2017-06-01,NL,59.0829,41.8,2017
2017-06-02,NL,59.9833,42.44,2017
2017-06-03,NL,60.927,43.1,2017
2017-06-04,NL,61.8735,43.77,2017
2017-06-05,NL,62.8025,44.43,2017
2017-06-06,NL,63.7202,45.08,2017
2017-06-07,NL,64.4812,45.62,2017
2017-06-08,NL,65.2593,46.17,2017
2017-06-09,NL,66.0331,46.72,2017
2017-06-10,NL,66.8958,47.33,2017
2017-06-11,NL,67.8371,47.99,2017
2017-06-12,NL,68.6551,48.57,2017
2017-06-13,NL,69.3771,49.08,2017
2017-06-14,NL,69.864,49.43,2017
2017-06-15,NL,70.246,49.7,2017
2017-06-16,NL,70.6868,50.01,2017
2017-06-17,NL,71.2023,50.37,2017
2017-06-18,NL,71.6653,50.7,2017
2017-06-19,NL,71.7698,50.78,2017
2017-06-20,NL,71.7592,50.77,2017
2017-06-21,NL,71.8971,50.87,2017
2017-06-22,NL,72.1511,51.05,2017
2017-06-23,NL,72.4384,51.25,2017
2017-06-24,NL,73.0814,51.7,2017
2017-06-25,NL,73.7101,52.15,2017
2017-06-26,NL,74.1488,52.46,2017
2017-06-27,NL,74.6156,52.79,2017
2017-06-28,NL,75.0916,53.13,2017
2017-06-29,NL,75.7646,53.6,2017
2017-06-30,NL,76.5641,54.17,2017
2017-07-01,NL,77.3606,54.73,2017
2017-07-02,NL,78.1844,55.31,2017
2017-07-03,NL,78.8439,55.78,2017
2017-07-04,NL,79.4379,56.2,2017
2017-07-05,NL,80.1079,56.67,2017
2017-07-06,NL,80.7889,57.16,2017
2017-07-07,NL,81.4872,57.65,2017
2017-07-08,NL,82.293,58.22,2017
2017-07-09,NL,83.1204,58.81,2017
2017-07-10,NL,83.7603,59.26,2017
2017-07-11,NL,84.3342,59.66,2017
2017-07-12,NL,84.953,60.1,2017
2017-07-13,NL,85.5824,60.55,2017
2017-07-14,NL,86.1983,60.98,2017
2017-07-15,NL,86.9923,61.55,2017
2017-07-16,NL,87.8713,62.17,2017
2017-07-17,NL,88.5823,62.67,2017
2017-07-18,NL,89.1777,63.09,2017
2017-07-19,NL,89.7643,63.51,2017
2017-07-20,NL,90.2568,63.85,2017
2017-07-21,NL,90.822,64.25,2017
2017-07-22,NL,91.6083,64.81,2017
2017-07-23,NL,92.4025,65.37,2017
2017-07-24,NL,92.9344,65.75,2017
2017-07-25,NL,93.6062,66.22,2017
2017-07-26,NL,94.2645,66.69,2017
2017-07-27,NL,94.9379,67.17,2017
2017-07-28,NL,95.7054,67.71,2017
2017-07-29,NL,96.5917,68.34,2017
2017-07-30,NL,97.5442,69.01,2017
2017-07-31,NL,98.3427,69.58,2017
2017-08-01,NL,99.0877,70.1,2017
2017-08-02,NL,99.6784,70.52,2017
2017-08-03,NL,100.5245,71.12,2017
2017-08-04,NL,101.3208,71.68,2017
2017-08-05,NL,102.1072,72.24,2017
2017-08-06,NL,102.9471,72.83,2017
2017-08-07,NL,103.7721,73.42,2017
2017-08-08,NL,104.4161,73.87,2017
2017-08-09,NL,105.1765,74.41,2017
2017-08-10,NL,105.7726,74.83,2017
2017-08-11,NL,106.4405,75.3,2017
2017-08-12,NL,107.3412,75.94,2017
2017-08-13,NL,108.2676,76.6,2017
2017-08-14,NL,109.1742,77.24,2017
2017-08-15,NL,110.0675,77.87,2017
2017-08-16,NL,110.8355,78.41,2017
2017-08-17,NL,111.6368,78.98,2017
2017-08-18,NL,112.4319,79.54,2017
2017-08-19,NL,113.2117,80.09,2017
2017-08-20,NL,114.0019,80.65,2017
2017-08-21,NL,114.545,81.04,2017
2017-08-22,NL,115.0873,81.42,2017
2017-08-23,NL,115.6566,81.82,2017
2017-08-24,NL,116.2075,82.21,2017
2017-08-25,NL,116.8934,82.7,2017
2017-08-26,NL,117.6733,83.25,2017
2017-08-27,NL,118.4432,83.8,2017
2017-08-28,NL,119.0723,84.24,2017
2017-08-29,NL,119.6926,84.68,2017
2017-08-30,NL,120.1259,84.99,2017
2017-08-31,NL,120.6584,85.36,2017
2017-09-01,NL,121.4597,85.93,2017
2017-09-02,NL,122.3526,86.56,2017
2017-09-03,NL,123.2703,87.21,2017
2017-09-04,NL,124.0819,87.79,2017
2017-09-05,NL,124.8819,88.35,2017
2017-09-06,NL,125.6633,88.9,2017
2017-09-07,NL,126.3035,89.36,2017
2017-09-08,NL,126.7642,97.51,2017
2017-09-09,NL,127.3437,97.96,2017
2017-09-10,NL,128.0544,98.5,2017
2017-09-11,NL,128.4938,98.84,2017
2017-09-12,NL,128.8924,99.15,2017
2017-09-13,NL,129.3262,99.48,2017
2017-09-14,NL,129.6174,98.23,2017
2017-09-15,NL,129.7226,98.3,2017
2017-09-16,NL,130.09,98.58,2017
2017-09-17,NL,130.4751,98.88,2017
2017-09-18,NL,130.4754,98.88,2017
2017-09-19,NL,130.4767,98.88,2017
2017-09-20,NL,130.5411,98.93,2017
2017-09-21,NL,120.3349,91.29,2017
2017-09-22,NL,120.611,91.4,2017
2017-09-23,NL,121.0828,91.76,2017
2017-09-24,NL,121.5913,92.14,2017
2017-09-25,NL,121.8521,92.34,2017
2017-09-26,NL,122.2276,92.73,2017
2017-09-27,NL,122.5278,92.95,2017
2017-09-28,NL,122.9148,93.25,2017
2017-09-29,NL,123.2715,93.52,2017
2017-09-30,NL,123.4363,93.64,2017
2017-10-01,NL,123.5751,93.75,2018
2017-10-02,NL,123.7688,93.89,2018
2017-10-03,NL,123.8974,93.99,2018
2017-10-04,NL,123.9504,94.03,2018
2017-10-05,NL,125.8164,95.45,2018
2017-10-06,NL,125.8015,95.44,2018
2017-10-07,NL,125.8619,95.48,2018
2017-10-08,NL,125.9566,95.55,2018
2017-10-09,NL,125.9876,95.58,2018
2017-10-10,NL,125.9886,95.58,2018
2017-10-11,NL,125.995,95.58,2018
2017-10-12,NL,126.1075,95.67,2018
2017-10-13,NL,126.1535,95.7,2018
2017-10-14,NL,126.3047,95.82,2018
2017-10-15,NL,126.4966,95.96,2018
2017-10-16,NL,126.6564,96.08,2018
2017-10-17,NL,126.7929,96.19,2018
2017-10-18,NL,126.826,96.21,2018
2017-10-19,NL,126.9253,96.29,2018
2017-10-20,NL,126.9858,96.33,2018
2017-10-21,NL,127.0941,96.42,2018
2017-10-22,NL,127.1698,96.47,2018
2017-10-23,NL,127.0102,96.35,2018
2017-10-24,NL,126.9991,96.34,2018
2017-10-25,NL,127.0706,96.4,2018
2017-10-26,NL,126.9641,96.32,2018
2017-10-27,NL,126.9176,96.28,2018
2017-10-28,NL,126.8932,96.26,2018
2017-10-29,NL,126.8921,96.26,2018
2017-10-30,NL,126.5993,96.04,2018
2017-10-31,NL,126.3131,95.82,2018
2017-11-01,NL,126.3731,95.83,2018
2017-11-02,NL,126.3169,95.79,2018
2017-11-03,NL,126.3499,95.82,2018
2017-11-04,NL,126.4151,95.87,2018
2017-11-05,NL,126.4959,95.93,2018
2017-11-06,NL,126.1756,95.68,2018
2017-11-07,NL,125.7498,95.36,2018
2017-11-08,NL,125.1709,94.92,2018
2017-11-09,NL,124.7857,94.63,2018
2017-11-10,NL,124.4539,94.38,2018
2017-11-11,NL,124.1255,94.13,2018
2017-11-12,NL,123.7076,93.81,2018
2017-11-13,NL,123.0279,93.3,2018
2017-11-14,NL,122.2728,92.73,2018
2017-11-15,NL,121.4231,92.08,2018
2017-11-16,NL,120.8165,91.62,2018
2017-11-17,NL,120.1908,91.15,2018
2017-11-18,NL,119.7549,90.82,2018
2017-11-19,NL,119.2895,90.46,2018
2017-11-20,NL,118.4302,89.81,2018
2017-11-21,NL,117.8362,89.36,2018
2017-11-22,NL,117.4568,89.07,2018
2017-11-23,NL,116.9124,88.66,2018
2017-11-24,NL,116.2535,88.16,2018
2017-11-25,NL,115.7526,87.78,2018
2017-11-26,NL,115.2562,87.4,2018
2017-11-27,NL,114.3561,86.72,2018
2017-11-28,NL,113.5763,86.13,2018
2017-11-29,NL,112.5733,85.37,2018
2017-11-30,NL,111.6507,84.67,2018
2017-12-01,NL,110.527,83.82,2018
2017-12-02,NL,109.5264,83.06,2018
2017-12-03,NL,108.7188,82.45,2018
2017-12-04,NL,107.6925,81.67,2018
2017-12-05,NL,106.8223,81.01,2018
2017-12-06,NL,106.021,80.4,2018
2017-12-07,NL,104.981,79.61,2018
2017-12-08,NL,103.7352,78.67,2018
2017-12-09,NL,102.7438,77.92,2018
2017-12-10,NL,101.7287,77.15,2018
2017-12-11,NL,100.4265,76.16,2018
2017-12-12,NL,99.0592,75.12,2018
2017-12-13,NL,97.6695,74.07,2018
2017-12-14,NL,96.688,73.32,2018
2017-12-15,NL,95.6098,72.51,2018
2017-12-16,NL,94.8171,71.9,2018
2017-12-17,NL,94.1032,71.36,2018
2017-12-18,NL,92.8886,70.44,2018
2017-12-19,NL,91.7499,69.58,2018
2017-12-20,NL,90.7791,68.84,2018
2017-12-21,NL,89.9624,68.22,2018
2017-12-22,NL,89.3056,67.72,2018
2017-12-23,NL,88.9831,67.48,2018
2017-12-24,NL,88.7537,67.31,2018
2017-12-25,NL,88.4143,67.05,2018
2017-12-26,NL,87.8311,66.61,2018
2017-12-27,NL,87.0743,66.03,2018
2017-12-28,NL,86.2717,65.42,2018
2017-12-29,NL,85.2779,64.67,2018
2017-12-30,NL,84.9053,64.39,2018
2017-12-31,NL,84.9092,64.39,2018
2018-01-01,NL,84.4691,64.06,2018
2018-01-02,NL,83.9799,63.69,2018
2018-01-03,NL,83.4758,63.3,2018
2018-01-04,NL,83.0175,62.96,2018
2018-01-05,NL,82.3907,62.48,2018
2018-01-06,NL,81.792,62.03,2018
2018-01-07,NL,80.8987,61.35,2018
2018-01-08,NL,79.7123,60.45,2018
2018-01-09,NL,78.4039,59.46,2018
2018-01-10,NL,77.3655,58.67,2018
2018-01-11,NL,76.4527,57.98,2018
2018-01-12,NL,75.4652,57.23,2018
2018-01-13,NL,74.7047,56.65,2018
2018-01-14,NL,73.8849,56.03,2018
2018-01-15,NL,72.9108,55.29,2018
2018-01-16,NL,71.932,54.55,2018
2018-01-17,NL,70.7999,53.69,2018
2018-01-18,NL,69.7068,52.86,2018
2018-01-19,NL,68.6229,52.04,2018
2018-01-20,NL,67.4839,51.18,2018
2018-01-21,NL,66.5213,50.45,2018
2018-01-22,NL,65.5245,49.69,2018
2018-01-23,NL,64.8471,49.18,2018
2018-01-24,NL,64.3726,48.82,2018
2018-01-25,NL,63.6172,48.24,2018
2018-01-26,NL,62.6212,47.49,2018
2018-01-27,NL,62.1126,47.1,2018
2018-01-28,NL,61.8547,46.91,2018
2018-01-29,NL,61.26,46.46,2018
2018-01-30,NL,60.3691,45.78,2018
2018-01-31,NL,59.4051,45.05,2018
2018-02-01,NL,58.3459,44.25,2018
2018-02-02,NL,57.2565,43.42,2018
2018-02-03,NL,56.3323,42.72,2018
2018-02-04,NL,55.2645,41.91,2018
2018-02-05,NL,53.8663,40.85,2018
2018-02-06,NL,52.5842,39.88,2018
2018-02-07,NL,51.1643,38.8,2018
2018-02-08,NL,49.9125,37.85,2018
2018-02-09,NL,48.5337,36.81,2018
2018-02-10,NL,47.4351,35.97,2018
2018-02-11,NL,46.3941,35.18,2018
2018-02-12,NL,45.0771,34.18,2018
2018-02-13,NL,43.8012,33.22,2018
2018-02-14,NL,42.6068,32.31,2018
2018-02-15,NL,41.3769,31.38,2018
2018-02-16,NL,40.2872,30.55,2018
2018-02-17,NL,39.2619,29.77,2018
2018-02-18,NL,38.1933,28.96,2018
2018-02-19,NL,36.8844,27.97,2018
2018-02-20,NL,35.7598,27.12,2018
2018-02-21,NL,34.5244,26.18,2018
2018-02-22,NL,33.4798,25.39,2018
2018-02-23,NL,32.5132,24.66,2018
2018-02-24,NL,31.4396,23.84,2018
2018-02-25,NL,30.3659,23.03,2018
2018-02-26,NL,28.8346,21.87,2018
2018-02-27,NL,27.3922,20.77,2018
2018-02-28,NL,25.5873,19.4,2018
2018-03-01,NL,24.0811,18.26,2018
2018-03-02,NL,22.8296,17.31,2018
2018-03-03,NL,21.0333,15.95,2018
2018-03-04,NL,20.2464,15.35,2018
2018-03-05,NL,19.6764,14.92,2018
2018-03-06,NL,19.2136,14.57,2018
2018-03-07,NL,18.6194,14.12,2018
2018-03-08,NL,18.0179,13.66,2018
2018-03-09,NL,17.4241,13.21,2018
2018-03-10,NL,17.1781,13.03,2018
2018-03-11,NL,17.0241,12.91,2018
2018-03-12,NL,16.6524,12.63,2018
2018-03-13,NL,15.9508,12.1,2018
2018-03-14,NL,15.7189,11.92,2018
2018-03-15,NL,15.289,11.59,2018
2018-03-16,NL,14.9871,11.37,2018
2018-03-17,NL,14.2778,10.83,2018
2018-03-18,NL,13.4904,10.23,2018
2018-03-19,NL,12.7101,9.64,2018
2018-03-20,NL,12.1843,9.24,2018
2018-03-21,NL,11.5617,8.77,2018
2018-03-22,NL,11.0807,8.4,2018
2018-03-23,NL,10.6108,8.05,2018
2018-03-24,NL,10.3847,7.88,2018
2018-03-25,NL,10.319,7.83,2018
2018-03-26,NL,9.9974,7.58,2018
2018-03-27,NL,9.4649,7.18,2018
2018-03-28,NL,8.963,6.8,2018
2018-03-29,NL,8.5032,6.45,2018
2018-03-30,NL,8.1674,6.19,2018
2018-03-31,NL,8.378,6.36,2018
2018-04-01,NL,8.2891,6.29,2018
2018-04-02,NL,8.4052,6.38,2018
2018-04-03,NL,8.5332,6.47,2018
2018-04-04,NL,8.7681,6.65,2018
2018-04-05,NL,8.6263,6.54,2018
2018-04-06,NL,8.8497,6.71,2018
2018-04-07,NL,9.4145,7.14,2018
2018-04-08,NL,10.0504,7.62,2018
2018-04-09,NL,10.5909,8.03,2018
2018-04-10,NL,10.9733,8.32,2018
2018-04-11,NL,11.2682,8.55,2018
2018-04-12,NL,11.2441,8.53,2018
2018-04-13,NL,11.6132,8.81,2018
2018-04-14,NL,12.2552,9.3,2018
2018-04-15,NL,13.6081,10.32,2018
2018-04-16,NL,14.1798,10.76,2018
2018-04-17,NL,14.9353,11.33,2018
2018-04-18,NL,15.7062,11.92,2018
2018-04-19,NL,16.4145,12.45,2018
2018-04-20,NL,17.0819,12.96,2018
2018-04-21,NL,17.9678,13.63,2018
2018-04-22,NL,18.9159,14.35,2018
2018-04-23,NL,19.7264,14.96,2018
2018-04-24,NL,20.2328,15.35,2018
2018-04-25,NL,20.5927,15.62,2018
2018-04-26,NL,21.2292,16.11,2018
2018-04-27,NL,21.8111,16.55,2018
2018-04-28,NL,22.4616,17.04,2018
2018-04-29,NL,23.1172,17.54,2018
2018-04-30,NL,23.6078,17.91,2018
2018-05-01,NL,24.1116,18.29,2018
2018-05-02,NL,24.5744,18.64,2018
2018-05-03,NL,24.6539,19.43,2018
2018-05-04,NL,25.5853,19.41,2018
2018-05-05,NL,26.2634,19.92,2018
2018-05-06,NL,26.5715,20.16,2018
2018-05-07,NL,27.5262,20.88,2018
2018-05-08,NL,28.1795,21.38,2018
2018-05-09,NL,28.7293,21.79,2018
2018-05-10,NL,29.2805,22.21,2018
2018-05-11,NL,29.879,22.67,2018
2018-05-12,NL,30.4668,23.11,2018
2018-05-13,NL,31.0151,23.53,2018
2018-05-14,NL,31.4904,23.89,2018
2018-05-15,NL,32.0963,24.35,2018
2018-05-16,NL,32.7184,24.82,2018
2018-05-17,NL,33.3324,25.29,2018
2018-05-18,NL,33.7655,25.62,2018
2018-05-19,NL,34.2626,25.99,2018
2018-05-20,NL,34.9048,26.48,2018
2018-05-21,NL,35.5651,26.98,2018
2018-05-22,NL,36.1824,27.45,2018
2018-05-23,NL,36.6807,27.83,2018
2018-05-24,NL,37.0567,28.11,2018
2018-05-25,NL,37.7742,28.66,2018
2018-05-26,NL,38.4365,29.16,2018
2018-05-27,NL,39.1503,29.7,2018
2018-05-28,NL,39.7931,30.19,2018
2018-05-29,NL,39.9348,30.28,2018
2018-05-30,NL,40.4421,30.67,2018
2018-05-31,NL,40.7086,30.87,2018
2018-06-01,NL,40.8682,30.99,2018
2018-06-02,NL,41.6339,31.57,2018
2018-06-03,NL,42.4329,32.18,2018
2018-06-04,NL,43.0127,32.62,2018
2018-06-05,NL,43.4898,32.98,2018
2018-06-06,NL,44.0159,33.38,2018
2018-06-07,NL,44.5609,33.79,2018
2018-06-08,NL,45.1869,34.27,2018
2018-06-09,NL,45.9578,34.85,2018
2018-06-10,NL,46.7548,35.46,2018
2018-06-11,NL,47.3989,35.94,2018
2018-06-12,NL,47.895,36.32,2018
2018-06-13,NL,48.4413,36.74,2018
2018-06-14,NL,49.1073,37.24,2018
2018-06-15,NL,49.7749,37.75,2018
2018-06-16,NL,50.5382,38.33,2018
2018-06-17,NL,51.3344,38.93,2018
2018-06-18,NL,52.0293,39.46,2018
2018-06-19,NL,52.6026,39.89,2018
2018-06-20,NL,53.2358,40.37,2018
2018-06-21,NL,53.8404,40.83,2018
2018-06-22,NL,54.5784,41.39,2018
2018-06-23,NL,55.3858,42.0,2018
2018-06-24,NL,56.2,42.62,2018
2018-06-25,NL,56.8503,43.11,2018
2018-06-26,NL,57.5416,43.64,2018
2018-06-27,NL,57.947,43.94,2018
2018-06-28,NL,58.6968,44.51,2018
2018-06-29,NL,59.4576,45.09,2018
2018-06-30,NL,60.2579,45.7,2018
2018-07-01,NL,60.988,46.25,2018
2018-07-02,NL,61.6358,46.74,2018
2018-07-03,NL,62.4908,47.39,2018
2018-07-04,NL,63.259,47.97,2018
2018-07-05,NL,64.0082,48.54,2018
2018-07-06,NL,64.7333,49.09,2018
2018-07-07,NL,65.4475,49.63,2018
2018-07-08,NL,66.1993,50.2,2018
2018-07-09,NL,66.8268,50.68,2018
2018-07-10,NL,67.4304,51.14,2018
2018-07-11,NL,68.0585,51.61,2018
2018-07-12,NL,68.6262,52.04,2018
2018-07-13,NL,69.2803,52.54,2018
2018-07-14,NL,70.0375,53.11,2018
2018-07-15,NL,70.8459,53.73,2018
2018-07-16,NL,71.5226,54.24,2018
2018-07-17,NL,71.9882,54.59,2018
2018-07-18,NL,72.46,54.95,2018
2018-07-19,NL,72.9274,55.3,2018
2018-07-20,NL,73.3812,55.65,2018
2018-07-21,NL,73.9473,56.08,2018
2018-07-22,NL,74.5436,56.53,2018
2018-07-23,NL,75.0193,56.89,2018
2018-07-24,NL,75.4937,57.25,2018
2018-07-25,NL,75.9779,57.62,2018
2018-07-26,NL,76.472,57.99,2018
2018-07-27,NL,76.8742,58.3,2018
2018-07-28,NL,77.4206,58.71,2018
2018-07-29,NL,78.0052,59.15,2018
2018-07-30,NL,78.5183,59.54,2018
2018-07-31,NL,79.0708,59.96,2018
2018-08-01,NL,79.6164,60.38,2018
2018-08-02,NL,80.1692,60.8,2018
2018-08-03,NL,80.7744,61.25,2018
2018-08-04,NL,81.4358,61.76,2018
2018-08-05,NL,82.1239,62.28,2018
2018-08-06,NL,82.7195,62.73,2018
2018-08-07,NL,83.3949,63.24,2018
2018-08-08,NL,84.1269,63.8,2018
2018-08-09,NL,84.8129,64.32,2018
2018-08-10,NL,85.585,64.9,2018
2018-08-11,NL,86.3582,65.49,2018
2018-08-12,NL,87.1496,66.09,2018
2018-08-13,NL,87.8992,66.66,2018
2018-08-14,NL,88.6108,67.2,2018
2018-08-15,NL,89.3778,67.78,2018
2018-08-16,NL,90.1376,68.36,2018
2018-08-17,NL,90.9066,68.94,2018
2018-08-18,NL,91.6414,69.5,2018
2018-08-19,NL,92.3684,70.05,2018
2018-08-20,NL,93.0547,70.57,2018
2018-08-21,NL,93.7584,71.1,2018
2018-08-22,NL,94.4476,71.62,2018
2018-08-23,NL,95.1601,72.16,2018
2018-08-24,NL,95.8743,72.71,2018
2018-08-25,NL,96.5688,73.23,2018
2018-08-26,NL,97.2949,73.78,2018
2018-08-27,NL,98.0708,74.37,2018
2018-08-28,NL,98.7447,74.88,2018
2018-08-29,NL,99.4026,75.38,2018
2018-08-30,NL,100.079,75.89,2018
2018-08-31,NL,100.6883,76.36,2018
2018-09-01,NL,101.4351,76.92,2018
2018-09-02,NL,102.2169,77.52,2018
2018-09-03,NL,102.9291,78.06,2018
2018-09-04,NL,103.556,78.53,2018
2018-09-05,NL,104.2027,79.02,2018
2018-09-06,NL,104.8239,79.49,2018
2018-09-07,NL,105.4971,80.0,2018
2018-09-08,NL,106.2711,80.59,2018
2018-09-09,NL,107.0491,81.18,2018
2018-09-10,NL,107.7071,81.68,2018
2018-09-11,NL,108.398,82.2,2018
2018-09-12,NL,109.0545,82.7,2018
2018-09-13,NL,109.7455,83.23,2018
2018-09-14,NL,110.5354,83.82,2018
2018-09-15,NL,111.3726,84.46,2018
2018-09-16,NL,112.209,85.09,2018
2018-09-17,NL,113.0108,85.7,2018
2018-09-18,NL,113.5745,86.13,2018
2018-09-19,NL,114.1723,86.58,2018
2018-09-20,NL,114.7288,87.0,2018
2018-09-21,NL,115.2733,87.42,2018
2018-09-22,NL,115.8219,87.83,2018
2018-09-23,NL,116.3669,88.25,2018
2018-09-24,NL,116.7383,88.53,2018
2018-09-25,NL,117.0072,88.73,2018
2018-09-26,NL,117.7228,89.27,2018
2018-09-27,NL,118.2234,89.65,2018
2018-09-28,NL,118.6915,90.01,2018
2018-09-29,NL,119.2517,90.43,2018
2018-09-30,NL,119.7907,90.84,2018
2018-10-01,NL,119.9995,91.0,2019
2018-10-02,NL,120.242,91.19,2019
2018-10-03,NL,120.4679,91.36,2019
2018-10-04,NL,120.6882,91.52,2019
2018-10-05,NL,120.9902,91.75,2019
2018-10-06,NL,121.3307,92.01,2019
2018-10-07,NL,121.639,92.24,2019
2018-10-08,NL,121.8645,92.42,2019
2018-10-09,NL,121.9964,92.52,2019
2018-10-10,NL,122.2517,92.71,2019
2018-10-11,NL,122.551,92.94,2019
2018-10-12,NL,122.8666,93.18,2019
2018-10-13,NL,123.1526,93.39,2019
2018-10-14,NL,123.4459,93.61,2019
2018-10-15,NL,123.6509,93.77,2019
2018-10-16,NL,123.8397,93.91,2019
2018-10-17,NL,124.036,94.06,2019
2018-10-18,NL,124.2429,94.22,2019
2018-10-19,NL,124.3754,94.32,2019
2018-10-20,NL,124.6535,94.53,2019
2018-10-21,NL,124.9296,94.74,2019
2018-10-22,NL,125.1283,94.89,2019
2018-10-23,NL,125.2796,95.01,2019
2018-10-24,NL,125.4485,95.13,2019
2018-10-25,NL,125.4955,95.17,2019
2018-10-26,NL,125.4964,95.17,2019
2018-10-27,NL,125.5183,95.19,2019
2018-10-28,NL,125.4877,95.16,2019
2018-10-29,NL,125.1559,94.91,2019
2018-10-30,NL,126.7365,96.11,2019
2018-10-31,NL,126.491,95.92,2019
2018-11-01,NL,126.4177,95.87,2019
2018-11-02,NL,126.2724,95.76,2019
2018-11-03,NL,126.2426,95.74,2019
2018-11-04,NL,126.2549,95.74,2019
2018-11-05,NL,126.1797,95.69,2019
2018-11-06,NL,126.2279,95.72,2019
2018-11-07,NL,126.2669,95.75,2019
2018-11-08,NL,126.1689,95.68,2019
2018-11-09,NL,126.1923,95.7,2019
2018-11-10,NL,126.2977,95.78,2019
2018-11-11,NL,126.4193,95.87,2019
2018-11-12,NL,126.4953,95.93,2019
2018-11-13,NL,126.4832,95.92,2019
2018-11-14,NL,126.4593,95.9,2019
2018-11-15,NL,126.3484,95.82,2019
2018-11-16,NL,126.1196,95.64,2019
2018-11-17,NL,125.7322,95.35,2019
2018-11-18,NL,125.3846,95.08,2019
2018-11-19,NL,124.9326,94.74,2019
2018-11-20,NL,123.9771,94.02,2019
2018-11-21,NL,123.2307,93.45,2019
2018-11-22,NL,122.4474,92.86,2019
2018-11-23,NL,121.6599,92.26,2019
2018-11-24,NL,120.9621,91.73,2019
2018-11-25,NL,120.357,91.27,2019
2018-11-26,NL,114.7018,90.41,2019
2018-11-27,NL,118.9471,90.2,2019
2018-11-28,NL,118.4968,89.86,2019
2018-11-29,NL,118.3591,89.76,2019
2018-11-30,NL,118.3089,89.72,2019
2018-12-01,NL,118.2227,89.65,2019
2018-12-02,NL,118.32,89.73,2019
2018-12-03,NL,118.3431,89.75,2019
2018-12-04,NL,117.9524,89.45,2019
2018-12-05,NL,117.5876,89.17,2019
2018-12-06,NL,112.5808,85.38,2019
2018-12-07,NL,117.4976,89.1,2019
2018-12-08,NL,117.4183,89.04,2019
2018-12-09,NL,117.3636,89.0,2019
2018-12-10,NL,116.8439,88.61,2019
2018-12-11,NL,116.1084,88.05,2019
2018-12-12,NL,110.3417,86.98,2019
2018-12-13,NL,114.2472,86.64,2019
2018-12-14,NL,113.1323,85.79,2019
2018-12-15,NL,112.191,85.08,2019
2018-12-16,NL,111.284,84.39,2019
2018-12-17,NL,110.3596,83.69,2019
2018-12-18,NL,109.6212,83.13,2019
2018-12-19,NL,109.1724,82.79,2019
2018-12-20,NL,108.6794,82.42,2019
2018-12-21,NL,108.4905,82.27,2019
2018-12-22,NL,108.3141,82.14,2019
2018-12-23,NL,108.1667,82.03,2019
2018-12-24,NL,108.0555,81.94,2019
2018-12-25,NL,107.7924,81.74,2019
2018-12-26,NL,107.4683,81.5,2019
2018-12-27,NL,106.9413,81.1,2019
2018-12-28,NL,106.6413,80.87,2019
2018-12-29,NL,106.708,80.92,2019
2018-12-30,NL,106.8201,81.01,2019
2018-12-31,NL,106.8983,81.07,2019
2019-01-01,NL,106.8354,81.02,2019
2019-01-02,NL,106.3195,80.63,2019
2019-01-03,NL,105.8502,80.27,2019
2019-01-04,NL,105.1958,79.77,2019
2019-01-05,NL,104.8727,79.53,2019
2019-01-06,NL,104.5306,79.27,2019
2019-01-07,NL,103.8902,78.78,2019
2019-01-08,NL,103.5352,78.52,2019
2019-01-09,NL,102.8721,78.01,2019
2019-01-10,NL,102.0573,77.39,2019
2019-01-11,NL,101.6396,77.08,2019
2019-01-12,NL,101.4346,76.92,2019
2019-01-13,NL,101.3058,76.82,2019
2019-01-14,NL,95.6136,75.37,2019
2019-01-15,NL,100.0922,75.9,2019
2019-01-16,NL,99.0336,75.1,2019
2019-01-17,NL,97.779,74.15,2019
2019-01-18,NL,96.4547,73.15,2019
2019-01-19,NL,95.0991,72.12,2019
2019-01-20,NL,93.7161,71.07,2019
2019-01-21,NL,92.225,69.94,2019
2019-01-22,NL,90.7782,68.84,2019
2019-01-23,NL,84.7403,66.8,2019
2019-01-24,NL,87.7172,66.52,2019
2019-01-25,NL,86.3487,65.48,2019
2019-01-26,NL,85.6851,64.98,2019
2019-01-27,NL,84.9887,64.45,2019
2019-01-28,NL,83.9289,63.65,2019
2019-01-29,NL,82.592,62.63,2019
2019-01-30,NL,81.2041,61.58,2019
2019-01-31,NL,79.7012,60.44,2019
2019-02-01,NL,78.3755,59.44,2019
2019-02-02,NL,77.1392,58.5,2019
2019-02-03,NL,75.9289,57.58,2019
2019-02-04,NL,74.6918,56.64,2019
2019-02-05,NL,73.9052,56.05,2019
2019-02-06,NL,68.5378,54.02,2019
2019-02-07,NL,71.8324,54.47,2019
2019-02-08,NL,71.1167,53.93,2019
2019-02-09,NL,70.6218,53.56,2019
2019-02-10,NL,70.0746,53.14,2019
2019-02-11,NL,69.1242,52.42,2019
2019-02-12,NL,68.594,52.02,2019
2019-02-13,NL,67.8746,51.47,2019
2019-02-14,NL,67.3992,51.11,2019
2019-02-15,NL,66.9933,50.8,2019
2019-02-16,NL,66.9023,50.74,2019
2019-02-17,NL,62.8187,47.64,2019
2019-02-18,NL,66.7771,50.64,2019
2019-02-19,NL,66.677,50.56,2019
2019-02-20,NL,66.4552,50.4,2019
2019-02-21,NL,62.1831,49.01,2019
2019-02-22,NL,66.2286,50.22,2019
2019-02-23,NL,66.158,50.17,2019
2019-02-24,NL,66.1248,50.15,2019
2019-02-25,NL,66.0272,50.07,2019
2019-02-26,NL,65.9751,50.03,2019
2019-02-27,NL,65.8671,49.95,2019
2019-02-28,NL,65.8053,49.9,2019
2019-03-01,NL,65.7213,49.84,2019
2019-03-02,NL,65.8299,49.92,2019
2019-03-03,NL,65.9738,50.03,2019
2019-03-04,NL,66.0816,50.11,2019
2019-03-05,NL,66.2192,50.22,2019
2019-03-06,NL,66.4367,50.38,2019
2019-03-07,NL,66.1401,50.16,2019
2019-03-08,NL,66.0786,50.11,2019
2019-03-09,NL,66.2385,50.23,2019
2019-03-10,NL,66.2977,50.28,2019
2019-03-11,NL,65.9262,49.99,2019
2019-03-12,NL,65.6456,49.78,2019
2019-03-13,NL,65.3901,49.59,2019
2019-03-14,NL,65.1469,49.4,2019
2019-03-15,NL,64.9935,49.29,2019
2019-03-16,NL,64.9958,49.29,2019
2019-03-17,NL,64.9714,49.27,2019
2019-03-18,NL,64.6496,49.03,2019
2019-03-19,NL,64.3827,48.82,2019
2019-03-20,NL,64.2056,48.69,2019
2019-03-21,NL,64.1254,48.63,2019
2019-03-22,NL,64.2771,48.74,2019
2019-03-23,NL,64.2867,48.75,2019
2019-03-24,NL,64.2883,48.75,2019
2019-03-25,NL,64.054,48.58,2019
2019-03-26,NL,63.7909,48.38,2019
2019-03-27,NL,63.7204,48.32,2019
2019-03-28,NL,63.7422,48.34,2019
2019-03-29,NL,63.9599,48.5,2019
2019-03-30,NL,64.257,48.73,2019
2019-03-31,NL,64.5901,48.98,2019
2019-04-01,NL,65.0353,49.38,2019
2019-04-02,NL,65.1743,49.48,2019
2019-04-03,NL,65.0057,49.36,2019
2019-04-04,NL,64.7399,49.15,2019
2019-04-05,NL,64.5704,49.03,2019
2019-04-06,NL,64.6762,49.11,2019
2019-04-07,NL,64.9547,49.32,2019
2019-04-08,NL,65.047,49.39,2019
2019-04-09,NL,65.2076,49.51,2019
2019-04-10,NL,65.0933,49.42,2019
2019-04-11,NL,64.8524,49.24,2019
2019-04-12,NL,64.2764,48.8,2019
2019-04-13,NL,64.0174,48.61,2019
2019-04-14,NL,63.9057,48.52,2019
2019-04-15,NL,63.9187,48.53,2019
2019-04-16,NL,63.7665,48.42,2019
2019-04-17,NL,63.8625,48.49,2019
2019-04-18,NL,64.3827,48.88,2019
2019-04-19,NL,64.9896,49.34,2019
2019-04-20,NL,65.6183,49.82,2019
2019-04-21,NL,66.2572,50.31,2019
2019-04-22,NL,66.8692,50.77,2019
2019-04-23,NL,67.3833,51.16,2019
2019-04-24,NL,68.0182,51.64,2019
2019-04-25,NL,68.42,51.95,2019
2019-04-26,NL,68.7898,52.23,2019
2019-04-27,NL,69.3591,52.66,2019
2019-04-28,NL,69.8463,53.03,2019
2019-04-29,NL,70.1592,53.27,2019
2019-04-30,NL,70.5009,53.53,2019
2019-05-01,NL,70.9964,53.9,2019
2019-05-02,NL,71.4829,54.27,2019
2019-05-03,NL,71.7706,54.49,2019
2019-05-04,NL,72.1106,54.75,2019
2019-05-05,NL,72.417,54.98,2019
2019-05-06,NL,72.4286,54.99,2019
2019-05-07,NL,72.5647,55.1,2019
2019-05-08,NL,72.8597,55.32,2019
2019-05-09,NL,73.2936,55.65,2019
2019-05-10,NL,73.5823,55.87,2019
2019-05-11,NL,74.022,56.2,2019
2019-05-12,NL,74.4582,56.53,2019
2019-05-13,NL,74.8329,56.82,2019
2019-05-14,NL,75.1716,57.07,2019
2019-05-15,NL,75.4727,57.3,2019
2019-05-16,NL,75.7509,57.51,2019
2019-05-17,NL,76.0423,57.74,2019
2019-05-18,NL,76.6444,58.19,2019
2019-05-19,NL,77.2417,58.65,2019
2019-05-20,NL,77.6779,58.98,2019
2019-05-21,NL,78.0568,59.27,2019
2019-05-22,NL,78.5492,59.64,2019
2019-05-23,NL,79.0138,59.99,2019
2019-05-24,NL,79.6357,60.46,2019
2019-05-25,NL,80.3197,60.98,2019
2019-05-26,NL,81.4943,61.87,2019
2019-05-27,NL,81.6085,61.96,2019
2019-05-28,NL,81.7617,62.08,2019
2019-05-29,NL,82.3647,62.54,2019
2019-05-30,NL,83.0518,63.06,2019
2019-05-31,NL,83.7073,63.56,2019
2019-06-01,NL,84.4434,64.11,2019
2019-06-02,NL,85.1098,64.62,2019
2019-06-03,NL,85.8515,65.18,2019
2019-06-04,NL,86.5281,65.7,2019
2019-06-05,NL,87.1572,66.17,2019
2019-06-06,NL,87.7871,66.65,2019
2019-06-07,NL,88.3651,67.09,2019
2019-06-08,NL,88.9199,67.51,2019
2019-06-09,NL,89.4886,67.94,2019
2019-06-10,NL,90.0791,68.39,2019
2019-06-11,NL,90.6416,68.82,2019
2019-06-12,NL,91.1877,69.23,2019
2019-06-13,NL,91.7323,69.65,2019
2019-06-14,NL,92.3307,70.1,2019
2019-06-15,NL,93.0011,70.61,2019
2019-06-16,NL,93.6287,71.09,2019
2019-06-17,NL,94.2154,71.53,2019
2019-06-18,NL,94.6227,71.84,2019
2019-06-19,NL,95.1248,72.22,2019
2019-06-20,NL,95.5663,72.56,2019
2019-06-21,NL,95.9905,72.88,2019
2019-06-22,NL,96.6084,73.35,2019
2019-06-23,NL,97.3014,73.88,2019
2019-06-24,NL,97.7355,74.21,2019
2019-06-25,NL,98.4216,74.73,2019
2019-06-26,NL,99.0668,75.22,2019
2019-06-27,NL,99.5673,75.6,2019
2019-06-28,NL,100.2005,76.08,2019
2019-06-29,NL,100.7385,76.49,2019
2019-06-30,NL,101.42,77.0,2019
2019-07-01,NL,101.8841,77.36,2019
2019-07-02,NL,102.3358,77.7,2019
2019-07-03,NL,102.7684,78.03,2019
2019-07-04,NL,103.3016,78.43,2019
2019-07-05,NL,103.7898,78.8,2019
2019-07-06,NL,104.2778,79.17,2019
2019-07-07,NL,104.9222,79.66,2019
2019-07-08,NL,105.2384,79.9,2019
2019-07-09,NL,105.5206,80.12,2019
2019-07-10,NL,105.9788,80.46,2019
2019-07-11,NL,106.5182,80.87,2019
2019-07-12,NL,107.0142,81.25,2019
2019-07-13,NL,107.6131,81.71,2019
2019-07-14,NL,108.2452,82.19,2019
2019-07-15,NL,108.5846,82.44,2019
2019-07-16,NL,108.8994,82.68,2019
2019-07-17,NL,109.2067,82.92,2019
2019-07-18,NL,109.4774,83.12,2019
2019-07-19,NL,109.7823,83.35,2019
2019-07-20,NL,110.1511,83.63,2019
2019-07-21,NL,110.5512,83.94,2019
2019-07-22,NL,110.8707,84.18,2019
2019-07-23,NL,111.1985,84.43,2019
2019-07-24,NL,111.4991,84.66,2019
2019-07-25,NL,111.8213,84.9,2019
2019-07-26,NL,112.1499,85.15,2019
2019-07-27,NL,112.5398,85.45,2019
2019-07-28,NL,112.9491,85.76,2019
2019-07-29,NL,113.2314,85.97,2019
2019-07-30,NL,113.4694,86.15,2019
2019-07-31,NL,113.6971,86.33,2019
2019-08-01,NL,114.0558,86.6,2019
2019-08-02,NL,114.4247,86.88,2019
2019-08-03,NL,114.9157,87.25,2019
2019-08-04,NL,115.457,87.66,2019
2019-08-05,NL,115.8465,87.96,2019
2019-08-06,NL,116.151,88.19,2019
2019-08-07,NL,116.5142,88.46,2019
2019-08-08,NL,116.912,88.77,2019
2019-08-09,NL,117.273,89.04,2019
2019-08-10,NL,117.8333,89.47,2019
2019-08-11,NL,118.3836,89.88,2019
2019-08-12,NL,118.7224,90.14,2019
2019-08-13,NL,118.8052,90.2,2019
2019-08-14,NL,119.2098,90.51,2019
2019-08-15,NL,119.6908,90.88,2019
2019-08-16,NL,120.0987,91.19,2019
2019-08-17,NL,120.5334,91.52,2019
2019-08-18,NL,120.6511,91.6,2019
2019-08-19,NL,121.6257,92.34,2019
2019-08-20,NL,122.095,92.7,2019
2019-08-21,NL,122.4886,93.0,2019
2019-08-22,NL,122.934,93.34,2019
2019-08-23,NL,123.3139,93.63,2019
2019-08-24,NL,123.777,93.98,2019
2019-08-25,NL,124.3088,94.38,2019
2019-08-26,NL,124.5095,94.48,2019
2019-08-27,NL,124.551,94.57,2019
2019-08-28,NL,124.5647,94.58,2019
2019-08-29,NL,124.8435,94.79,2019
2019-08-30,NL,125.0693,94.96,2019
2019-08-31,NL,125.2255,95.08,2019
2019-09-01,NL,125.6313,95.39,2019
2019-09-02,NL,125.8915,95.58,2019
2019-09-03,NL,126.095,95.74,2019
2019-09-04,NL,126.269,95.87,2019
2019-09-05,NL,126.459,96.01,2019
2019-09-06,NL,126.5589,96.09,2019
2019-09-07,NL,126.7805,96.26,2019
2019-09-08,NL,127.0088,96.43,2019
2019-09-09,NL,127.1263,96.52,2019
2019-09-10,NL,127.281,96.64,2019
2019-09-11,NL,127.4329,96.75,2019
2019-09-12,NL,127.7013,96.96,2019
2019-09-13,NL,127.9452,97.14,2019
2019-09-14,NL,128.2213,97.35,2019
2019-09-15,NL,128.5293,97.59,2019
2019-09-16,NL,128.7403,97.75,2019
2019-09-17,NL,128.9616,97.91,2019
2019-09-18,NL,129.1457,98.05,2019
2019-09-19,NL,129.0986,98.02,2019
2019-09-20,NL,129.0503,97.98,2019
2019-09-21,NL,129.2887,98.16,2019
2019-09-22,NL,129.6346,98.43,2019
2019-09-23,NL,129.7634,98.52,2019
2019-09-24,NL,129.9519,98.67,2019
2019-09-25,NL,130.1395,98.81,2019
2019-09-26,NL,130.3105,98.94,2019
2019-09-27,NL,130.5761,99.14,2019
2019-09-28,NL,130.8895,99.38,2019
2019-09-29,NL,131.3106,99.7,2019
2019-09-30,NL,131.394,99.76,2019
2019-10-01,NL,131.4004,99.77,2020
2019-10-02,NL,131.1862,99.6,2020
2019-10-03,NL,130.791,99.3,2020
2019-10-04,NL,130.4113,99.02,2020
2019-10-05,NL,130.3898,99.0,2020
2019-10-06,NL,130.324,98.95,2020
2019-10-07,NL,130.0715,98.76,2020
2019-10-08,NL,129.9854,98.69,2020
2019-10-09,NL,129.7445,98.51,2020
2019-10-10,NL,135.819,95.9,2020
2019-10-11,NL,135.7122,95.78,2020
2019-10-12,NL,135.8335,95.86,2020
2019-10-13,NL,136.1361,96.08,2020
2019-10-14,NL,136.0665,96.03,2020
2019-10-15,NL,136.0492,96.01,2020
2019-10-16,NL,136.0373,96.01,2020
2019-10-17,NL,136.0492,96.01,2020
2019-10-18,NL,136.0497,96.01,2020
2019-10-19,NL,136.1041,96.05,2020
2019-10-20,NL,136.2188,96.13,2020
2019-10-21,NL,136.212,96.13,2020
2019-10-22,NL,136.1752,96.1,2020
2019-10-23,NL,136.1565,96.09,2020
2019-10-24,NL,136.157,96.09,2020
2019-10-25,NL,136.1843,96.11,2020
2019-10-26,NL,136.3106,96.2,2020
2019-10-27,NL,136.3412,96.22,2020
2019-10-28,NL,136.1949,96.12,2020
2019-10-29,NL,135.7911,95.83,2020
2019-10-30,NL,135.3016,95.49,2020
2019-10-31,NL,134.8707,95.18,2020
2019-11-01,NL,134.6527,95.03,2020
2019-11-02,NL,134.8307,95.15,2020
2019-11-03,NL,134.9553,95.24,2020
2019-11-04,NL,135.0247,95.29,2020
2019-11-05,NL,135.0111,95.28,2020
2019-11-06,NL,135.0109,95.28,2020
2019-11-07,NL,134.8873,95.19,2020
2019-11-08,NL,134.4723,94.9,2020
2019-11-09,NL,134.1629,94.68,2020
2019-11-10,NL,133.828,94.45,2020
2019-11-11,NL,133.2379,94.03,2020
2019-11-12,NL,132.6825,93.64,2020
2019-11-13,NL,132.0896,93.22,2020
2019-11-14,NL,131.439,92.76,2020
2019-11-15,NL,130.7386,92.27,2020
2019-11-16,NL,130.1478,91.85,2020
2019-11-17,NL,129.5948,91.46,2020
2019-11-18,NL,128.8408,90.93,2020
2019-11-19,NL,127.9615,90.31,2020
2019-11-20,NL,126.4319,89.23,2020
2019-11-21,NL,125.4914,88.56,2020
2019-11-22,NL,124.7841,88.06,2020
2019-11-23,NL,124.3577,87.76,2020
2019-11-24,NL,124.0143,87.52,2020
2019-11-25,NL,123.5943,87.22,2020
2019-11-26,NL,123.4443,87.12,2020
2019-11-27,NL,123.2178,86.96,2020
2019-11-28,NL,122.9546,86.77,2020
2019-11-29,NL,122.521,86.47,2020
2019-11-30,NL,121.9372,86.06,2020
2019-12-01,NL,121.275,85.59,2020
2019-12-02,NL,120.5319,85.06,2020
2019-12-03,NL,119.8978,84.62,2020
2019-12-04,NL,118.9851,83.97,2020
2019-12-05,NL,117.9052,83.21,2020
2019-12-06,NL,117.1538,82.68,2020
2019-12-07,NL,116.936,82.53,2020
2019-12-08,NL,116.8956,82.5,2020
2019-12-09,NL,116.4949,82.21,2020
2019-12-10,NL,115.787,81.71,2020
2019-12-11,NL,115.0799,81.22,2020
2019-12-12,NL,114.2511,80.63,2020
2019-12-13,NL,113.5459,80.13,2020
2019-12-14,NL,113.1063,79.82,2020
2019-12-15,NL,112.712,79.54,2020
2019-12-16,NL,112.2402,79.21,2020
2019-12-17,NL,111.9844,79.03,2020
2019-12-18,NL,111.6794,78.82,2020
2019-12-19,NL,111.6213,78.77,2020
2019-12-20,NL,111.5124,78.7,2020
2019-12-21,NL,111.4051,78.62,2020
2019-12-22,NL,111.2703,78.53,2020
2019-12-23,NL,111.1907,78.47,2020
2019-12-24,NL,111.1209,78.42,2020
2019-12-25,NL,111.0884,78.4,2020
2019-12-26,NL,110.8201,78.21,2020
2019-12-27,NL,110.34,77.87,2020
2019-12-28,NL,109.7407,77.45,2020
2019-12-29,NL,109.1461,77.03,2020
2019-12-30,NL,108.6416,76.67,2020
2019-12-31,NL,108.1931,76.36,2020
2020-01-01,NL,107.5916,75.93,2020
2020-01-02,NL,107.0025,75.52,2020
2020-01-03,NL,106.7433,75.33,2020
2020-01-04,NL,106.3456,75.05,2020
2020-01-05,NL,105.9116,74.75,2020
2020-01-06,NL,105.4333,74.41,2020
2020-01-07,NL,104.9037,74.03,2020
2020-01-08,NL,104.5008,73.75,2020
2020-01-09,NL,104.1191,73.48,2020
2020-01-10,NL,103.651,73.15,2020
2020-01-11,NL,103.1789,72.82,2020
2020-01-12,NL,102.6913,72.47,2020
2020-01-13,NL,102.1001,72.06,2020
2020-01-14,NL,101.6888,71.77,2020
2020-01-15,NL,101.2631,71.46,2020
2020-01-16,NL,100.8025,71.14,2020
2020-01-17,NL,100.3724,70.84,2020
2020-01-18,NL,99.8262,70.45,2020
2020-01-19,NL,99.1369,69.96,2020
2020-01-20,NL,98.3116,69.38,2020
2020-01-21,NL,97.5047,68.81,2020
2020-01-22,NL,96.6509,68.21,2020
2020-01-23,NL,95.9731,67.73,2020
2020-01-24,NL,95.077,67.1,2020
2020-01-25,NL,94.2892,66.54,2020
2020-01-26,NL,93.6416,66.09,2020
2020-01-27,NL,92.9648,65.61,2020
2020-01-28,NL,92.1551,65.04,2020
2020-01-29,NL,91.4158,64.52,2020
2020-01-30,NL,90.8937,64.15,2020
2020-01-31,NL,90.5472,63.9,2020
2020-02-01,NL,90.234,63.68,2020
2020-02-02,NL,89.8075,63.38,2020
2020-02-03,NL,89.2907,63.02,2020
2020-02-04,NL,88.6345,62.55,2020
2020-02-05,NL,87.9999,62.1,2020
2020-02-06,NL,87.4205,61.7,2020
2020-02-07,NL,86.8461,61.29,2020
2020-02-08,NL,86.2759,60.89,2020
2020-02-09,NL,85.8673,60.6,2020
2020-02-10,NL,85.4099,60.28,2020
2020-02-11,NL,84.6624,59.75,2020
2020-02-12,NL,83.8359,59.17,2020
2020-02-13,NL,83.0132,58.59,2020
2020-02-14,NL,82.446,58.18,2020
2020-02-15,NL,82.307,58.09,2020
2020-02-16,NL,82.2337,58.04,2020
2020-02-17,NL,81.9532,57.84,2020
2020-02-18,NL,81.5433,57.55,2020
2020-02-19,NL,80.8716,57.07,2020
2020-02-20,NL,80.2622,56.64,2020
2020-02-21,NL,79.7764,56.3,2020
2020-02-22,NL,79.5725,56.16,2020
2020-02-23,NL,79.3487,56.0,2020
2020-02-24,NL,78.8874,55.67,2020
2020-02-25,NL,78.3865,55.32,2020
2020-02-26,NL,77.4975,54.69,2020
2020-02-27,NL,76.6707,54.11,2020
2020-02-28,NL,76.1802,53.76,2020
2020-02-29,NL,75.8854,53.55,2020
2020-03-01,NL,75.2512,53.11,2020
2020-03-02,NL,74.6347,52.67,2020
2020-03-03,NL,73.9096,52.16,2020
2020-03-04,NL,73.0664,51.57,2020
2020-03-05,NL,72.3602,51.07,2020
2020-03-06,NL,71.7763,50.65,2020
2020-03-07,NL,71.3576,50.36,2020
2020-03-08,NL,70.8747,50.02,2020
2020-03-09,NL,70.3095,49.77,2020
2020-03-10,NL,69.7266,49.36,2020
2020-03-11,NL,69.4414,49.16,2020
2020-03-12,NL,68.8736,48.76,2020
2020-03-13,NL,68.2135,48.29,2020
2020-03-14,NL,67.7171,47.94,2020
2020-03-15,NL,67.4017,47.71,2020
2020-03-16,NL,67.013,47.44,2020
2020-03-17,NL,66.7246,47.24,2020
2020-03-18,NL,66.4173,47.02,2020
2020-03-19,NL,66.1935,46.86,2020
2020-03-20,NL,65.8352,46.61,2020
2020-03-21,NL,65.56,46.41,2020
2020-03-22,NL,65.067,46.06,2020
2020-03-23,NL,64.6237,45.75,2020
2020-03-24,NL,64.2769,45.5,2020
2020-03-25,NL,64.0568,45.35,2020
2020-03-26,NL,63.9296,45.26,2020
2020-03-27,NL,63.8896,45.23,2020
2020-03-28,NL,63.9222,45.25,2020
2020-03-29,NL,63.7924,45.16,2020
2020-03-30,NL,62.9708,44.58,2020
2020-03-31,NL,62.5585,44.29,2020
2020-04-01,NL,62.2834,44.09,2020
2020-04-02,NL,62.255,44.07,2020
2020-04-03,NL,62.143,43.99,2020
2020-04-04,NL,62.2869,44.09,2020
2020-04-05,NL,62.542,44.27,2020
2020-04-06,NL,62.6746,44.37,2020
2020-04-07,NL,62.9346,44.55,2020
2020-04-08,NL,63.2712,44.79,2020
2020-04-09,NL,63.6473,45.06,2020
2020-04-10,NL,63.9577,45.28,2020
2020-04-11,NL,64.3383,45.55,2020
2020-04-12,NL,65.3019,46.23,2020
2020-04-13,NL,65.6803,46.5,2020
2020-04-14,NL,65.8421,46.61,2020
2020-04-15,NL,66.1609,46.84,2020
2020-04-16,NL,66.5474,47.11,2020
2020-04-17,NL,66.995,47.43,2020
2020-04-18,NL,67.5871,47.85,2020
2020-04-19,NL,68.1897,48.27,2020
2020-04-20,NL,68.7757,48.69,2020
2020-04-21,NL,69.4291,49.15,2020
2020-04-22,NL,70.054,49.59,2020
2020-04-23,NL,70.5722,49.96,2020
2020-04-24,NL,71.157,50.37,2020
2020-04-25,NL,71.7127,50.77,2020
2020-04-26,NL,72.2308,51.13,2020
2020-04-27,NL,72.7075,51.47,2020
2020-04-28,NL,73.0439,51.71,2020
2020-04-29,NL,73.5313,52.05,2020
2020-04-30,NL,74.1159,52.47,2020
2020-05-01,NL,74.6806,52.87,2020
2020-05-02,NL,75.2365,53.26,2020
2020-05-03,NL,75.7451,53.62,2020
2020-05-04,NL,76.2717,53.99,2020
2020-05-05,NL,76.7758,54.35,2020
2020-05-06,NL,77.3688,54.77,2020
2020-05-07,NL,77.9009,55.15,2020
2020-05-08,NL,78.4384,55.53,2020
2020-05-09,NL,79.1446,56.03,2020
2020-05-10,NL,79.9262,56.58,2020
2020-05-11,NL,80.6675,57.11,2020
2020-05-12,NL,81.0086,57.35,2020
2020-05-13,NL,81.5145,57.71,2020
2020-05-14,NL,82.0124,58.06,2020
2020-05-15,NL,82.5831,58.46,2020
2020-05-16,NL,83.1555,58.87,2020
2020-05-17,NL,83.7439,59.28,2020
2020-05-18,NL,84.2178,59.62,2020
2020-05-19,NL,84.6169,59.9,2020
2020-05-20,NL,84.9678,60.15,2020
2020-05-21,NL,85.4236,60.47,2020
2020-05-22,NL,85.9074,60.82,2020
2020-05-23,NL,86.3342,61.12,2020
2020-05-24,NL,86.7017,61.38,2020
2020-05-25,NL,86.9774,61.57,2020
2020-05-26,NL,87.2705,61.78,2020
2020-05-27,NL,87.6438,62.04,2020
2020-05-28,NL,88.0158,62.31,2020
2020-05-29,NL,88.387,62.57,2020
2020-05-30,NL,88.836,62.89,2020
2020-05-31,NL,89.2688,63.19,2020
2020-06-01,NL,89.773,63.55,2020
2020-06-02,NL,90.2718,63.9,2020
2020-06-03,NL,90.768,64.26,2020
2020-06-04,NL,91.2675,64.61,2020
2020-06-05,NL,91.8156,64.83,2020
2020-06-06,NL,92.3825,65.23,2020
2020-06-07,NL,92.9028,65.6,2020
2020-06-08,NL,93.316,65.89,2020
2020-06-09,NL,93.6525,66.13,2020
2020-06-10,NL,93.9154,66.31,2020
2020-06-11,NL,94.3058,66.59,2020
2020-06-12,NL,94.7147,66.88,2020
2020-06-13,NL,95.3435,67.32,2020
2020-06-14,NL,95.9481,67.75,2020
2020-06-15,NL,96.3714,68.05,2020
2020-06-16,NL,96.75,68.32,2020
2020-06-17,NL,97.1395,68.59,2020
2020-06-18,NL,97.5663,68.89,2020
2020-06-19,NL,97.9884,69.19,2020
2020-06-20,NL,98.5444,69.58,2020
2020-06-21,NL,99.1567,70.02,2020
2020-06-22,NL,99.5933,70.32,2020
2020-06-23,NL,100.0762,70.67,2020
2020-06-24,NL,100.563,71.01,2020
2020-06-25,NL,100.9439,71.28,2020
2020-06-26,NL,101.43,71.62,2020
2020-06-27,NL,101.9361,71.98,2020
2020-06-28,NL,102.5065,72.38,2020
2020-06-29,NL,102.959,72.7,2020
2020-06-30,NL,103.377,73.0,2020
2020-07-01,NL,103.6111,73.16,2020
2020-07-02,NL,103.9227,73.38,2020
2020-07-03,NL,104.3577,73.69,2020
2020-07-04,NL,104.9164,74.08,2020
2020-07-05,NL,105.4523,74.46,2020
2020-07-06,NL,105.6471,74.6,2020
2020-07-07,NL,105.6979,74.63,2020
2020-07-08,NL,105.8287,74.73,2020
2020-07-09,NL,105.9165,74.79,2020
2020-07-10,NL,106.0762,74.9,2020
2020-07-11,NL,106.4863,75.19,2020
2020-07-12,NL,106.9346,75.51,2020
2020-07-13,NL,107.3162,75.78,2020
2020-07-14,NL,107.2238,75.71,2020
2020-07-15,NL,107.0386,75.58,2020
2020-07-16,NL,107.0249,75.57,2020
2020-07-17,NL,107.0221,75.57,2020
2020-07-18,NL,107.1416,75.65,2020
2020-07-19,NL,107.2977,75.76,2020
2020-07-20,NL,107.4361,75.86,2020
2020-07-21,NL,107.6425,76.01,2020
2020-07-22,NL,107.823,76.14,2020
2020-07-23,NL,108.0832,76.32,2020
2020-07-24,NL,108.3742,76.52,2020
2020-07-25,NL,108.5946,76.68,2020
2020-07-26,NL,109.1758,77.09,2020
2020-07-27,NL,109.6622,77.43,2020
2020-07-28,NL,110.3279,77.9,2020
2020-07-29,NL,110.7867,78.23,2020
2020-07-30,NL,111.1241,78.47,2020
2020-07-31,NL,111.5223,78.75,2020
2020-08-01,NL,111.9227,79.03,2020
2020-08-02,NL,112.3091,79.3,2020
2020-08-03,NL,112.628,79.53,2020
2020-08-04,NL,112.9041,79.72,2020
2020-08-05,NL,113.246,79.96,2020
2020-08-06,NL,113.423,80.09,2020
2020-08-07,NL,113.6073,80.22,2020
2020-08-08,NL,113.8581,80.4,2020
2020-08-09,NL,114.3,80.71,2020
2020-08-10,NL,114.5743,80.9,2020
2020-08-11,NL,114.6053,80.92,2020
2020-08-12,NL,114.7794,81.05,2020
2020-08-13,NL,114.8633,81.11,2020
2020-08-14,NL,115.0691,81.25,2020
2020-08-15,NL,115.3319,81.44,2020
2020-08-16,NL,115.6927,81.69,2020
2020-08-17,NL,115.9809,81.9,2020
2020-08-18,NL,116.1932,82.05,2020
2020-08-19,NL,116.3737,82.17,2020
2020-08-20,NL,116.5746,82.31,2020
2020-08-21,NL,116.8346,82.5,2020
2020-08-22,NL,117.1435,82.72,2020
2020-08-23,NL,117.5167,82.98,2020
2020-08-24,NL,117.6443,83.07,2020
2020-08-25,NL,117.8295,83.2,2020
2020-08-26,NL,117.9393,83.28,2020
2020-08-27,NL,117.7459,83.14,2020
2020-08-28,NL,116.0149,81.92,2020
2020-08-29,NL,116.0683,81.96,2020
2020-08-30,NL,116.2167,82.06,2020
2020-08-31,NL,116.1713,82.03,2020
2020-09-01,NL,116.5218,82.28,2020
2020-09-02,NL,116.8496,82.51,2020
2020-09-03,NL,117.2816,82.81,2020
2020-09-04,NL,117.8168,83.19,2020
2020-09-05,NL,118.3946,83.6,2020
2020-09-06,NL,119.0457,84.06,2020
2020-09-07,NL,119.5725,84.43,2020
2020-09-08,NL,120.1254,84.82,2020
2020-09-09,NL,120.5792,85.14,2020
2020-09-10,NL,121.1764,85.56,2020
2020-09-11,NL,121.685,85.92,2020
2020-09-12,NL,122.3644,86.4,2020
2020-09-13,NL,123.2876,87.06,2020
2020-09-14,NL,123.7499,87.38,2020
2020-09-15,NL,124.2556,87.74,2020
2020-09-16,NL,124.7279,88.07,2020
2020-09-17,NL,123.5148,87.22,2020
2020-09-18,NL,124.0992,87.63,2020
2020-09-19,NL,124.605,87.99,2020
2020-09-20,NL,125.1023,88.34,2020
2020-09-21,NL,125.4795,88.6,2020
2020-09-22,NL,125.8482,88.86,2020
2020-09-23,NL,126.1668,89.09,2020
2020-09-24,NL,126.6318,89.42,2020
2020-09-25,NL,127.2019,89.82,2020
2020-09-26,NL,127.7671,90.22,2020
2020-09-27,NL,128.2199,90.54,2020
2020-09-28,NL,128.1789,90.51,2020
2020-09-29,NL,128.0896,90.45,2020
2020-09-30,NL,128.2487,90.56,2020
2020-10-01,NL,128.3966,90.66,2021
2020-10-02,NL,128.6082,90.81,2021
2020-10-03,NL,128.7947,90.94,2021
2020-10-04,NL,129.0707,91.14,2021
2020-10-05,NL,129.0526,91.13,2021
2020-10-06,NL,129.0736,91.14,2021
2020-10-07,NL,129.039,91.12,2021
2020-10-08,NL,129.0526,91.13,2021
2020-10-09,NL,129.2263,91.25,2021
2020-10-10,NL,129.5732,91.49,2021
2020-10-11,NL,129.4508,90.95,2021
2020-10-12,NL,129.251,90.81,2021
2020-10-13,NL,128.7897,88.92,2021
2020-10-14,NL,128.2157,88.52,2021
2020-10-15,NL,127.5628,88.07,2021
2020-10-16,NL,126.8165,87.56,2021
2020-10-17,NL,126.3896,87.26,2021
2020-10-18,NL,126.1993,87.13,2021
2020-10-19,NL,125.5842,86.71,2021
2020-10-20,NL,125.3726,86.56,2021
2020-10-21,NL,125.1967,86.44,2021
2020-10-22,NL,124.9415,86.26,2021
2020-10-23,NL,124.7277,86.11,2021
2020-10-24,NL,125.0468,86.34,2021
2020-10-25,NL,125.2821,86.5,2021
2020-10-26,NL,125.2225,86.46,2021
2020-10-27,NL,124.9645,86.28,2021
2020-10-28,NL,124.9068,86.24,2021
2020-10-29,NL,124.7972,86.16,2021
2020-10-30,NL,124.87,86.21,2021
2020-10-31,NL,125.2694,86.49,2021
2020-11-01,NL,125.754,86.62,2021
2020-11-02,NL,126.1809,86.91,2021
2020-11-03,NL,126.1223,86.87,2021
2020-11-04,NL,125.7885,86.64,2021
2020-11-05,NL,125.5592,86.49,2021
2020-11-06,NL,125.4569,86.41,2021
2020-11-07,NL,125.4275,86.39,2021
2020-11-08,NL,125.4545,86.41,2021
2020-11-09,NL,125.2221,86.25,2021
2020-11-10,NL,125.0005,86.1,2021
2020-11-11,NL,124.9542,86.07,2021
2020-11-12,NL,124.9159,86.04,2021
2020-11-13,NL,124.8029,85.96,2021
2020-11-14,NL,124.9535,86.07,2021
2020-11-15,NL,125.2085,86.24,2021
2020-11-16,NL,125.2578,86.28,2021
2020-11-17,NL,125.2456,86.27,2021
2020-11-18,NL,125.3493,86.34,2021
2020-11-19,NL,125.2655,86.28,2021
2020-11-20,NL,124.9623,86.07,2021
2020-11-21,NL,124.8805,86.02,2021
2020-11-22,NL,124.7662,85.94,2021
2020-11-23,NL,124.6115,85.83,2021
2020-11-24,NL,124.2588,85.59,2021
2020-11-25,NL,123.8512,85.31,2021
2020-11-26,NL,123.5176,85.08,2021
2020-11-27,NL,123.0741,84.77,2021
2020-11-28,NL,122.3567,84.28,2021
2020-11-29,NL,121.556,83.73,2021
2020-11-30,NL,120.5542,83.04,2021
2020-12-01,NL,119.8495,82.36,2021
2020-12-02,NL,119.195,81.91,2021
2020-12-03,NL,118.3019,81.3,2021
2020-12-04,NL,117.5907,80.81,2021
2020-12-05,NL,116.7825,80.25,2021
2020-12-06,NL,115.9463,79.68,2021
2020-12-07,NL,115.0795,79.08,2021
2020-12-08,NL,114.0399,78.37,2021
2020-12-09,NL,112.9577,77.62,2021
2020-12-10,NL,111.8846,76.89,2021
2020-12-11,NL,110.7983,76.14,2021
2020-12-12,NL,110.1369,75.68,2021
2020-12-13,NL,109.6383,75.34,2021
2020-12-14,NL,109.2805,75.1,2021
2020-12-15,NL,108.7312,74.66,2021
2020-12-16,NL,108.2034,74.26,2021
2020-12-17,NL,107.7977,73.98,2021
2020-12-18,NL,107.509,73.78,2021
2020-12-19,NL,107.4259,73.72,2021
2020-12-20,NL,107.2547,73.61,2021
2020-12-21,NL,106.9387,73.39,2021
2020-12-22,NL,106.5105,73.1,2021
2020-12-23,NL,106.424,73.07,2021
2020-12-24,NL,106.1557,72.85,2021
2020-12-25,NL,105.7129,72.55,2021
2020-12-26,NL,105.2533,72.23,2021
2020-12-27,NL,104.7055,71.86,2021
2020-12-28,NL,104.0491,71.41,2021
2020-12-29,NL,103.2128,70.83,2021
2020-12-30,NL,102.3717,70.25,2021
2020-12-31,NL,101.5473,69.69,2021
2021-01-01,NL,100.5361,68.99,2021
2021-01-02,NL,99.5146,68.29,2021
2021-01-03,NL,98.4449,67.56,2021
2021-01-04,NL,97.1017,66.64,2021
2021-01-05,NL,95.9124,65.82,2021
2021-01-06,NL,94.4895,64.85,2021
2021-01-07,NL,93.0348,63.85,2021
2021-01-08,NL,91.7125,62.94,2021
2021-01-09,NL,90.5329,62.13,2021
2021-01-10,NL,89.4596,61.39,2021
2021-01-11,NL,88.1622,60.5,2021
2021-01-12,NL,87.0359,59.73,2021
2021-01-13,NL,85.8085,58.89,2021
2021-01-14,NL,84.5223,58.01,2021
2021-01-15,NL,83.1539,57.07,2021
2021-01-16,NL,81.7283,56.09,2021
2021-01-17,NL,80.4773,55.23,2021
2021-01-18,NL,79.2073,54.36,2021
2021-01-19,NL,78.1906,53.66,2021
2021-01-20,NL,77.4713,53.17,2021
2021-01-21,NL,76.6191,52.58,2021
2021-01-22,NL,75.6556,51.92,2021
2021-01-23,NL,74.8748,51.38,2021
2021-01-24,NL,73.963,50.76,2021
2021-01-25,NL,72.9005,50.03,2021
2021-01-26,NL,71.7999,49.27,2021
2021-01-27,NL,70.6504,48.49,2021
2021-01-28,NL,69.737,47.86,2021
2021-01-29,NL,68.9918,47.35,2021
2021-01-30,NL,68.0681,46.71,2021
2021-01-31,NL,67.0857,46.04,2021
2021-02-01,NL,65.9586,45.27,2021
2021-02-02,NL,65.2581,44.78,2021
2021-02-03,NL,64.7325,44.42,2021
2021-02-04,NL,64.1087,44.0,2021
2021-02-05,NL,63.573,43.63,2021
2021-02-06,NL,62.8839,43.16,2021
2021-02-07,NL,61.6669,42.32,2021
2021-02-08,NL,59.8884,41.1,2021
2021-02-09,NL,58.0086,39.81,2021
2021-02-10,NL,56.2729,38.62,2021
2021-02-11,NL,54.5342,37.43,2021
2021-02-12,NL,52.8443,36.28,2021
2021-02-13,NL,51.1481,35.12,2021
2021-02-14,NL,49.784,34.18,2021
2021-02-15,NL,48.4982,33.3,2021
2021-02-16,NL,47.5378,32.64,2021
2021-02-17,NL,47.0203,32.29,2021
2021-02-18,NL,46.7557,32.1,2021
2021-02-19,NL,46.3721,31.84,2021
2021-02-20,NL,46.2325,31.74,2021
2021-02-21,NL,46.0423,31.61,2021
2021-02-22,NL,45.7088,31.39,2021
2021-02-23,NL,45.514,31.25,2021
2021-02-24,NL,45.5549,31.28,2021
2021-02-25,NL,45.3099,31.11,2021
2021-02-26,NL,45.104,30.97,2021
2021-02-27,NL,44.79,30.75,2021
2021-02-28,NL,44.4478,30.52,2021
2021-03-01,NL,43.8721,30.12,2021
2021-03-02,NL,43.4551,29.84,2021
2021-03-03,NL,43.0892,29.59,2021
2021-03-04,NL,42.3064,29.05,2021
2021-03-05,NL,41.5903,28.56,2021
2021-03-06,NL,41.0747,28.2,2021
2021-03-07,NL,40.4585,27.78,2021
2021-03-08,NL,39.8032,27.33,2021
2021-03-09,NL,39.3042,26.99,2021
2021-03-10,NL,38.8154,26.65,2021
2021-03-11,NL,38.6548,26.54,2021
2021-03-12,NL,38.2929,26.29,2021
2021-03-13,NL,38.0269,26.11,2021
2021-03-14,NL,37.7816,25.94,2021
2021-03-15,NL,37.4628,25.72,2021
2021-03-16,NL,36.9754,25.39,2021
2021-03-17,NL,36.4964,25.06,2021
2021-03-18,NL,35.8728,24.63,2021
2021-03-19,NL,35.3342,24.26,2021
2021-03-20,NL,34.9085,23.97,2021
2021-03-21,NL,34.6335,23.78,2021
2021-03-22,NL,34.2047,23.49,2021
2021-03-23,NL,33.9382,23.3,2021
2021-03-24,NL,33.785,23.2,2021
2021-03-25,NL,33.5984,23.07,2021
2021-03-26,NL,33.665,23.12,2021
2021-03-27,NL,33.5393,23.03,2021
2021-03-28,NL,33.4955,23.0,2021
2021-03-29,NL,33.4124,22.94,2021
2021-03-30,NL,33.3822,22.92,2021
2021-03-31,NL,33.4016,22.93,2021
2021-04-01,NL,33.4978,23.0,2021
2021-04-02,NL,33.4963,23.0,2021
2021-04-03,NL,33.5412,23.03,2021
2021-04-04,NL,33.5766,23.05,2021
2021-04-05,NL,33.2163,22.81,2021
2021-04-06,NL,32.4592,22.29,2021
2021-04-07,NL,31.7118,21.77,2021
2021-04-08,NL,31.2685,21.47,2021
2021-04-09,NL,30.891,21.21,2021
2021-04-10,NL,30.513,20.95,2021
2021-04-11,NL,30.091,20.66,2021
2021-04-12,NL,29.1975,20.05,2021
2021-04-13,NL,28.5401,19.6,2021
2021-04-14,NL,27.9696,19.2,2021
2021-04-15,NL,27.4,18.81,2021
2021-04-16,NL,27.0449,18.57,2021
2021-04-17,NL,26.9126,18.48,2021
2021-04-18,NL,26.9529,18.51,2021
2021-04-19,NL,26.8138,18.41,2021
2021-04-20,NL,26.6395,18.29,2021
2021-04-21,NL,26.6269,18.28,2021
2021-04-22,NL,26.5323,18.22,2021
2021-04-23,NL,26.4338,18.15,2021
2021-04-24,NL,26.4365,18.15,2021
2021-04-25,NL,26.3475,18.09,2021
2021-04-26,NL,26.3363,18.08,2021
2021-04-27,NL,26.3477,18.09,2021
2021-04-28,NL,26.3596,18.1,2021
2021-04-29,NL,26.2086,18.0,2021
2021-04-30,NL,26.0636,17.9,2021
2021-05-01,NL,26.067,17.9,2021
2021-05-02,NL,26.1044,17.92,2021
2021-05-03,NL,26.0488,17.89,2021
2021-05-04,NL,25.9933,17.85,2021
2021-05-05,NL,25.8739,17.77,2021
2021-05-06,NL,25.7814,17.7,2021
2021-05-07,NL,25.785,17.7,2021
2021-05-08,NL,25.8352,17.74,2021
2021-05-09,NL,26.0989,17.92,2021
2021-05-10,NL,26.2621,18.03,2021
2021-05-11,NL,26.3489,18.09,2021
2021-05-12,NL,26.453,18.16,2021
2021-05-13,NL,26.6827,18.32,2021
2021-05-14,NL,26.7413,18.36,2021
2021-05-15,NL,26.8083,18.41,2021
2021-05-16,NL,26.9149,18.48,2021
2021-05-17,NL,26.8791,18.46,2021
2021-05-18,NL,26.8919,18.46,2021
2021-05-19,NL,26.8606,18.44,2021
2021-05-20,NL,26.8835,18.46,2021
2021-05-21,NL,26.9344,18.49,2021
2021-05-22,NL,27.1978,18.67,2021
2021-05-23,NL,27.5295,18.9,2021
2021-05-24,NL,27.8584,19.13,2021
2021-05-25,NL,28.0635,19.27,2021
2021-05-26,NL,28.2597,19.4,2021
2021-05-27,NL,28.5846,19.63,2021
2021-05-28,NL,28.945,19.87,2021
2021-05-29,NL,29.3681,20.17,2021
2021-05-30,NL,29.7878,20.45,2021
2021-05-31,NL,30.1818,20.72,2021
2021-06-01,NL,30.5313,20.96,2021
2021-06-02,NL,30.8814,21.2,2021
2021-06-03,NL,31.3429,21.52,2021
2021-06-04,NL,31.8274,21.85,2021
2021-06-05,NL,32.3346,22.2,2021
2021-06-06,NL,32.8255,22.54,2021
2021-06-07,NL,33.2278,22.82,2021
2021-06-08,NL,33.7162,23.15,2021
2021-06-09,NL,34.0418,23.37,2021
2021-06-10,NL,34.4789,23.67,2021
2021-06-11,NL,34.903,23.97,2021
2021-06-12,NL,35.3728,24.29,2021
2021-06-13,NL,35.9242,24.67,2021
2021-06-14,NL,36.3628,24.97,2021
2021-06-15,NL,36.7761,25.25,2021
2021-06-16,NL,37.2446,25.57,2021
2021-06-17,NL,37.5913,25.81,2021
2021-06-18,NL,37.9993,26.09,2021
2021-06-19,NL,38.4347,26.39,2021
2021-06-20,NL,38.9204,26.72,2021
2021-06-21,NL,39.2994,26.98,2021
2021-06-22,NL,39.6971,27.26,2021
2021-06-23,NL,40.0439,27.5,2021
2021-06-24,NL,40.4645,27.78,2021
2021-06-25,NL,40.8369,28.04,2021
2021-06-26,NL,41.3382,28.38,2021
2021-06-27,NL,41.8235,28.72,2021
2021-06-28,NL,42.1798,28.96,2021
2021-06-29,NL,42.4798,29.17,2021
2021-06-30,NL,42.7992,29.39,2021
2021-07-01,NL,43.0667,29.57,2021
2021-07-02,NL,43.3559,29.77,2021
2021-07-03,NL,43.7944,30.07,2021
2021-07-04,NL,44.393,30.48,2021
2021-07-05,NL,44.8969,30.83,2021
2021-07-06,NL,45.2539,31.07,2021
2021-07-07,NL,45.5345,31.27,2021
2021-07-08,NL,45.8281,31.47,2021
2021-07-09,NL,46.2351,31.75,2021
2021-07-10,NL,46.7655,32.11,2021
2021-07-11,NL,47.223,32.42,2021
2021-07-12,NL,47.6184,32.7,2021
2021-07-13,NL,47.9752,32.94,2021
2021-07-14,NL,48.2116,33.1,2021
2021-07-15,NL,48.4048,33.24,2021
2021-07-16,NL,48.7022,33.44,2021
2021-07-17,NL,49.1319,33.74,2021
2021-07-18,NL,49.5142,34.0,2021
2021-07-19,NL,49.7588,34.17,2021
2021-07-20,NL,49.9517,34.3,2021
2021-07-21,NL,50.1871,34.46,2021
2021-07-22,NL,50.4033,34.61,2021
2021-07-23,NL,50.8458,34.91,2021
2021-07-24,NL,51.4766,35.35,2021
2021-07-25,NL,52.1248,35.79,2021
2021-07-26,NL,52.662,36.16,2021
2021-07-27,NL,53.0592,36.43,2021
2021-07-28,NL,53.531,36.76,2021
2021-07-29,NL,54.0032,37.08,2021
2021-07-30,NL,54.492,37.42,2021
2021-07-31,NL,54.9642,37.74,2021
2021-08-01,NL,55.4041,38.04,2021
2021-08-02,NL,55.7782,38.3,2021
2021-08-03,NL,56.0771,38.5,2021
2021-08-04,NL,56.4317,38.75,2021
2021-08-05,NL,56.8034,39.0,2021
2021-08-06,NL,57.2297,39.3,2021
2021-08-07,NL,57.6469,39.58,2021
2021-08-08,NL,58.0969,39.89,2021
2021-08-09,NL,58.3761,40.08,2021
2021-08-10,NL,58.7882,40.37,2021
2021-08-11,NL,59.2603,40.69,2021
2021-08-12,NL,59.8211,41.07,2021
2021-08-13,NL,60.4711,41.52,2021
2021-08-14,NL,61.1587,41.99,2021
2021-08-15,NL,61.8088,42.44,2021
2021-08-16,NL,62.3239,42.79,2021
2021-08-17,NL,62.6794,43.04,2021
2021-08-18,NL,63.169,43.37,2021
2021-08-19,NL,63.6228,43.69,2021
2021-08-20,NL,64.1213,44.03,2021
2021-08-21,NL,64.6624,44.4,2021
2021-08-22,NL,65.2147,44.78,2021
2021-08-23,NL,65.7475,45.14,2021
2021-08-24,NL,66.3686,45.57,2021
2021-08-25,NL,66.9624,45.98,2021
2021-08-26,NL,67.4489,46.31,2021
2021-08-27,NL,68.042,46.72,2021
2021-08-28,NL,68.575,47.09,2021
2021-08-29,NL,69.1428,47.48,2021
2021-08-30,NL,69.7175,47.87,2021
2021-08-31,NL,70.3856,48.33,2021
2021-09-01,NL,70.8945,48.68,2021
2021-09-02,NL,71.3991,49.02,2021
2021-09-03,NL,71.9121,49.38,2021
2021-09-04,NL,72.4676,49.76,2021
2021-09-05,NL,73.1368,50.22,2021
2021-09-06,NL,73.4178,50.41,2021
2021-09-07,NL,73.7105,50.61,2021
2021-09-08,NL,74.0273,50.83,2021
2021-09-09,NL,74.2852,51.01,2021
2021-09-10,NL,74.5478,51.19,2021
2021-09-11,NL,75.2251,51.65,2021
2021-09-12,NL,75.7394,52.0,2021
2021-09-13,NL,76.0402,52.21,2021
2021-09-14,NL,76.3432,52.42,2021
2021-09-15,NL,76.5813,52.58,2021
2021-09-16,NL,76.8576,52.77,2021
2021-09-17,NL,77.392,53.14,2021
2021-09-18,NL,78.1028,53.63,2021
2021-09-19,NL,78.7914,54.1,2021
2021-09-20,NL,79.1797,54.37,2021
2021-09-21,NL,79.6128,54.66,2021
2021-09-22,NL,80.1404,55.03,2021
2021-09-23,NL,80.6696,55.39,2021
2021-09-24,NL,81.3323,55.85,2021
2021-09-25,NL,81.9838,56.29,2021
2021-09-26,NL,82.7128,56.79,2021
2021-09-27,NL,83.3818,57.25,2021
2021-09-28,NL,84.081,57.73,2021
2021-09-29,NL,84.7782,58.21,2021
2021-09-30,NL,85.3381,58.6,2021
2021-10-01,NL,85.4754,58.69,2022
2021-10-02,NL,85.5215,58.72,2022
2021-10-03,NL,85.5501,58.74,2022
2021-10-04,NL,85.5315,58.73,2022
2021-10-05,NL,85.457,58.68,2022
2021-10-06,NL,85.2989,58.57,2022
2021-10-07,NL,85.3351,58.59,2022
2021-10-08,NL,85.3294,58.59,2022
2021-10-09,NL,85.3156,58.58,2022
2021-10-10,NL,90.2673,61.98,2022
2021-10-11,NL,90.129,61.89,2022
2021-10-12,NL,89.9192,61.74,2022
2021-10-13,NL,89.7559,61.63,2022
2021-10-14,NL,89.6589,61.56,2022
2021-10-15,NL,89.6493,61.56,2022
2021-10-16,NL,89.6731,61.57,2022
2021-10-17,NL,89.6779,61.58,2022
2021-10-18,NL,89.7245,61.61,2022
2021-10-19,NL,89.7447,61.62,2022
2021-10-20,NL,89.7474,61.62,2022
2021-10-21,NL,89.4639,61.43,2022
2021-10-22,NL,89.1318,61.2,2022
2021-10-23,NL,89.0197,61.12,2022
2021-10-24,NL,89.0503,61.14,2022
2021-10-25,NL,88.923,61.06,2022
2021-10-26,NL,88.9271,61.06,2022
2021-10-27,NL,89.0501,61.14,2022
2021-10-28,NL,89.211,61.26,2022
2021-10-29,NL,89.3663,61.36,2022
2021-10-30,NL,89.5862,61.51,2022
2021-10-31,NL,89.8575,61.7,2022
2021-11-01,NL,90.0658,61.84,2022
2021-11-02,NL,89.9378,61.75,2022
2021-11-03,NL,89.7255,61.61,2022
2021-11-04,NL,89.7125,61.6,2022
2021-11-05,NL,89.733,61.61,2022
2021-11-06,NL,89.8364,61.68,2022
2021-11-07,NL,89.9447,61.76,2022
2021-11-08,NL,89.9061,61.73,2022
2021-11-09,NL,89.7586,61.63,2022
2021-11-10,NL,89.6122,61.53,2022
2021-11-11,NL,89.5068,61.46,2022
2021-11-12,NL,89.3344,61.34,2022
2021-11-13,NL,89.2658,61.29,2022
2021-11-14,NL,89.3347,61.34,2022
2021-11-15,NL,88.9667,61.09,2022
2021-11-16,NL,88.3541,60.67,2022
2021-11-17,NL,87.9877,60.42,2022
2021-11-18,NL,87.7024,60.22,2022
2021-11-19,NL,87.5464,60.11,2022
2021-11-20,NL,87.3611,59.98,2022
2021-11-21,NL,87.0699,59.78,2022
2021-11-22,NL,86.6496,59.5,2022
2021-11-23,NL,86.1595,59.16,2022
2021-11-24,NL,85.3172,58.58,2022
2021-11-25,NL,84.5364,58.05,2022
2021-11-26,NL,83.7573,57.51,2022
2021-11-27,NL,82.9215,56.94,2022
2021-11-28,NL,82.0498,56.34,2022
2021-11-29,NL,81.0807,55.67,2022
2021-11-30,NL,80.3943,55.2,2022
2021-12-01,NL,79.5332,54.61,2022
2021-12-02,NL,78.3849,53.82,2022
2021-12-03,NL,77.2505,53.04,2022
2021-12-04,NL,76.2624,52.36,2022
2021-12-05,NL,75.2477,51.67,2022
2021-12-06,NL,74.1121,50.89,2022
2021-12-07,NL,72.9467,50.09,2022
2021-12-08,NL,71.716,49.24,2022
2021-12-09,NL,70.4899,48.4,2022
2021-12-10,NL,69.3744,47.63,2022
2021-12-11,NL,68.3014,46.9,2022
2021-12-12,NL,67.4154,46.29,2022
2021-12-13,NL,66.2606,45.5,2022
2021-12-14,NL,65.304,44.84,2022
2021-12-15,NL,64.4782,44.27,2022
2021-12-16,NL,63.4085,43.54,2022
2021-12-17,NL,62.4913,42.91,2022
2021-12-18,NL,61.5203,42.24,2022
2021-12-19,NL,60.4649,41.52,2022
2021-12-20,NL,59.156,40.62,2022
2021-12-21,NL,57.7313,39.64,2022
2021-12-22,NL,56.3257,38.67,2022
2021-12-23,NL,55.1074,37.84,2022
2021-12-24,NL,54.4516,37.39,2022
2021-12-25,NL,53.727,36.89,2022
2021-12-26,NL,53.0152,36.4,2022
2021-12-27,NL,52.4258,36.0,2022
2021-12-28,NL,51.994,35.7,2022
2021-12-29,NL,51.9761,35.69,2022
2021-12-30,NL,52.0564,35.74,2022
2021-12-31,NL,52.3385,35.94,2022
2022-01-01,NL,52.7038,36.19,2022
2022-01-02,NL,52.9548,36.36,2022
2022-01-03,NL,52.9606,36.36,2022
2022-01-04,NL,52.7697,36.23,2022
2022-01-05,NL,52.4278,36.0,2022
2022-01-06,NL,51.9966,35.7,2022
2022-01-07,NL,51.6534,35.47,2022
2022-01-08,NL,51.2982,35.22,2022
2022-01-09,NL,50.9513,34.98,2022
2022-01-10,NL,50.4058,34.61,2022
2022-01-11,NL,49.8291,34.21,2022
2022-01-12,NL,49.1183,33.73,2022
2022-01-13,NL,48.5094,33.31,2022
2022-01-14,NL,47.9265,32.91,2022
2022-01-15,NL,47.3115,32.49,2022
2022-01-16,NL,46.8045,32.14,2022
2022-01-17,NL,46.1778,31.71,2022
2022-01-18,NL,45.5991,31.31,2022
2022-01-19,NL,45.1325,30.99,2022
2022-01-20,NL,44.6503,30.66,2022
2022-01-21,NL,44.0781,30.27,2022
2022-01-22,NL,43.5429,29.9,2022
2022-01-23,NL,43.0349,29.55,2022
2022-01-24,NL,42.4987,29.18,2022
2022-01-25,NL,41.9073,28.77,2022
2022-01-26,NL,41.3301,28.38,2022
2022-01-27,NL,40.9306,28.1,2022
2022-01-28,NL,40.5311,27.83,2022
2022-01-29,NL,40.3373,27.7,2022
2022-01-30,NL,40.0614,27.51,2022
2022-01-31,NL,39.6475,27.22,2022
2022-02-01,NL,39.2057,26.92,2022
2022-02-02,NL,38.9658,26.76,2022
2022-02-03,NL,38.7332,26.6,2022
2022-02-04,NL,38.4938,26.43,2022
2022-02-05,NL,38.2395,26.26,2022
2022-02-06,NL,38.0927,26.16,2022
2022-02-07,NL,37.7636,25.93,2022
2022-02-08,NL,37.5143,25.76,2022
2022-02-09,NL,37.2217,25.56,2022
2022-02-10,NL,36.9435,25.37,2022
2022-02-11,NL,36.4752,25.04,2022
2022-02-12,NL,36.1678,24.83,2022
2022-02-13,NL,35.8769,24.63,2022
2022-02-14,NL,35.6143,24.45,2022
2022-02-15,NL,35.2121,24.18,2022
2022-02-16,NL,35.0898,24.09,2022
2022-02-17,NL,34.9901,24.03,2022
2022-02-18,NL,34.7369,23.85,2022
2022-02-19,NL,34.4889,23.68,2022
2022-02-20,NL,34.2522,23.52,2022
2022-02-21,NL,33.7922,23.2,2022
2022-02-22,NL,33.3664,22.91,2022
2022-02-23,NL,33.0758,22.71,2022
2022-02-24,NL,32.5398,22.34,2022
2022-02-25,NL,32.1833,22.1,2022
2022-02-26,NL,32.0696,22.02,2022
2022-02-27,NL,32.0426,22.0,2022
2022-02-28,NL,31.7929,21.83,2022
2022-03-01,NL,31.4844,21.62,2022
2022-03-02,NL,31.2297,21.44,2022
2022-03-03,NL,30.9788,21.27,2022
2022-03-04,NL,30.7325,21.1,2022
2022-03-05,NL,30.6054,21.01,2022
2022-03-06,NL,30.3732,20.86,2022
2022-03-07,NL,29.9885,20.59,2022
2022-03-08,NL,29.9275,20.55,2022
2022-03-09,NL,29.9545,20.57,2022
2022-03-10,NL,30.0679,20.65,2022
2022-03-11,NL,30.1812,20.72,2022
2022-03-12,NL,30.3104,20.81,2022
2022-03-13,NL,30.3655,20.85,2022
2022-03-14,NL,30.243,20.77,2022
2022-03-15,NL,30.0406,20.63,2022
2022-03-16,NL,29.9596,20.57,2022
2022-03-17,NL,29.9014,20.53,2022
2022-03-18,NL,29.8185,20.47,2022
2022-03-19,NL,29.8705,20.51,2022
2022-03-20,NL,29.6855,20.38,2022
2022-03-21,NL,29.6468,20.36,2022
2022-03-22,NL,29.5471,20.29,2022
2022-03-23,NL,29.5389,20.28,2022
2022-03-24,NL,29.6206,20.34,2022
2022-03-25,NL,29.8144,20.47,2022
2022-03-26,NL,30.0132,20.61,2022
2022-03-27,NL,30.1215,20.68,2022
2022-03-28,NL,30.1647,20.71,2022
2022-03-29,NL,30.3053,20.81,2022
2022-03-30,NL,30.3378,20.83,2022
2022-03-31,NL,30.2333,20.76,2022
2022-04-01,NL,29.5556,21.26,2022
2022-04-02,NL,29.1965,21.01,2022
2022-04-03,NL,28.9389,20.82,2022
2022-04-04,NL,28.6325,20.6,2022
2022-04-05,NL,28.4289,20.45,2022
2022-04-06,NL,28.5279,20.52,2022
2022-04-07,NL,28.7501,20.68,2022
2022-04-08,NL,28.9095,20.8,2022
2022-04-09,NL,29.1177,20.95,2022
2022-04-10,NL,29.3094,21.09,2022
2022-04-11,NL,29.4074,21.16,2022
2022-04-12,NL,29.7739,21.42,2022
2022-04-13,NL,30.1731,21.71,2022
2022-04-14,NL,30.7014,22.09,2022
2022-04-15,NL,31.302,22.52,2022
2022-04-16,NL,32.021,23.04,2022
2022-04-17,NL,32.7368,23.55,2022
2022-04-18,NL,33.4542,24.07,2022
2022-04-19,NL,33.9602,24.43,2022
2022-04-20,NL,34.5057,24.83,2022
2022-04-21,NL,34.9916,25.18,2022
2022-04-22,NL,35.4873,25.53,2022
2022-04-23,NL,36.0538,25.94,2022
2022-04-24,NL,36.6319,26.36,2022
2022-04-25,NL,36.9572,26.59,2022
2022-04-26,NL,37.2449,26.8,2022
2022-04-27,NL,37.5976,27.05,2022
2022-04-28,NL,38.0092,27.35,2022
2022-04-29,NL,38.3875,27.62,2022
2022-04-30,NL,38.8229,27.93,2022
2022-05-01,NL,39.328,28.3,2022
2022-05-02,NL,39.7862,28.63,2022
2022-05-03,NL,40.2782,28.98,2022
2022-05-04,NL,40.742,29.31,2022
2022-05-05,NL,41.2787,29.7,2022
2022-05-06,NL,41.814,30.08,2022
2022-05-07,NL,42.4963,30.57,2022
2022-05-08,NL,43.1515,31.05,2022
2022-05-09,NL,43.7227,31.46,2022
2022-05-10,NL,44.2681,31.85,2022
2022-05-11,NL,44.6435,32.12,2022
2022-05-12,NL,45.1284,32.47,2022
2022-05-13,NL,45.6758,32.86,2022
2022-05-14,NL,46.3051,33.32,2022
2022-05-15,NL,47.0036,33.82,2022
2022-05-16,NL,47.4758,34.16,2022
2022-05-17,NL,48.0338,34.56,2022
2022-05-18,NL,48.6801,35.02,2022
2022-05-19,NL,49.259,35.44,2022
2022-05-20,NL,49.8659,35.88,2022
2022-05-21,NL,50.5653,36.38,2022
2022-05-22,NL,51.2141,36.85,2022
2022-05-23,NL,51.7456,37.23,2022
2022-05-24,NL,52.3036,37.63,2022
2022-05-25,NL,52.9037,38.06,2022
2022-05-26,NL,53.5473,38.53,2022
2022-05-27,NL,54.18,38.98,2022
2022-05-28,NL,54.8057,39.43,2022
2022-05-29,NL,55.3568,39.83,2022
2022-05-30,NL,55.8339,40.17,2022
2022-05-31,NL,56.4011,40.58,2022
2022-06-01,NL,57.0454,41.04,2022
2022-06-02,NL,57.6456,41.47,2022
2022-06-03,NL,58.2349,41.9,2022
2022-06-04,NL,58.9054,42.38,2022
2022-06-05,NL,59.5341,42.83,2022
2022-06-06,NL,60.1898,43.3,2022
2022-06-07,NL,60.8412,43.77,2022
2022-06-08,NL,61.2539,44.07,2022
2022-06-09,NL,61.7766,44.45,2022
2022-06-10,NL,62.3401,44.85,2022
2022-06-11,NL,63.0593,45.37,2022
2022-06-12,NL,63.8073,45.91,2022
2022-06-13,NL,64.4266,46.35,2022
2022-06-14,NL,65.0087,46.77,2022
2022-06-15,NL,65.6268,47.22,2022
2022-06-16,NL,66.2636,47.67,2022
2022-06-17,NL,66.9631,48.18,2022
2022-06-18,NL,67.6926,48.7,2022
2022-06-19,NL,68.391,49.21,2022
2022-06-20,NL,69.0285,49.66,2022
2022-06-21,NL,69.5995,50.07,2022
2022-06-22,NL,70.2502,50.54,2022
2022-06-23,NL,70.8096,50.95,2022
2022-06-24,NL,71.4977,51.44,2022
2022-06-25,NL,72.1727,51.93,2022
2022-06-26,NL,72.8654,52.42,2022
2022-06-27,NL,73.393,52.8,2022
2022-06-28,NL,74.0499,53.28,2022
2022-06-29,NL,74.6797,53.73,2022
2022-06-30,NL,75.1141,54.04,2022
2022-07-01,NL,75.6004,54.39,2022
2022-07-02,NL,76.0531,54.72,2022
2022-07-03,NL,76.5935,55.11,2022
2022-07-04,NL,77.1078,55.48,2022
2022-07-05,NL,77.6674,55.88,2022
2022-07-06,NL,78.3139,56.34,2022
2022-07-07,NL,78.7806,56.68,2022
2022-07-08,NL,79.3491,57.09,2022
2022-07-09,NL,80.065,57.6,2022
2022-07-10,NL,80.7553,58.1,2022
2022-07-11,NL,81.2135,58.43,2022
2022-07-12,NL,81.7686,58.83,2022
2022-07-13,NL,82.3507,59.25,2022
2022-07-14,NL,82.985,59.71,2022
2022-07-15,NL,83.6757,60.2,2022
2022-07-16,NL,84.3745,60.7,2022
2022-07-17,NL,84.9841,61.14,2022
2022-07-18,NL,85.6061,61.59,2022
2022-07-19,NL,86.0393,61.9,2022
2022-07-20,NL,86.434,62.19,2022
2022-07-21,NL,87.0001,62.59,2022
2022-07-22,NL,87.6296,63.05,2022
2022-07-23,NL,88.2757,63.51,2022
2022-07-24,NL,88.8749,63.94,2022
2022-07-25,NL,89.469,64.37,2022
2022-07-26,NL,90.0872,64.82,2022
2022-07-27,NL,90.6612,65.23,2022
2022-07-28,NL,91.2182,65.63,2022
2022-07-29,NL,91.814,66.06,2022
2022-07-30,NL,92.5004,66.55,2022
2022-07-31,NL,93.2291,67.08,2022
2022-08-01,NL,93.8233,67.5,2022
2022-08-02,NL,94.4801,67.98,2022
2022-08-03,NL,95.1481,68.46,2022
2022-08-04,NL,95.7583,68.9,2022
2022-08-05,NL,96.4338,69.38,2022
2022-08-06,NL,96.8039,69.65,2022
2022-08-07,NL,97.227,69.95,2022
2022-08-08,NL,97.5844,70.21,2022
2022-08-09,NL,97.9168,70.45,2022
2022-08-10,NL,98.237,70.68,2022
2022-08-11,NL,98.547,70.9,2022
2022-08-12,NL,98.9376,71.18,2022
2022-08-13,NL,99.378,71.5,2022
2022-08-14,NL,99.8094,71.81,2022
2022-08-15,NL,100.1497,72.05,2022
2022-08-16,NL,100.5537,72.35,2022
2022-08-17,NL,100.9004,72.59,2022
2022-08-18,NL,101.3386,72.91,2022
2022-08-19,NL,101.8942,73.31,2022
2022-08-20,NL,102.4189,73.69,2022
2022-08-21,NL,102.8782,74.02,2022
2022-08-22,NL,103.1451,74.21,2022
2022-08-23,NL,103.7784,74.67,2022
2022-08-24,NL,104.311,75.05,2022
2022-08-25,NL,104.7905,75.39,2022
2022-08-26,NL,105.4129,75.84,2022
2022-08-27,NL,105.9867,76.25,2022
2022-08-28,NL,106.5928,76.69,2022
2022-08-29,NL,107.082,77.04,2022
2022-08-30,NL,107.4981,77.34,2022
2022-08-31,NL,108.1076,77.78,2022
2022-09-01,NL,108.5586,78.1,2022
2022-09-02,NL,109.2627,78.61,2022
2022-09-03,NL,110.0437,79.17,2022
2022-09-04,NL,110.8488,79.75,2022
2022-09-05,NL,111.4988,80.22,2022
2022-09-06,NL,112.25,80.76,2022
2022-09-07,NL,112.8563,81.2,2022
2022-09-08,NL,113.5931,81.73,2022
2022-09-09,NL,114.342,82.27,2022
2022-09-10,NL,115.083,82.8,2022
2022-09-11,NL,115.8459,83.35,2022
2022-09-12,NL,116.6088,83.9,2022
2022-09-13,NL,117.207,84.33,2022
2022-09-14,NL,117.8463,84.79,2022
2022-09-15,NL,118.5769,85.31,2022
2022-09-16,NL,119.3949,85.9,2022
2022-09-17,NL,120.1861,86.47,2022
2022-09-18,NL,120.8471,86.95,2022
2022-09-19,NL,121.3183,87.28,2022
2022-09-20,NL,121.7335,87.58,2022
2022-09-21,NL,122.1644,87.89,2022
2022-09-22,NL,122.6005,88.21,2022
2022-09-23,NL,123.043,88.53,2022
2022-09-24,NL,123.7404,89.03,2022
2022-09-25,NL,124.3779,89.49,2022
2022-09-26,NL,124.9891,89.93,2022
2022-09-27,NL,125.5365,90.32,2022
2022-09-28,NL,126.008,90.66,2022
2022-09-29,NL,126.3452,90.9,2022
2022-09-30,NL,126.8899,91.29,2022
2022-10-01,NL,127.382,91.65,2023
2022-10-02,NL,127.9509,92.06,2023
2022-10-03,NL,128.3047,92.31,2023
2022-10-04,NL,128.6329,92.55,2023
2022-10-05,NL,128.8777,92.72,2023
2022-10-06,NL,129.0559,92.85,2023
2022-10-07,NL,129.1584,92.93,2023
2022-10-08,NL,129.3991,93.1,2023
2022-10-09,NL,129.578,93.23,2023
2022-10-10,NL,129.6514,93.28,2023
2022-10-11,NL,129.3119,93.04,2023
2022-10-12,NL,128.9208,92.75,2023
2022-10-13,NL,128.688,92.59,2023
2022-10-14,NL,128.8198,92.68,2023
2022-10-15,NL,128.9661,92.79,2023
2022-10-16,NL,129.0633,92.86,2023
2022-10-17,NL,129.0905,92.88,2023
2022-10-18,NL,128.8184,92.68,2023
2022-10-19,NL,128.6553,92.56,2023
2022-10-20,NL,128.4506,92.42,2023
2022-10-21,NL,128.2962,92.31,2023
2022-10-22,NL,128.2872,92.3,2023
2022-10-23,NL,128.1289,92.18,2023
2022-10-24,NL,127.9786,92.08,2023
2022-10-25,NL,127.7653,91.92,2023
2022-10-26,NL,127.5069,91.74,2023
2022-10-27,NL,127.3545,91.63,2023
2022-10-28,NL,127.1911,91.51,2023
2022-10-29,NL,127.0914,91.44,2023
2022-10-30,NL,127.2107,91.52,2023
2022-10-31,NL,127.341,91.62,2023
2022-11-01,NL,127.5623,91.81,2023
2022-11-02,NL,127.6223,91.85,2023
2022-11-03,NL,127.5314,91.79,2023
2022-11-04,NL,127.4965,91.76,2023
2022-11-05,NL,127.5773,91.82,2023
2022-11-06,NL,127.7282,91.93,2023
2022-11-07,NL,127.7825,91.97,2023
2022-11-08,NL,127.7736,91.96,2023
2022-11-09,NL,127.8013,91.98,2023
2022-11-10,NL,127.8206,92.0,2023
2022-11-11,NL,127.8213,92.0,2023
2022-11-12,NL,127.8047,91.98,2023
2022-11-13,NL,127.8561,92.02,2023
2022-11-14,NL,127.5758,91.82,2023
2022-11-15,NL,127.4301,91.72,2023
2022-11-16,NL,127.3631,91.67,2023
2022-11-17,NL,127.3213,91.64,2023
2022-11-18,NL,127.0837,91.47,2023
2022-11-19,NL,126.8735,91.31,2023
2022-11-20,NL,126.6123,91.13,2023
2022-11-21,NL,126.209,90.84,2023
2022-11-22,NL,125.8638,90.59,2023
2022-11-23,NL,125.6432,90.43,2023
2022-11-24,NL,125.3537,90.22,2023
2022-11-25,NL,125.071,90.02,2023
2022-11-26,NL,124.854,89.86,2023
2022-11-27,NL,124.598,89.68,2023
2022-11-28,NL,124.1428,89.35,2023
2022-11-29,NL,123.6276,88.98,2023
2022-11-30,NL,123.02,88.54,2023
2022-12-01,NL,122.3413,88.05,2023
2022-12-02,NL,121.654,87.56,2023
2022-12-03,NL,121.1909,87.22,2023
2022-12-04,NL,120.7329,86.89,2023
2022-12-05,NL,120.1847,86.5,2023
2022-12-06,NL,119.6624,86.12,2023
2022-12-07,NL,119.1104,85.73,2023
2022-12-08,NL,118.2785,85.13,2023
2022-12-09,NL,117.4528,84.53,2023
2022-12-10,NL,116.6748,83.97,2023
2022-12-11,NL,115.9204,83.43,2023
2022-12-12,NL,114.9705,82.75,2023
2022-12-13,NL,113.9002,81.98,2023
2022-12-14,NL,112.7174,81.13,2023
2022-12-15,NL,111.7049,80.4,2023
2022-12-16,NL,110.7345,79.7,2023
2022-12-17,NL,109.9489,79.13,2023
2022-12-18,NL,109.2072,78.6,2023
2022-12-19,NL,108.701,78.24,2023
2022-12-20,NL,108.3992,78.02,2023
2022-12-21,NL,108.1492,77.84,2023
2022-12-22,NL,107.9937,77.73,2023
2022-12-23,NL,107.9209,77.67,2023
2022-12-24,NL,107.8261,77.61,2023
2022-12-25,NL,107.7586,77.56,2023
2022-12-26,NL,107.5637,77.42,2023
2022-12-27,NL,107.2807,77.21,2023
2022-12-28,NL,107.1208,77.1,2023
2022-12-29,NL,107.0268,77.03,2023
2022-12-30,NL,106.9668,76.99,2023
2022-12-31,NL,107.1871,77.15,2023
2023-01-01,NL,107.3071,77.23,2023
2023-01-02,NL,107.183,77.14,2023
2023-01-03,NL,107.0958,77.08,2023
2023-01-04,NL,106.9936,77.01,2023
2023-01-05,NL,106.806,76.87,2023
2023-01-06,NL,106.7114,76.8,2023
2023-01-07,NL,106.6398,76.75,2023
2023-01-08,NL,106.5502,76.69,2023
2023-01-09,NL,106.2146,76.45,2023
2023-01-10,NL,106.0277,76.31,2023
2023-01-11,NL,105.8688,76.2,2023
2023-01-12,NL,105.7006,76.08,2023
2023-01-13,NL,105.4943,75.93,2023
2023-01-14,NL,105.3343,75.81,2023
2023-01-15,NL,105.0774,75.63,2023
2023-01-16,NL,104.5955,75.28,2023
2023-01-17,NL,104.0008,74.85,2023
2023-01-18,NL,103.2884,74.34,2023
2023-01-19,NL,102.6154,73.86,2023
2023-01-20,NL,101.8578,73.31,2023
2023-01-21,NL,101.2402,72.87,2023
2023-01-22,NL,100.6504,72.44,2023
2023-01-23,NL,99.9651,71.95,2023
2023-01-24,NL,99.3314,71.49,2023
2023-01-25,NL,98.5298,70.91,2023
2023-01-26,NL,97.7983,70.39,2023
2023-01-27,NL,97.2531,70.0,2023
2023-01-28,NL,96.6083,69.53,2023
2023-01-29,NL,96.0245,69.11,2023
2023-01-30,NL,95.5404,68.76,2023
2023-01-31,NL,95.1576,68.49,2023
2023-02-01,NL,94.7265,68.18,2023
2023-02-02,NL,94.4143,67.95,2023
2023-02-03,NL,94.1212,67.74,2023
2023-02-04,NL,93.8796,67.57,2023
2023-02-05,NL,93.6171,67.38,2023
2023-02-06,NL,93.0749,66.99,2023
2023-02-07,NL,92.4869,66.57,2023
2023-02-08,NL,91.8425,66.1,2023
2023-02-09,NL,91.1954,65.64,2023
2023-02-10,NL,90.8042,65.35,2023
2023-02-11,NL,90.4146,65.07,2023
2023-02-12,NL,90.0978,64.85,2023
2023-02-13,NL,89.7769,64.62,2023
2023-02-14,NL,89.4314,64.37,2023
2023-02-15,NL,89.154,64.17,2023
2023-02-16,NL,89.0656,64.1,2023
2023-02-17,NL,89.1254,64.15,2023
2023-02-18,NL,89.1161,64.14,2023
2023-02-19,NL,89.0809,64.11,2023
2023-02-20,NL,88.894,63.98,2023
2023-02-21,NL,88.6361,63.79,2023
2023-02-22,NL,88.5447,63.73,2023
2023-02-23,NL,88.4665,63.67,2023
2023-02-24,NL,88.3238,63.57,2023
2023-02-25,NL,88.1812,63.47,2023
2023-02-26,NL,87.9489,63.3,2023
2023-02-27,NL,87.5171,62.99,2023
2023-02-28,NL,87.1433,62.72,2023
2023-03-01,NL,86.5591,62.3,2023
2023-03-02,NL,86.0426,61.93,2023
2023-03-03,NL,85.5503,61.57,2023
2023-03-04,NL,85.1489,61.28,2023
2023-03-05,NL,82.9111,59.67,2023
2023-03-06,NL,83.9826,60.44,2023
2023-03-07,NL,83.4066,60.03,2023
2023-03-08,NL,82.8047,59.6,2023
2023-03-09,NL,82.4025,59.31,2023
2023-03-10,NL,82.0406,59.05,2023
2023-03-11,NL,81.8414,58.9,2023
2023-03-12,NL,81.8245,58.89,2023
2023-03-13,NL,82.0027,59.02,2023
2023-03-14,NL,81.9441,58.98,2023
2023-03-15,NL,81.5444,58.69,2023
2023-03-16,NL,81.3307,58.54,2023
2023-03-17,NL,81.4112,58.59,2023
2023-03-18,NL,81.5421,58.69,2023
2023-03-19,NL,81.6381,58.76,2023
2023-03-20,NL,81.5191,58.67,2023
2023-03-21,NL,81.422,58.6,2023
2023-03-22,NL,81.4554,58.63,2023
2023-03-23,NL,81.5181,58.67,2023
2023-03-24,NL,81.6673,58.78,2023
2023-03-25,NL,81.8184,58.89,2023
2023-03-26,NL,81.9095,58.95,2023
2023-03-27,NL,81.8042,58.88,2023
2023-03-28,NL,81.6508,58.77,2023
2023-03-29,NL,81.6121,58.74,2023
2023-03-30,NL,81.896,58.94,2023
2023-03-31,NL,82.1782,59.15,2023
2023-04-01,NL,82.377,58.24,2023
2023-04-02,NL,82.4643,58.3,2023
2023-04-03,NL,82.5981,58.4,2023
2023-04-04,NL,82.7143,58.48,2023
2023-04-05,NL,82.8515,58.58,2023
2023-04-06,NL,82.8892,58.6,2023
2023-04-07,NL,83.0052,58.69,2023
2023-04-08,NL,83.2219,58.84,2023
2023-04-09,NL,83.5201,59.05,2023
2023-04-10,NL,83.82,59.26,2023
2023-04-11,NL,84.0599,59.43,2023
2023-04-12,NL,84.1305,59.48,2023
2023-04-13,NL,84.0799,59.45,2023
2023-04-14,NL,84.1825,59.52,2023
2023-04-15,NL,84.4484,59.71,2023
2023-04-16,NL,84.6644,59.86,2023
2023-04-17,NL,84.8262,59.97,2023
2023-04-18,NL,84.9234,60.04,2023
2023-04-19,NL,85.0062,60.1,2023
2023-04-20,NL,85.0112,60.1,2023
2023-04-21,NL,85.2571,60.28,2023
2023-04-22,NL,85.5051,60.45,2023
2023-04-23,NL,85.8061,60.67,2023
2023-04-24,NL,85.9398,60.76,2023
2023-04-25,NL,85.9456,60.76,2023
2023-04-26,NL,85.8567,60.7,2023
2023-04-27,NL,86.0166,60.81,2023
2023-04-28,NL,86.212,60.95,2023
2023-04-29,NL,86.5608,61.2,2023
2023-04-30,NL,86.9474,61.47,2023
2023-05-01,NL,87.329,61.31,2023
2023-05-02,NL,87.5126,61.44,2023
2023-05-03,NL,87.7148,61.58,2023
2023-05-04,NL,88.0279,61.8,2023
2023-05-05,NL,88.3935,62.06,2023
2023-05-06,NL,88.744,62.3,2023
2023-05-07,NL,89.0715,62.53,2023
2023-05-08,NL,89.3747,62.75,2023
2023-05-09,NL,89.6395,62.93,2023
2023-05-10,NL,89.9085,63.12,2023
2023-05-11,NL,90.1555,63.29,2023
2023-05-12,NL,90.5697,63.58,2023
2023-05-13,NL,91.0306,63.91,2023
2023-05-14,NL,91.4575,64.21,2023
2023-05-15,NL,91.7521,64.41,2023
2023-05-16,NL,92.0261,64.61,2023
2023-05-17,NL,92.3874,64.86,2023
2023-05-18,NL,92.8311,65.17,2023
2023-05-19,NL,93.3205,65.52,2023
2023-05-20,NL,93.8286,65.87,2023
2023-05-21,NL,94.2946,66.2,2023
2023-05-22,NL,94.6721,66.46,2023
2023-05-23,NL,95.0153,66.7,2023
2023-05-24,NL,95.2036,66.84,2023
2023-05-25,NL,95.4981,67.04,2023
2023-05-26,NL,95.8597,67.3,2023
2023-05-27,NL,96.2376,67.56,2023
2023-05-28,NL,96.6709,67.87,2023
2023-05-29,NL,97.1108,68.18,2023
2023-05-30,NL,97.3109,68.32,2023
2023-05-31,NL,97.594,68.52,2023
2023-06-01,NL,98.0087,68.81,2023
2023-06-02,NL,98.4558,69.12,2023
2023-06-03,NL,98.9197,69.45,2023
2023-06-04,NL,99.4194,69.8,2023
2023-06-05,NL,99.7463,70.03,2023
2023-06-06,NL,100.144,70.31,2023
2023-06-07,NL,100.599,70.62,2023
2023-06-08,NL,101.1296,71.0,2023
2023-06-09,NL,101.7038,71.4,2023
2023-06-10,NL,102.221,71.76,2023
2023-06-11,NL,102.724,72.12,2023
2023-06-12,NL,103.2219,72.47,2023
2023-06-13,NL,103.7452,72.83,2023
2023-06-14,NL,104.2078,73.16,2023
2023-06-15,NL,104.66,73.48,2023
2023-06-16,NL,105.2422,73.88,2023
2023-06-17,NL,105.7923,74.27,2023
2023-06-18,NL,106.3815,74.68,2023
2023-06-19,NL,106.895,75.04,2023
2023-06-20,NL,107.3185,75.34,2023
2023-06-21,NL,107.7279,75.63,2023
2023-06-22,NL,108.1518,75.93,2023
2023-06-23,NL,108.6591,76.28,2023
2023-06-24,NL,109.1809,76.65,2023
2023-06-25,NL,109.6373,76.97,2023
2023-06-26,NL,110.1043,77.3,2023
2023-06-27,NL,110.5922,77.64,2023
2023-06-28,NL,111.0919,77.99,2023
2023-06-29,NL,111.5673,78.33,2023
2023-06-30,NL,112.1457,78.75,2023
2023-07-01,NL,112.6396,79.1,2023
2023-07-02,NL,113.1404,79.45,2023
2023-07-03,NL,113.5901,79.76,2023
2023-07-04,NL,113.9813,80.04,2023
2023-07-05,NL,114.4362,80.36,2023
2023-07-06,NL,114.853,80.65,2023
2023-07-07,NL,115.3157,80.97,2023
2023-07-08,NL,115.8418,81.34,2023
2023-07-09,NL,116.3474,81.7,2023
2023-07-10,NL,116.7105,81.95,2023
2023-07-11,NL,117.1378,82.25,2023
2023-07-12,NL,117.6081,82.58,2023
2023-07-13,NL,118.0541,82.9,2023
2023-07-14,NL,118.5613,83.25,2023
2023-07-15,NL,119.1163,83.64,2023
2023-07-16,NL,119.6712,84.03,2023
2023-07-17,NL,120.2184,84.42,2023
2023-07-18,NL,120.6263,84.7,2023
2023-07-19,NL,120.9895,84.96,2023
2023-07-20,NL,121.4039,85.25,2023
2023-07-21,NL,121.8986,85.6,2023
2023-07-22,NL,122.4016,85.95,2023
2023-07-23,NL,122.9792,86.36,2023
2023-07-24,NL,123.4517,86.69,2023
2023-07-25,NL,123.8071,86.94,2023
2023-07-26,NL,124.1586,87.18,2023
2023-07-27,NL,124.501,87.42,2023
2023-07-28,NL,124.8392,87.66,2023
2023-07-29,NL,125.3491,88.02,2023
2023-07-30,NL,125.8654,88.38,2023
2023-07-31,NL,126.3305,88.71,2023
2023-08-01,NL,126.7941,89.04,2023
2023-08-02,NL,127.1892,89.31,2023
2023-08-03,NL,127.5685,89.58,2023
2023-08-04,NL,127.7968,89.74,2023
2023-08-05,NL,128.1583,89.99,2023
2023-08-06,NL,128.615,90.31,2023
2023-08-07,NL,129.0352,90.61,2023
2023-08-08,NL,129.4833,90.92,2023
2023-08-09,NL,129.8491,91.18,2023
2023-08-10,NL,130.2081,91.43,2023
2023-08-11,NL,130.5788,91.69,2023
2023-08-12,NL,131.0323,92.01,2023
2023-08-13,NL,131.4545,92.31,2023
2023-08-14,NL,131.8335,92.57,2023
2023-08-15,NL,132.0965,92.76,2023
2023-08-16,NL,132.3358,92.93,2023
2023-08-17,NL,132.597,93.11,2023
2023-08-18,NL,132.9541,93.36,2023
2023-08-19,NL,133.1379,93.49,2023
2023-08-20,NL,133.3,93.6,2023
2023-08-21,NL,133.5166,93.76,2023
2023-08-22,NL,133.7116,93.89,2023
2023-08-23,NL,133.8693,94.0,2023
2023-08-24,NL,134.031,94.12,2023
2023-08-25,NL,134.2218,94.25,2023
2023-08-26,NL,134.3954,94.37,2023
2023-08-27,NL,134.611,94.52,2023
2023-08-28,NL,134.6149,94.53,2023
2023-08-29,NL,134.6049,94.52,2023
2023-08-30,NL,134.6548,94.55,2023
2023-08-31,NL,134.7554,94.63,2023
2023-09-01,NL,134.8774,94.71,2023
2023-09-02,NL,135.0264,94.82,2023
2023-09-03,NL,135.2193,94.95,2023
2023-09-04,NL,135.3151,95.02,2023
2023-09-05,NL,135.4029,95.08,2023
2023-09-06,NL,135.4152,95.09,2023
2023-09-07,NL,135.4308,95.1,2023
2023-09-08,NL,135.4428,95.11,2023
2023-09-09,NL,135.49,95.14,2023
2023-09-10,NL,135.5631,95.19,2023
2023-09-11,NL,135.6055,95.22,2023
2023-09-12,NL,135.6148,95.23,2023
2023-09-13,NL,135.686,95.28,2023
2023-09-14,NL,135.7454,95.32,2023
2023-09-15,NL,135.8196,95.37,2023
2023-09-16,NL,135.9557,95.47,2023
2023-09-17,NL,136.1179,95.58,2023
2023-09-18,NL,136.2741,95.69,2023
2023-09-19,NL,136.3904,95.77,2023
2023-09-20,NL,136.4619,95.82,2023
2023-09-21,NL,136.5064,95.86,2023
2023-09-22,NL,136.5422,95.88,2023
2023-09-23,NL,136.5921,95.92,2023
2023-09-24,NL,136.6681,95.97,2023
2023-09-25,NL,136.6776,95.98,2023
2023-09-26,NL,136.6983,95.99,2023
2023-09-27,NL,136.7714,96.04,2023
2023-09-28,NL,136.8236,96.08,2023
2023-09-29,NL,136.9217,96.15,2023
2023-09-30,NL,137.1538,96.31,2023
2023-10-01,NL,137.1355,96.3,2024
2023-10-02,NL,137.1495,96.31,2024
2023-10-03,NL,137.1937,96.34,2024
2023-10-04,NL,137.2466,96.37,2024
2023-10-05,NL,137.2645,96.39,2024
2023-10-06,NL,137.3669,96.46,2024
2023-10-07,NL,137.5362,96.58,2024
2023-10-08,NL,137.6837,96.68,2024
2023-10-09,NL,137.8263,96.78,2024
2023-10-10,NL,138.1232,96.91,2024
2023-10-11,NL,138.3785,97.09,2024
2023-10-12,NL,138.5742,97.23,2024
2023-10-13,NL,138.8666,97.43,2024
2023-10-14,NL,139.1622,97.64,2024
2023-10-15,NL,139.3398,97.76,2024
2023-10-16,NL,139.2788,97.72,2024
2023-10-17,NL,139.204,97.67,2024
2023-10-18,NL,139.179,97.65,2024
2023-10-19,NL,139.344,97.77,2024
2023-10-20,NL,139.6733,98.0,2024
2023-10-21,NL,140.1289,98.32,2024
2023-10-22,NL,140.4732,98.56,2024
2023-10-23,NL,140.6022,98.65,2024
2023-10-24,NL,140.754,98.75,2024
2023-10-25,NL,140.7887,98.78,2024
2023-10-26,NL,140.7984,98.79,2024
2023-10-27,NL,140.9471,98.89,2024
2023-10-28,NL,141.1963,99.06,2024
2023-10-29,NL,141.4779,99.26,2024
2023-10-30,NL,141.5596,99.32,2024
2023-10-31,NL,141.683,99.41,2024
2023-11-01,NL,141.9887,99.62,2024
2023-11-02,NL,142.1172,99.71,2024
2023-11-03,NL,142.1005,99.7,2024
2023-11-04,NL,142.121,99.71,2024
2023-11-05,NL,142.2126,99.78,2024
2023-11-06,NL,142.2651,99.81,2024
2023-11-07,NL,142.2706,99.82,2024
2023-11-08,NL,142.2132,99.78,2024
2023-11-09,NL,142.1684,99.75,2024
2023-11-10,NL,142.0744,99.68,2024
2023-11-11,NL,142.0478,99.66,2024
2023-11-12,NL,141.9943,99.62,2024
2023-11-13,NL,141.8893,99.55,2024
2023-11-14,NL,141.8753,99.54,2024
2023-11-15,NL,141.7491,99.45,2024
2023-11-16,NL,141.3109,99.15,2024
2023-11-17,NL,140.8931,98.85,2024
2023-11-18,NL,140.6832,98.7,2024
2023-11-19,NL,140.6645,98.69,2024
2023-11-20,NL,140.4673,98.55,2024
2023-11-21,NL,140.125,98.31,2024
2023-11-22,NL,139.6976,98.01,2024
2023-11-23,NL,139.4087,97.81,2024
2023-11-24,NL,138.9327,97.48,2024
2023-11-25,NL,138.2634,97.01,2024
2023-11-26,NL,137.5995,96.54,2024
2023-11-27,NL,136.825,96.0,2024
2023-11-28,NL,136.0281,95.44,2024
2023-11-29,NL,135.2693,94.91,2024
2023-11-30,NL,134.5239,94.38,2024
2023-12-01,NL,133.5082,93.67,2024
2023-12-02,NL,132.4206,92.91,2024
2023-12-03,NL,131.4786,92.25,2024
2023-12-04,NL,130.4225,91.51,2024
2023-12-05,NL,129.4398,90.82,2024
2023-12-06,NL,128.3998,90.09,2024
2023-12-07,NL,127.3352,89.34,2024
2023-12-08,NL,126.4428,88.71,2024
2023-12-09,NL,125.8694,88.31,2024
2023-12-10,NL,125.4177,87.99,2024
2023-12-11,NL,124.7524,87.53,2024
2023-12-12,NL,124.0623,87.04,2024
2023-12-13,NL,123.3643,86.55,2024
2023-12-14,NL,122.5454,85.98,2024
2023-12-15,NL,121.9277,85.55,2024
2023-12-16,NL,121.4701,85.22,2024
2023-12-17,NL,121.01,84.9,2024
2023-12-18,NL,120.3713,84.45,2024
2023-12-19,NL,119.7982,84.05,2024
2023-12-20,NL,119.5068,83.85,2024
2023-12-21,NL,119.2857,83.69,2024
2023-12-22,NL,118.9965,83.49,2024
2023-12-23,NL,118.6647,83.26,2024
2023-12-24,NL,118.4624,83.11,2024
2023-12-25,NL,118.2584,82.97,2024
2023-12-26,NL,117.9383,82.75,2024
2023-12-27,NL,117.6011,82.51,2024
2023-12-28,NL,117.4905,82.43,2024
2023-12-29,NL,117.3057,82.3,2024
2023-12-30,NL,117.049,82.12,2024
2023-12-31,NL,116.7652,81.92,2024
2024-01-01,NL,116.4076,81.67,2024
2024-01-02,NL,115.958,81.36,2024
2024-01-03,NL,115.5857,81.1,2024
2024-01-04,NL,114.9993,80.68,2024
2024-01-05,NL,114.4565,80.3,2024
2024-01-06,NL,113.8312,79.87,2024
2024-01-07,NL,113.0287,79.3,2024
2024-01-08,NL,111.9109,78.52,2024
2024-01-09,NL,110.8118,77.75,2024
2024-01-10,NL,109.6505,76.93,2024
2024-01-11,NL,108.6194,76.21,2024
2024-01-12,NL,107.7108,75.57,2024
2024-01-13,NL,106.9083,75.01,2024
2024-01-14,NL,106.0971,74.44,2024
2024-01-15,NL,105.0678,73.72,2024
2024-01-16,NL,104.0701,73.02,2024
2024-01-17,NL,103.0124,72.27,2024
2024-01-18,NL,102.1136,71.64,2024
2024-01-19,NL,101.0965,70.93,2024
2024-01-20,NL,100.1865,70.29,2024
2024-01-21,NL,99.3793,69.73,2024
2024-01-22,NL,98.7373,69.28,2024
2024-01-23,NL,98.1711,68.88,2024
2024-01-24,NL,97.7104,68.55,2024
2024-01-25,NL,97.1282,68.15,2024
2024-01-26,NL,96.5164,67.72,2024
2024-01-27,NL,95.805,67.22,2024
2024-01-28,NL,95.0747,66.71,2024
2024-01-29,NL,94.329,66.18,2024
2024-01-30,NL,93.648,65.7,2024
2024-01-31,NL,93.0738,65.3,2024
2024-02-01,NL,92.4237,64.85,2024
2024-02-02,NL,91.6828,64.33,2024
2024-02-03,NL,91.1305,63.94,2024
2024-02-04,NL,90.5485,63.53,2024
2024-02-05,NL,89.9102,63.08,2024
2024-02-06,NL,89.3251,62.67,2024
2024-02-07,NL,88.5248,62.11,2024
2024-02-08,NL,87.722,61.55,2024
2024-02-09,NL,87.2182,61.19,2024
2024-02-10,NL,86.8089,60.91,2024
2024-02-11,NL,86.3808,60.61,2024
2024-02-12,NL,85.8761,60.25,2024
2024-02-13,NL,85.3914,59.91,2024
2024-02-14,NL,85.0362,59.66,2024
2024-02-15,NL,84.6814,59.41,2024
2024-02-16,NL,84.3117,59.15,2024
2024-02-17,NL,84.0472,58.97,2024
2024-02-18,NL,83.7716,58.78,2024
2024-02-19,NL,83.3799,58.5,2024
2024-02-20,NL,83.098,58.3,2024
2024-02-21,NL,82.907,58.17,2024
2024-02-22,NL,82.7897,58.09,2024
2024-02-23,NL,82.55,57.92,2024
2024-02-24,NL,82.2045,57.68,2024
2024-02-25,NL,81.8976,57.46,2024
2024-02-26,NL,81.4901,57.17,2024
2024-02-27,NL,80.9696,56.81,2024
2024-02-28,NL,80.7514,56.66,2024
2024-02-29,NL,80.4293,56.43,2024
2024-03-01,NL,80.3281,56.36,2024
2024-03-02,NL,80.0652,56.17,2024
2024-03-03,NL,79.82,56.0,2024
2024-03-04,NL,79.385,55.7,2024
2024-03-05,NL,79.1663,55.54,2024
2024-03-06,NL,78.6812,55.2,2024
2024-03-07,NL,78.2234,54.88,2024
2024-03-08,NL,78.091,54.79,2024
2024-03-09,NL,78.0728,54.78,2024
2024-03-10,NL,78.0106,54.73,2024
2024-03-11,NL,77.7832,54.57,2024
2024-03-12,NL,77.5659,54.42,2024
2024-03-13,NL,77.3812,54.29,2024
2024-03-14,NL,77.3736,54.29,2024
2024-03-15,NL,77.3223,54.25,2024
2024-03-16,NL,77.2639,54.21,2024
2024-03-17,NL,77.2246,54.18,2024
2024-03-18,NL,77.1732,54.15,2024
2024-03-19,NL,77.1481,54.13,2024
2024-03-20,NL,77.0904,54.09,2024
2024-03-21,NL,77.0335,54.05,2024
2024-03-22,NL,76.9641,54.0,2024
2024-03-23,NL,76.958,53.99,2024
2024-03-24,NL,76.8716,53.93,2024
2024-03-25,NL,76.7328,53.84,2024
2024-03-26,NL,76.6139,53.75,2024
2024-03-27,NL,76.5207,53.69,2024
2024-03-28,NL,76.3893,53.6,2024
2024-03-29,NL,76.2284,53.48,2024
2024-03-30,NL,76.1347,53.42,2024
2024-03-31,NL,76.1223,53.41,2024
2024-04-01,NL,76.1556,52.88,2024
2024-04-02,NL,76.1204,52.85,2024
2024-04-03,NL,76.1062,52.84,2024
2024-04-04,NL,76.1403,52.86,2024
2024-04-05,NL,76.3162,52.99,2024
2024-04-06,NL,76.6637,53.23,2024
2024-04-07,NL,77.001,53.46,2024
2024-04-08,NL,77.1415,53.56,2024
2024-04-09,NL,77.3265,53.69,2024
2024-04-10,NL,77.4888,53.8,2024
2024-04-11,NL,77.6263,53.9,2024
2024-04-12,NL,77.9249,54.1,2024
2024-04-13,NL,78.3742,54.42,2024
2024-04-14,NL,78.6724,54.62,2024
2024-04-15,NL,78.865,54.76,2024
2024-04-16,NL,78.9695,54.83,2024
2024-04-17,NL,78.9503,54.82,2024
2024-04-18,NL,78.9518,54.82,2024
2024-04-19,NL,78.9769,54.83,2024
2024-04-20,NL,79.0074,54.86,2024
2024-04-21,NL,78.983,54.84,2024
2024-04-22,NL,78.7137,54.65,2024
2024-04-23,NL,78.5012,54.5,2024
2024-04-24,NL,78.3573,54.4,2024
2024-04-25,NL,78.1714,54.27,2024
2024-04-26,NL,78.1142,54.23,2024
2024-04-27,NL,78.2316,54.32,2024
2024-04-28,NL,78.4635,54.48,2024
2024-04-29,NL,78.6064,54.58,2024
2024-04-30,NL,78.8591,54.75,2024
2024-05-01,NL,79.4031,55.13,2024
2024-05-02,NL,79.9652,55.52,2024
2024-05-03,NL,80.4676,55.87,2024
2024-05-04,NL,80.9942,56.23,2024
2024-05-05,NL,81.4971,56.58,2024
2024-05-06,NL,81.6709,56.7,2024
2024-05-07,NL,81.8614,56.84,2024
2024-05-08,NL,82.0796,56.99,2024
2024-05-09,NL,82.6361,57.37,2024
2024-05-10,NL,82.9406,57.59,2024
2024-05-11,NL,83.5168,57.99,2024
2024-05-12,NL,84.1144,58.4,2024
2024-05-13,NL,84.647,58.77,2024
2024-05-14,NL,85.2204,59.17,2024
2024-05-15,NL,85.6377,59.46,2024
2024-05-16,NL,85.9348,59.66,2024
2024-05-17,NL,86.2836,59.91,2024
2024-05-18,NL,86.6631,60.17,2024
2024-05-19,NL,87.1093,60.48,2024
2024-05-20,NL,87.462,60.73,2024
2024-05-21,NL,87.6486,60.85,2024
2024-05-22,NL,88.0478,61.13,2024
2024-05-23,NL,88.3842,61.37,2024
2024-05-24,NL,88.8007,61.65,2024
2024-05-25,NL,89.2585,61.97,2024
2024-05-26,NL,89.7849,62.34,2024
2024-05-27,NL,90.1923,62.62,2024
2024-05-28,NL,90.6401,62.93,2024
2024-05-29,NL,91.0615,63.22,2024
2024-05-30,NL,91.4778,63.51,2024
2024-05-31,NL,91.9746,63.86,2024
2024-06-01,NL,92.2546,64.05,2024
2024-06-02,NL,92.5426,64.25,2024
2024-06-03,NL,92.6878,64.35,2024
2024-06-04,NL,92.9218,64.52,2024
2024-06-05,NL,93.1739,64.69,2024
2024-06-06,NL,93.3929,64.84,2024
2024-06-07,NL,93.651,65.02,2024
2024-06-08,NL,94.0289,65.28,2024
2024-06-09,NL,94.3227,65.49,2024
2024-06-10,NL,94.5192,65.63,2024
2024-06-11,NL,94.6968,65.75,2024
2024-06-12,NL,94.9426,65.92,2024
2024-06-13,NL,95.1502,66.06,2024
2024-06-14,NL,95.4446,66.27,2024
2024-06-15,NL,95.7477,66.48,2024
2024-06-16,NL,96.0584,66.69,2024
2024-06-17,NL,96.2579,66.83,2024
2024-06-18,NL,96.4466,66.96,2024
2024-06-19,NL,96.6487,67.1,2024
2024-06-20,NL,96.7884,67.2,2024
2024-06-21,NL,96.8988,67.28,2024
2024-06-22,NL,97.0807,67.4,2024
2024-06-23,NL,97.2895,67.55,2024
2024-06-24,NL,97.4642,67.67,2024
2024-06-25,NL,97.6126,67.77,2024
2024-06-26,NL,97.7843,67.89,2024
2024-06-27,NL,97.9688,68.02,2024
2024-06-28,NL,98.1262,68.13,2024
2024-06-29,NL,98.3703,68.3,2024
2024-06-30,NL,98.6367,68.48,2024
2024-07-01,NL,99.0647,68.78,2024
2024-07-02,NL,99.4404,69.04,2024
2024-07-03,NL,99.7858,69.28,2024
2024-07-04,NL,100.2323,69.59,2024
2024-07-05,NL,100.6477,69.88,2024
2024-07-06,NL,101.2143,70.27,2024
2024-07-07,NL,101.7374,70.64,2024
2024-07-08,NL,102.2243,70.97,2024
2024-07-09,NL,102.7694,71.35,2024
2024-07-10,NL,103.287,71.71,2024
2024-07-11,NL,103.7849,72.06,2024
2024-07-12,NL,104.2914,72.41,2024
2024-07-13,NL,104.8994,72.83,2024
2024-07-14,NL,105.5101,73.26,2024
2024-07-15,NL,106.1045,73.67,2024
2024-07-16,NL,106.6515,74.05,2024
2024-07-17,NL,107.2104,74.44,2024
2024-07-18,NL,107.7152,74.79,2024
2024-07-19,NL,108.2686,75.17,2024
2024-07-20,NL,108.8778,75.59,2024
2024-07-21,NL,109.5045,76.03,2024
2024-07-22,NL,110.1409,76.47,2024
2024-07-23,NL,110.74,76.89,2024
2024-07-24,NL,111.3261,77.29,2024
2024-07-25,NL,111.9169,77.7,2024
2024-07-26,NL,112.5296,78.13,2024
2024-07-27,NL,113.1592,78.57,2024
2024-07-28,NL,113.8342,79.04,2024
2024-07-29,NL,114.4632,79.47,2024
2024-07-30,NL,115.0056,79.85,2024
2024-07-31,NL,115.5635,80.24,2024
2024-08-01,NL,116.0749,80.59,2024
2024-08-02,NL,116.5625,80.93,2024
2024-08-03,NL,117.0973,81.3,2024
2024-08-04,NL,117.6804,81.71,2024
2024-08-05,NL,118.1354,82.02,2024
2024-08-06,NL,118.5634,82.32,2024
2024-08-07,NL,119.0024,82.62,2024
2024-08-08,NL,119.4523,82.94,2024
2024-08-09,NL,119.9508,83.28,2024
2024-08-10,NL,120.4435,83.62,2024
2024-08-11,NL,120.9342,83.97,2024
2024-08-12,NL,121.4134,84.3,2024
2024-08-13,NL,121.8465,84.6,2024
2024-08-14,NL,122.2958,84.91,2024
2024-08-15,NL,122.9147,85.34,2024
2024-08-16,NL,123.4479,85.71,2024
2024-08-17,NL,124.101,86.16,2024
2024-08-18,NL,124.7753,86.63,2024
2024-08-19,NL,125.2673,86.97,2024
2024-08-20,NL,125.6894,87.27,2024
2024-08-21,NL,126.0605,87.52,2024
2024-08-22,NL,126.4667,87.81,2024
2024-08-23,NL,126.9126,88.12,2024
2024-08-24,NL,127.4087,88.46,2024
2024-08-25,NL,127.945,88.83,2024
2024-08-26,NL,128.283,89.07,2024
2024-08-27,NL,128.6973,89.36,2024
2024-08-28,NL,129.0579,89.61,2024
2024-08-29,NL,129.3714,89.82,2024
2024-08-30,NL,129.6995,90.05,2024
2024-08-31,NL,130.1079,90.33,2024
2024-09-01,NL,130.3981,90.54,2024
2024-09-02,NL,130.5523,90.64,2024
2024-09-03,NL,130.625,90.69,2024
2024-09-04,NL,130.6779,90.73,2024
2024-09-05,NL,130.7989,90.81,2024
2024-09-06,NL,130.895,90.88,2024
2024-09-07,NL,131.0581,90.99,2024
2024-09-08,NL,131.286,91.15,2024
2024-09-09,NL,131.4438,91.26,2024
2024-09-10,NL,131.5992,91.37,2024
2024-09-11,NL,131.7039,91.44,2024
2024-09-12,NL,131.6263,91.39,2024
2024-09-13,NL,131.5653,91.35,2024
2024-09-14,NL,131.5854,91.36,2024
2024-09-15,NL,131.6303,91.39,2024
2024-09-16,NL,131.6433,91.4,2024
2024-09-17,NL,131.7645,91.48,2024
2024-09-18,NL,131.9424,91.61,2024
2024-09-19,NL,132.0313,91.67,2024
2024-09-20,NL,132.1647,91.76,2024
2024-09-21,NL,132.3142,91.87,2024
2024-09-22,NL,132.4411,91.95,2024
2024-09-23,NL,132.4023,91.93,2024
2024-09-24,NL,132.337,91.88,2024
2024-09-25,NL,132.4631,91.97,2024
2024-09-26,NL,132.5693,92.04,2024
2024-09-27,NL,132.6986,92.13,2024
2024-09-28,NL,132.9426,92.3,2024
2024-09-29,NL,133.2636,92.53,2024
2024-09-30,NL,133.4171,92.63,2024
2024-10-01,NL,133.3638,92.6,2025
2024-10-02,NL,133.2706,92.53,2025
2024-10-03,NL,133.2446,92.51,2025
2024-10-04,NL,133.2917,92.54,2025
2024-10-05,NL,133.3107,92.56,2025
2024-10-06,NL,133.374,92.6,2025
2024-10-07,NL,133.2563,92.52,2025
2024-10-08,NL,133.1389,92.44,2025
2024-10-09,NL,132.9965,92.34,2025
2024-10-10,NL,132.8422,92.23,2025
2024-10-11,NL,132.616,92.08,2025
2024-10-12,NL,132.5474,92.03,2025
2024-10-13,NL,132.4367,91.95,2025
2024-10-14,NL,131.9733,91.63,2025
2024-10-15,NL,131.7177,91.45,2025
2024-10-16,NL,131.5848,91.36,2025
2024-10-17,NL,131.4459,91.26,2025
2024-10-18,NL,131.3226,91.18,2025
2024-10-19,NL,131.2724,91.14,2025
2024-10-20,NL,131.2427,91.12,2025
2024-10-21,NL,131.0052,90.96,2025
2024-10-22,NL,130.7202,90.76,2025
2024-10-23,NL,130.3205,90.48,2025
2024-10-24,NL,130.0066,90.26,2025
2024-10-25,NL,129.652,90.02,2025
2024-10-26,NL,129.5538,89.95,2025
2024-10-27,NL,129.4055,89.85,2025
2024-10-28,NL,129.1794,89.69,2025
2024-10-29,NL,128.9013,89.5,2025
2024-10-30,NL,128.6199,89.3,2025
2024-10-31,NL,128.3024,89.08,2025
2024-11-01,NL,128.0108,88.88,2025
2024-11-02,NL,127.7669,88.71,2025
2024-11-03,NL,127.4223,88.47,2025
2024-11-04,NL,126.7243,87.99,2025
2024-11-05,NL,126.0048,87.49,2025
2024-11-06,NL,125.1683,86.9,2025
2024-11-07,NL,124.2465,86.26,2025
2024-11-08,NL,123.424,85.69,2025
2024-11-09,NL,122.6243,85.14,2025
2024-11-10,NL,121.8739,84.62,2025
2024-11-11,NL,121.1549,84.12,2025
2024-11-12,NL,120.1956,83.45,2025
2024-11-13,NL,119.2519,82.8,2025
2024-11-14,NL,118.3978,82.2,2025
2024-11-15,NL,117.5307,81.6,2025
2024-11-16,NL,116.8287,81.11,2025
2024-11-17,NL,116.0705,80.59,2025
2024-11-18,NL,115.118,79.93,2025
2024-11-19,NL,114.1254,79.24,2025
2024-11-20,NL,113.1793,78.58,2025
2024-11-21,NL,112.0895,77.82,2025
2024-11-22,NL,111.189,77.2,2025
2024-11-23,NL,110.456,76.69,2025
2024-11-24,NL,109.9963,76.37,2025
2024-11-25,NL,109.4534,75.99,2025
2024-11-26,NL,108.754,75.51,2025
2024-11-27,NL,107.9827,74.97,2025
2024-11-28,NL,107.0614,74.33,2025
2024-11-29,NL,106.1922,73.73,2025
2024-11-30,NL,105.3281,73.13,2025
2024-12-01,NL,104.6529,72.66,2025
2024-12-02,NL,103.9691,72.19,2025
2024-12-03,NL,103.0845,71.57,2025
2024-12-04,NL,102.1192,70.9,2025
2024-12-05,NL,101.3379,70.36,2025
2024-12-06,NL,100.5397,69.81,2025
2024-12-07,NL,99.9733,69.41,2025
2024-12-08,NL,99.3328,68.97,2025
2024-12-09,NL,98.421,68.33,2025
2024-12-10,NL,97.2972,67.55,2025
2024-12-11,NL,96.15,66.76,2025
2024-12-12,NL,95.0283,65.98,2025
2024-12-13,NL,93.9495,65.23,2025
2024-12-14,NL,93.1719,64.69,2025
2024-12-15,NL,92.5861,64.28,2025
2024-12-16,NL,91.98,63.86,2025
2024-12-17,NL,91.2244,63.34,2025
2024-12-18,NL,90.7614,63.02,2025
2024-12-19,NL,90.2478,62.66,2025
2024-12-20,NL,89.6381,62.24,2025
2024-12-21,NL,89.1274,61.88,2025
2024-12-22,NL,88.5446,61.48,2025
2024-12-23,NL,87.8017,60.96,2025
2024-12-24,NL,87.0263,60.42,2025
2024-12-25,NL,86.4827,60.05,2025
2024-12-26,NL,85.7987,59.57,2025
2024-12-27,NL,84.8983,58.95,2025
2024-12-28,NL,83.9427,58.28,2025
2024-12-29,NL,83.1169,57.71,2025
2024-12-30,NL,82.3165,57.15,2025
2024-12-31,NL,81.4396,56.54,2025
2025-01-01,NL,80.9143,56.18,2025
2025-01-02,NL,80.2346,55.71,2025
2025-01-03,NL,79.4333,55.15,2025
2025-01-04,NL,78.4937,54.5,2025
2025-01-05,NL,77.7337,53.97,2025
2025-01-06,NL,77.0671,53.51,2025
2025-01-07,NL,76.2609,52.95,2025
2025-01-08,NL,75.2229,52.23,2025
2025-01-09,NL,74.176,51.5,2025
2025-01-10,NL,73.2203,50.84,2025
2025-01-11,NL,72.2402,50.16,2025
2025-01-12,NL,71.4056,49.58,2025
2025-01-13,NL,70.4935,48.94,2025
2025-01-14,NL,69.5037,48.26,2025
2025-01-15,NL,68.515,47.57,2025
2025-01-16,NL,67.3937,46.79,2025
2025-01-17,NL,66.2674,46.01,2025
2025-01-18,NL,65.2165,45.28,2025
2025-01-19,NL,64.1699,44.55,2025
2025-01-20,NL,63.1166,43.82,2025
2025-01-21,NL,61.7981,42.91,2025
2025-01-22,NL,60.7425,42.17,2025
2025-01-23,NL,59.901,41.59,2025
2025-01-24,NL,59.0803,41.02,2025
2025-01-25,NL,58.3423,40.51,2025
2025-01-26,NL,57.5623,39.97,2025
2025-01-27,NL,56.9061,39.51,2025
2025-01-28,NL,56.3634,39.13,2025
2025-01-29,NL,55.6936,38.67,2025
2025-01-30,NL,54.8879,38.11,2025
2025-01-31,NL,53.9275,37.44,2025
2025-02-01,NL,53.2754,36.99,2025
2025-02-02,NL,52.5346,36.47,2025
2025-02-03,NL,51.7081,35.9,2025
2025-02-04,NL,50.9003,35.34,2025
2025-02-05,NL,50.1536,34.82,2025
2025-02-06,NL,49.5361,34.39,2025
2025-02-07,NL,49.02,34.03,2025
2025-02-08,NL,48.5244,33.69,2025
2025-02-09,NL,48.0772,33.38,2025
2025-02-10,NL,47.4861,32.97,2025
2025-02-11,NL,46.7339,32.45,2025
2025-02-12,NL,45.9915,31.93,2025
2025-02-13,NL,45.1996,31.38,2025
2025-02-14,NL,44.4964,30.89,2025
2025-02-15,NL,43.9747,30.53,2025
2025-02-16,NL,43.5004,30.2,2025
2025-02-17,NL,42.9002,29.79,2025
2025-02-18,NL,42.1965,29.3,2025
2025-02-19,NL,41.6511,28.92,2025
2025-02-20,NL,41.1716,28.59,2025
2025-02-21,NL,40.9284,28.42,2025
2025-02-22,NL,40.6994,28.26,2025
2025-02-23,NL,40.5412,28.15,2025
2025-02-24,NL,40.2372,27.94,2025
2025-02-25,NL,39.7719,27.61,2025
2025-02-26,NL,39.3622,27.33,2025
2025-02-27,NL,38.7898,26.93,2025
2025-02-28,NL,38.3256,26.61,2025
2025-03-01,NL,37.8455,26.28,2025
2025-03-02,NL,37.5122,26.04,2025
2025-03-03,NL,37.1311,25.78,2025
2025-03-04,NL,36.7141,25.49,2025
2025-03-05,NL,36.4174,25.28,2025
2025-03-06,NL,36.1395,25.09,2025
2025-03-07,NL,35.8513,24.89,2025
2025-03-08,NL,35.7904,24.85,2025
2025-03-09,NL,35.7029,24.79,2025
2025-03-10,NL,35.4443,24.61,2025
2025-03-11,NL,34.9024,24.23,2025
2025-03-12,NL,34.3895,23.88,2025
2025-03-13,NL,33.7963,23.46,2025
2025-03-14,NL,33.2831,23.11,2025
2025-03-15,NL,32.9137,22.85,2025
2025-03-16,NL,32.5644,22.61,2025
2025-03-17,NL,32.1265,22.31,2025
2025-03-18,NL,31.8685,22.13,2025
2025-03-19,NL,31.574,21.92,2025
2025-03-20,NL,31.2992,21.73,2025
2025-03-21,NL,31.3214,21.75,2025
2025-03-22,NL,31.3619,21.77,2025
2025-03-23,NL,31.2471,21.69,2025
2025-03-24,NL,31.0154,21.53,2025
2025-03-25,NL,30.7456,21.35,2025
2025-03-26,NL,30.4377,21.13,2025
2025-03-27,NL,30.3251,21.05,2025
2025-03-28,NL,30.2674,21.01,2025
2025-03-29,NL,30.3484,21.07,2025
2025-03-30,NL,30.4559,21.15,2025
2025-03-31,NL,30.3866,21.1,2025
2025-04-01,NL,30.3076,21.01,2025
2025-04-02,NL,30.5188,21.16,2025
2025-04-03,NL,30.6718,21.26,2025
2025-04-04,NL,30.9575,21.46,2025
2025-04-05,NL,31.2832,21.69,2025
2025-04-06,NL,31.5221,21.85,2025
2025-04-07,NL,31.6142,21.92,2025
2025-04-08,NL,31.724,21.99,2025
2025-04-09,NL,31.8897,22.11,2025
2025-04-10,NL,32.0469,22.22,2025
2025-04-11,NL,32.2375,22.35,2025
2025-04-12,NL,32.5981,22.6,2025
2025-04-13,NL,32.9759,22.86,2025
2025-04-14,NL,33.212,23.03,2025
2025-04-15,NL,33.4421,23.19,2025
2025-04-16,NL,33.5345,23.25,2025
2025-04-17,NL,33.6499,23.33,2025
2025-04-18,NL,33.7745,23.42,2025
2025-04-19,NL,34.0019,23.57,2025
2025-04-20,NL,34.2302,23.73,2025
2025-04-21,NL,34.4248,23.87,2025
2025-04-22,NL,34.5994,23.99,2025
2025-04-23,NL,34.7606,24.1,2025
2025-04-24,NL,34.8821,24.18,2025
2025-04-25,NL,35.0129,24.27,2025
2025-04-26,NL,35.2914,24.47,2025
2025-04-27,NL,35.5648,24.66,2025
2025-04-28,NL,35.7845,24.81,2025
2025-04-29,NL,36.0689,25.01,2025
2025-04-30,NL,36.4191,25.25,2025
2025-05-01,NL,36.8635,25.56,2025
2025-05-02,NL,37.3052,25.86,2025
2025-05-03,NL,37.889,26.27,2025
2025-05-04,NL,38.3945,26.62,2025
2025-05-05,NL,38.7887,26.89,2025
2025-05-06,NL,39.1348,27.13,2025
2025-05-07,NL,39.3957,27.31,2025
2025-05-08,NL,39.6252,27.47,2025
2025-05-09,NL,40.0787,27.79,2025
2025-05-10,NL,40.6265,28.17,2025
2025-05-11,NL,41.2218,28.58,2025
2025-05-12,NL,41.6855,28.9,2025
2025-05-13,NL,42.1774,29.24,2025
2025-05-14,NL,42.8072,29.68,2025
2025-05-15,NL,43.3602,30.06,2025
2025-05-16,NL,43.878,30.42,2025
2025-05-17,NL,44.4943,30.85,2025
2025-05-18,NL,45.0248,31.22,2025
2025-05-19,NL,45.5609,31.59,2025
2025-05-20,NL,46.0044,31.9,2025
2025-05-21,NL,46.3436,32.13,2025
2025-05-22,NL,46.6748,32.36,2025
2025-05-23,NL,47.1621,32.7,2025
2025-05-24,NL,47.7346,33.09,2025
2025-05-25,NL,48.3747,33.54,2025
2025-05-26,NL,48.9109,33.91,2025
2025-05-27,NL,49.4666,34.3,2025
2025-05-28,NL,50.0081,34.67,2025
2025-05-29,NL,50.6661,35.13,2025
2025-05-30,NL,51.2223,35.51,2025
2025-05-31,NL,51.9604,36.02,2025
2025-06-01,NL,52.6495,36.5,2025
2025-06-02,NL,53.157,36.85,2025
2025-06-03,NL,53.7328,37.25,2025
2025-06-04,NL,54.2678,37.62,2025
2025-06-05,NL,54.8041,38.0,2025
2025-06-06,NL,55.3688,38.39,2025
2025-06-07,NL,55.9672,38.8,2025
2025-06-08,NL,56.6167,39.25,2025
2025-06-09,NL,57.2567,39.7,2025
2025-06-10,NL,57.7262,40.02,2025
2025-06-11,NL,58.2613,40.39,2025
2025-06-12,NL,58.8091,40.77,2025
2025-06-13,NL,59.3831,41.17,2025
2025-06-14,NL,59.9769,41.58,2025
2025-06-15,NL,60.5885,42.01,2025
2025-06-16,NL,61.1865,42.42,2025
2025-06-17,NL,61.7392,42.8,2025
2025-06-18,NL,62.3587,43.23,2025
2025-06-19,NL,62.9762,43.66,2025
2025-06-20,NL,63.5967,44.09,2025
2025-06-21,NL,64.1105,44.45,2025
2025-06-22,NL,64.6021,44.79,2025
2025-06-23,NL,65.1898,45.2,2025
2025-06-24,NL,65.6981,45.55,2025
2025-06-25,NL,66.2694,45.94,2025
2025-06-26,NL,66.8812,46.37,2025
2025-06-27,NL,67.4962,46.8,2025
2025-06-28,NL,68.2,47.28,2025
2025-06-29,NL,68.8035,47.7,2025
2025-06-30,NL,69.2094,47.98,2025
2025-07-01,NL,69.487,48.18,2025
2025-07-02,NL,69.8761,48.45,2025
2025-07-03,NL,70.2442,48.7,2025
2025-07-04,NL,70.7176,49.03,2025
2025-07-05,NL,71.171,49.34,2025
2025-07-06,NL,71.5757,49.62,2025
2025-07-07,NL,71.9812,49.9,2025
2025-07-08,NL,72.4212,50.21,2025
2025-07-09,NL,72.8956,50.54,2025
2025-07-10,NL,73.4154,50.9,2025
2025-07-11,NL,73.9469,51.27,2025
2025-07-12,NL,74.3641,51.56,2025
2025-07-13,NL,74.8555,51.9,2025
2025-07-14,NL,75.3389,52.23,2025
2025-07-15,NL,75.8407,52.58,2025
2025-07-16,NL,76.2953,52.9,2025
2025-07-17,NL,76.695,53.17,2025
2025-07-18,NL,77.1427,53.48,2025
2025-07-19,NL,77.6331,53.82,2025
2025-07-20,NL,78.1521,54.18,2025
2025-07-21,NL,78.6142,54.5,2025
2025-07-22,NL,79.2199,54.92,2025
2025-07-23,NL,79.6593,55.23,2025
2025-07-24,NL,80.1259,55.55,2025
2025-07-25,NL,80.6238,55.9,2025
2025-07-26,NL,81.1448,56.26,2025
2025-07-27,NL,81.6769,56.63,2025
2025-07-28,NL,82.2016,56.99,2025
2025-07-29,NL,82.703,57.34,2025
2025-07-30,NL,83.137,57.64,2025
2025-07-31,NL,83.5408,57.92,2025
2025-08-01,NL,83.953,58.21,2025
2025-08-02,NL,84.3296,58.47,2025
2025-08-03,NL,84.7174,58.74,2025
2025-08-04,NL,85.1183,59.01,2025
2025-08-05,NL,85.4393,59.24,2025
2025-08-06,NL,85.7053,59.42,2025
2025-08-07,NL,86.0406,59.65,2025
2025-08-08,NL,86.4637,59.95,2025
2025-08-09,NL,86.896,60.25,2025
2025-08-10,NL,87.323,60.54,2025
2025-08-11,NL,87.701,60.8,2025
2025-08-12,NL,87.9477,60.97,2025
2025-08-13,NL,88.1721,61.13,2025
2025-08-14,NL,88.3863,61.28,2025
2025-08-15,NL,88.7435,61.53,2025
2025-08-16,NL,89.186,61.83,2025
2025-08-17,NL,89.5773,62.1,2025
2025-08-18,NL,89.8897,62.32,2025
2025-08-19,NL,90.2129,62.54,2025
2025-08-20,NL,90.558,62.78,2025
2025-08-21,NL,90.8686,63.0,2025
2025-08-22,NL,91.1875,63.22,2025
2025-08-23,NL,91.5412,63.47,2025
2025-08-24,NL,91.8895,63.71,2025
2025-08-25,NL,92.1827,63.91,2025
2025-08-26,NL,92.4371,64.09,2025
2025-08-27,NL,92.58,64.19,2025
2025-08-28,NL,92.6324,64.22,2025
2025-08-29,NL,92.8963,64.41,2025
2025-08-30,NL,93.2261,64.63,2025
2025-08-31,NL,93.5053,64.83,2025
2025-09-01,NL,93.9706,65.15,2025
2025-09-02,NL,94.3953,65.44,2025
2025-09-03,NL,94.9106,65.8,2025
2025-09-04,NL,95.2274,66.02,2025
2025-09-05,NL,95.6367,66.31,2025
2025-09-06,NL,96.0208,66.57,2025
2025-09-07,NL,96.4187,66.85,2025
2025-09-08,NL,96.6613,67.02,2025
2025-09-09,NL,96.7742,67.09,2025
2025-09-10,NL,96.9118,67.19,2025
2025-09-11,NL,97.1078,67.33,2025
2025-09-12,NL,97.2578,67.43,2025
2025-09-13,NL,97.6798,67.72,2025
2025-09-14,NL,98.1272,68.03,2025
2025-09-15,NL,98.6485,68.39,2025
2025-09-16,NL,98.9479,68.6,2025
2025-09-17,NL,99.2542,68.81,2025
2025-09-18,NL,99.48,68.97,2025
2025-09-19,NL,99.6335,69.08,2025
2025-09-20,NL,99.8373,69.22,2025
2025-09-21,NL,100.043,69.36,2025
2025-09-22,NL,100.1486,69.43,2025
2025-09-23,NL,100.2706,69.52,2025
2025-09-24,NL,100.3996,69.61,2025
2025-09-25,NL,100.5151,69.69,2025
2025-09-26,NL,100.6866,69.81,2025
2025-09-27,NL,100.9326,69.98,2025
2025-09-28,NL,101.1268,70.11,2025
2025-09-29,NL,101.3352,70.26,2025
2025-09-30,NL,101.6547,70.48,2025
2025-10-01,NL,101.8947,70.64,2026
2025-10-02,NL,101.9511,70.68,2026
2025-10-03,NL,102.3725,70.98,2026
2025-10-04,NL,102.65,71.17,2026
2025-10-05,NL,102.9069,71.4,2026
2025-10-06,NL,103.0287,71.49,2026
2025-10-07,NL,103.1224,71.55,2026
2025-10-08,NL,103.0771,71.52,2026
2025-10-09,NL,102.9761,71.45,2026
2025-10-10,NL,103.1419,71.57,2026
2025-10-11,NL,103.427,71.76,2026
2025-10-12,NL,103.6754,71.94,2026
2025-10-13,NL,103.6632,71.93,2026
2025-10-14,NL,103.5356,71.84,2026
2025-10-15,NL,103.4105,71.75,2026
2025-10-16,NL,103.3485,71.71,2026
2025-10-17,NL,103.1746,71.5,2026
2025-10-18,NL,103.2889,71.58,2026
2025-10-19,NL,103.4258,71.68,2026
2025-10-20,NL,103.5615,71.77,2026
2025-10-21,NL,103.8144,71.95,2026
2025-10-22,NL,103.9408,72.03,2026
2025-10-23,NL,104.241,72.24,2026
2025-10-24,NL,104.494,72.42,2026
2025-10-25,NL,104.5377,72.45,2026
2025-10-26,NL,104.5419,72.45,2026
2025-10-27,NL,104.6349,72.51,2026
2025-10-28,NL,104.7185,72.57,2026
2025-10-29,NL,104.7674,72.61,2026
2025-10-30,NL,105.0537,72.8,2026
2025-10-31,NL,105.2722,72.96,2026
2025-11-01,NL,105.3698,73.02,2026
2025-11-02,NL,105.4119,73.05,2026
2025-11-03,NL,105.4195,73.06,2026
2025-11-04,NL,105.5198,73.13,2026
2025-11-05,NL,105.5417,73.14,2026
2025-11-06,NL,105.4602,73.09,2026
2025-11-07,NL,105.3635,73.02,2026
2025-11-08,NL,105.0738,72.82,2026
2025-11-09,NL,104.9077,72.7,2026
2025-11-10,NL,104.6278,72.51,2026
2025-11-11,NL,104.483,72.41,2026
2025-11-12,NL,104.4855,72.41,2026
2025-11-13,NL,104.4075,72.36,2026
2025-11-14,NL,104.3602,72.32,2026
2025-11-15,NL,104.2212,72.23,2026
2025-11-16,NL,104.0168,72.09,2026
2025-11-17,NL,103.4447,71.69,2026
2025-11-18,NL,102.6906,71.17,2026
2025-11-19,NL,101.8238,70.57,2026
2025-11-20,NL,100.973,69.98,2026
2025-11-21,NL,100.1371,69.4,2026
2025-11-22,NL,99.4255,68.9,2026
2025-11-23,NL,98.6266,68.35,2026
2025-11-24,NL,97.7856,67.77,2026
2025-11-25,NL,96.9726,67.2,2026
2025-11-26,NL,96.4122,66.82,2026
2025-11-27,NL,95.7038,66.32,2026
2025-11-28,NL,95.0688,65.88,2026
2025-11-29,NL,94.5579,65.53,2026
2025-11-30,NL,93.9913,65.14,2026
2025-12-01,NL,93.1604,64.56,2026
2025-12-02,NL,92.2061,63.9,2026
2025-12-03,NL,91.2019,63.2,2026
2025-12-04,NL,90.1879,62.5,2026
2025-12-05,NL,89.1424,61.78,2026
2025-12-06,NL,88.5576,61.37,2026
2025-12-07,NL,88.0395,61.01,2026
2025-12-08,NL,87.4921,60.63,2026
2025-12-09,NL,86.9749,60.28,2026
2025-12-10,NL,86.4558,59.92,2026
2025-12-11,NL,85.6804,59.38,2026
2025-12-12,NL,84.8792,58.82,2026
2025-12-13,NL,84.1869,58.34,2026
2025-12-14,NL,83.6019,57.94,2026
2025-12-15,NL,82.8628,57.43,2026
2025-12-16,NL,81.7987,56.69,2026
2025-12-17,NL,81.1299,56.22,2026
2025-12-18,NL,80.6261,55.88,2026
2025-12-19,NL,80.0648,55.49,2026
2025-12-20,NL,79.235,54.91,2026
2025-12-21,NL,78.6756,54.52,2026
2025-12-22,NL,77.9454,54.02,2026
2025-12-23,NL,77.24,53.53,2026
2025-12-24,NL,76.4417,52.98,2026
2025-12-25,NL,75.4184,52.27,2026
2025-12-26,NL,74.4505,51.6,2026
2025-12-27,NL,73.6347,51.03,2026
2025-12-28,NL,72.8333,50.47,2026
2025-12-29,NL,71.9404,49.86,2026
2025-12-30,NL,71.029,49.22,2026
2025-12-31,NL,70.1945,48.65,2026
2026-01-01,NL,69.4391,48.12,2026
2026-01-02,NL,68.4942,47.47,2026
2026-01-03,NL,67.5394,46.81,2026
2026-01-04,NL,66.4416,46.05,2026
2026-01-05,NL,65.2743,45.24,2026
2026-01-06,NL,64.1945,44.49,2026
2026-01-07,NL,63.0608,43.7,2026
2026-01-08,NL,61.8442,42.86,2026
2026-01-09,NL,60.7016,42.07,2026
2026-01-10,NL,59.4501,41.2,2026
2026-01-11,NL,58.2425,40.36,2026
2026-01-12,NL,57.1166,39.58,2026
2026-01-13,NL,56.1129,38.89,2026
2026-01-14,NL,55.0965,38.18,2026
2026-01-15,NL,54.0975,37.49,2026
2026-01-16,NL,53.0959,36.8,2026
2026-01-17,NL,52.1597,36.15,2026
2026-01-18,NL,51.1135,35.42,2026
2026-01-19,NL,49.8524,34.55,2026
2026-01-20,NL,48.6667,33.73,2026
2026-01-21,NL,47.6167,33.0,2026
2026-01-22,NL,46.541,32.25,2026
2026-01-23,NL,45.4456,31.49,2026
2026-01-24,NL,44.3891,30.76,2026
2026-01-25,NL,43.2203,29.95,2026
2026-01-26,NL,41.9855,29.1,2026
2026-01-27,NL,40.8873,28.34,2026
2026-01-28,NL,39.6703,27.49,2026
2026-01-29,NL,38.4544,26.65,2026
2026-01-30,NL,37.4216,25.93,2026
2026-01-31,NL,36.4855,25.29,2026
2026-02-01,NL,35.6032,24.67,2026
2026-02-02,NL,34.6103,23.99,2026
2026-02-03,NL,33.4009,23.15,2026
2026-02-04,NL,32.3126,22.39,2026
2026-02-05,NL,31.1169,21.56,2026
2026-02-06,NL,30.0971,20.86,2026
2026-02-07,NL,29.2869,20.3,2026
2026-02-08,NL,28.3398,19.64,2026
2026-02-09,NL,27.2201,18.86,2026
2026-02-10,NL,26.2398,18.18,2026
2026-02-11,NL,25.4538,17.64,2026
2026-02-12,NL,24.5883,17.04,2026
